Date,Platform,Campaign,Cost,Impressions,Clicks,Conversions,Conversion value
2025-01-01,Google Ads,Brand search,12.84,188,34,0,56.41
2025-01-01,Google Ads,Generic protein search,60.69,1304,60,0,0.0
2025-01-01,Google Ads,"Shopping, all products",64.22,7836,93,4,60.75
2025-01-01,Meta Ads,"Prospecting, new customers",122.95,14929,160,1,36.16
2025-01-01,Meta Ads,"Retargeting, site visitors",18.77,1486,32,1,75.11
2025-01-02,Google Ads,Brand search,13.38,198,37,7,152.18
2025-01-02,Google Ads,Generic protein search,57.7,1234,57,1,23.98
2025-01-02,Google Ads,"Shopping, all products",63.19,6930,85,3,84.58
2025-01-02,Meta Ads,"Prospecting, new customers",116.07,13169,153,2,113.41
2025-01-02,Meta Ads,"Retargeting, site visitors",17.52,1883,36,0,76.26
2025-01-03,Google Ads,Brand search,11.42,157,29,2,78.32
2025-01-03,Google Ads,Generic protein search,64.09,1794,71,1,18.75
2025-01-03,Google Ads,"Shopping, all products",60.29,7786,86,1,172.16
2025-01-03,Meta Ads,"Prospecting, new customers",129.95,14218,158,3,133.78
2025-01-03,Meta Ads,"Retargeting, site visitors",17.43,1688,36,3,74.18
2025-01-04,Google Ads,Brand search,12.19,209,39,2,28.84
2025-01-04,Google Ads,Generic protein search,54.83,1429,56,1,127.26
2025-01-04,Google Ads,"Shopping, all products",57.21,7544,93,3,171.44
2025-01-04,Meta Ads,"Prospecting, new customers",102.36,11702,137,5,58.85
2025-01-04,Meta Ads,"Retargeting, site visitors",17.81,1535,30,2,86.61
2025-01-05,Google Ads,Brand search,11.49,177,33,3,121.06
2025-01-05,Google Ads,Generic protein search,56.58,1090,52,6,45.09
2025-01-05,Google Ads,"Shopping, all products",51.16,7662,85,2,93.75
2025-01-05,Meta Ads,"Prospecting, new customers",110.61,14711,155,5,113.13
2025-01-05,Meta Ads,"Retargeting, site visitors",17.37,1282,28,2,80.0
2025-01-06,Google Ads,Brand search,11.9,191,32,6,219.79
2025-01-06,Google Ads,Generic protein search,63.61,1256,57,1,46.53
2025-01-06,Google Ads,"Shopping, all products",55.99,6275,81,7,174.61
2025-01-06,Meta Ads,"Prospecting, new customers",104.03,12485,139,1,60.07
2025-01-06,Meta Ads,"Retargeting, site visitors",18.7,1446,32,0,0.0
2025-01-07,Google Ads,Brand search,10.79,159,31,4,37.42
2025-01-07,Google Ads,Generic protein search,61.86,1359,63,1,25.47
2025-01-07,Google Ads,"Shopping, all products",63.48,7095,87,7,137.56
2025-01-07,Meta Ads,"Prospecting, new customers",106.55,14076,158,6,220.79
2025-01-07,Meta Ads,"Retargeting, site visitors",18.8,1650,36,3,96.31
2025-01-08,Google Ads,Brand search,12.57,197,36,8,318.26
2025-01-08,Google Ads,Generic protein search,55.45,1187,54,2,64.82
2025-01-08,Google Ads,"Shopping, all products",56.04,6788,81,2,26.15
2025-01-08,Meta Ads,"Prospecting, new customers",110.03,13126,143,2,89.5
2025-01-08,Meta Ads,"Retargeting, site visitors",16.25,1694,30,1,76.2
2025-01-09,Google Ads,Brand search,10.98,166,28,6,41.47
2025-01-09,Google Ads,Generic protein search,58.96,1094,48,0,34.52
2025-01-09,Google Ads,"Shopping, all products",57.36,7418,74,3,107.4
2025-01-09,Meta Ads,"Prospecting, new customers",136.47,16455,169,10,256.89
2025-01-09,Meta Ads,"Retargeting, site visitors",18.1,1286,30,0,50.0
2025-01-10,Google Ads,Brand search,12.59,193,35,4,89.1
2025-01-10,Google Ads,Generic protein search,59.0,1155,53,2,125.51
2025-01-10,Google Ads,"Shopping, all products",66.78,7551,91,4,259.85
2025-01-10,Meta Ads,"Prospecting, new customers",106.62,12447,139,4,147.06
2025-01-10,Meta Ads,"Retargeting, site visitors",16.65,1691,32,3,64.2
2025-01-11,Google Ads,Brand search,11.48,181,30,0,0.0
2025-01-11,Google Ads,Generic protein search,58.65,1108,50,3,119.84
2025-01-11,Google Ads,"Shopping, all products",51.08,5771,72,2,94.81
2025-01-11,Meta Ads,"Prospecting, new customers",122.17,12683,149,4,137.1
2025-01-11,Meta Ads,"Retargeting, site visitors",18.94,1448,32,2,67.51
2025-01-12,Google Ads,Brand search,12.81,203,35,4,183.76
2025-01-12,Google Ads,Generic protein search,65.48,1431,65,1,142.94
2025-01-12,Google Ads,"Shopping, all products",59.7,7529,98,1,28.36
2025-01-12,Meta Ads,"Prospecting, new customers",121.19,15395,163,11,210.81
2025-01-12,Meta Ads,"Retargeting, site visitors",19.43,1548,34,0,0.0
2025-01-13,Google Ads,Brand search,12.65,167,32,2,120.36
2025-01-13,Google Ads,Generic protein search,53.8,1143,56,2,61.58
2025-01-13,Google Ads,"Shopping, all products",67.11,7681,94,7,164.94
2025-01-13,Meta Ads,"Prospecting, new customers",117.92,14131,152,5,162.49
2025-01-13,Meta Ads,"Retargeting, site visitors",17.79,1516,33,2,177.53
2025-01-14,Google Ads,Brand search,13.32,241,38,6,248.15
2025-01-14,Google Ads,Generic protein search,59.44,1321,60,1,57.95
2025-01-14,Google Ads,"Shopping, all products",53.55,6382,74,0,16.66
2025-01-14,Meta Ads,"Prospecting, new customers",107.86,11665,128,0,138.89
2025-01-14,Meta Ads,"Retargeting, site visitors",17.37,1277,29,1,40.0
2025-01-15,Google Ads,Brand search,11.75,204,33,1,64.3
2025-01-15,Google Ads,Generic protein search,56.26,1213,55,3,134.13
2025-01-15,Google Ads,"Shopping, all products",70.89,8044,103,5,132.89
2025-01-15,Meta Ads,"Prospecting, new customers",96.99,12870,128,8,204.46
2025-01-15,Meta Ads,"Retargeting, site visitors",16.88,1466,34,0,0.0
2025-01-16,Google Ads,Brand search,10.94,156,29,2,54.29
2025-01-16,Google Ads,Generic protein search,55.6,1104,55,6,150.95
2025-01-16,Google Ads,"Shopping, all products",57.98,7347,81,0,0.0
2025-01-16,Meta Ads,"Prospecting, new customers",112.94,12893,141,1,80.27
2025-01-16,Meta Ads,"Retargeting, site visitors",18.11,1551,32,0,60.98
2025-01-17,Google Ads,Brand search,11.67,171,35,5,155.04
2025-01-17,Google Ads,Generic protein search,56.16,1193,54,1,40.0
2025-01-17,Google Ads,"Shopping, all products",59.36,9467,114,2,78.72
2025-01-17,Meta Ads,"Prospecting, new customers",121.31,13148,143,0,59.96
2025-01-17,Meta Ads,"Retargeting, site visitors",16.41,1331,27,0,47.39
2025-01-18,Google Ads,Brand search,10.88,167,28,3,104.75
2025-01-18,Google Ads,Generic protein search,59.12,1392,57,3,122.73
2025-01-18,Google Ads,"Shopping, all products",50.44,6818,79,2,36.9
2025-01-18,Meta Ads,"Prospecting, new customers",123.61,13579,148,0,31.2
2025-01-18,Meta Ads,"Retargeting, site visitors",18.56,1285,29,1,40.0
2025-01-19,Google Ads,Brand search,11.36,158,30,0,41.07
2025-01-19,Google Ads,Generic protein search,50.69,1058,50,0,92.52
2025-01-19,Google Ads,"Shopping, all products",62.36,7250,84,0,0.0
2025-01-19,Meta Ads,"Prospecting, new customers",102.38,12833,137,3,177.11
2025-01-19,Meta Ads,"Retargeting, site visitors",16.94,1453,30,1,118.8
2025-01-20,Google Ads,Brand search,12.37,204,36,4,133.11
2025-01-20,Google Ads,Generic protein search,72.35,1801,71,2,142.9
2025-01-20,Google Ads,"Shopping, all products",63.64,7298,84,1,26.86
2025-01-20,Meta Ads,"Prospecting, new customers",118.64,14314,155,3,228.93
2025-01-20,Meta Ads,"Retargeting, site visitors",19.26,1637,33,0,31.34
2025-01-21,Google Ads,Brand search,11.65,183,34,4,75.93
2025-01-21,Google Ads,Generic protein search,53.21,1156,55,0,69.08
2025-01-21,Google Ads,"Shopping, all products",62.63,6152,81,4,137.33
2025-01-21,Meta Ads,"Prospecting, new customers",118.35,13848,131,1,66.38
2025-01-21,Meta Ads,"Retargeting, site visitors",19.22,1506,34,1,40.0
2025-01-22,Google Ads,Brand search,12.12,203,38,1,61.13
2025-01-22,Google Ads,Generic protein search,60.68,1231,56,0,0.0
2025-01-22,Google Ads,"Shopping, all products",63.78,8582,94,6,205.16
2025-01-22,Meta Ads,"Prospecting, new customers",104.75,14333,148,0,107.82
2025-01-22,Meta Ads,"Retargeting, site visitors",17.86,1803,37,1,40.0
2025-01-23,Google Ads,Brand search,12.17,191,33,4,210.97
2025-01-23,Google Ads,Generic protein search,62.06,1206,55,1,33.49
2025-01-23,Google Ads,"Shopping, all products",66.1,7887,94,3,40.28
2025-01-23,Meta Ads,"Prospecting, new customers",103.9,12859,141,0,0.0
2025-01-23,Meta Ads,"Retargeting, site visitors",19.19,1764,36,3,185.18
2025-01-24,Google Ads,Brand search,13.08,191,38,4,158.22
2025-01-24,Google Ads,Generic protein search,59.13,1173,50,0,26.79
2025-01-24,Google Ads,"Shopping, all products",58.07,7227,88,1,48.25
2025-01-24,Meta Ads,"Prospecting, new customers",111.01,12709,138,0,26.82
2025-01-24,Meta Ads,"Retargeting, site visitors",19.48,1625,32,2,77.45
2025-01-25,Google Ads,Brand search,11.68,196,33,0,0.0
2025-01-25,Google Ads,Generic protein search,51.48,1043,46,0,97.81
2025-01-25,Google Ads,"Shopping, all products",59.7,7199,95,3,50.56
2025-01-25,Meta Ads,"Prospecting, new customers",118.11,13597,141,9,161.96
2025-01-25,Meta Ads,"Retargeting, site visitors",18.8,1538,33,3,120.0
2025-01-26,Google Ads,Brand search,13.25,181,33,2,61.24
2025-01-26,Google Ads,Generic protein search,51.69,1116,47,0,0.0
2025-01-26,Google Ads,"Shopping, all products",74.54,9316,106,3,52.63
2025-01-26,Meta Ads,"Prospecting, new customers",107.37,11946,148,1,21.09
2025-01-26,Meta Ads,"Retargeting, site visitors",18.5,1601,33,2,10.82
2025-01-27,Google Ads,Brand search,13.17,213,39,8,257.91
2025-01-27,Google Ads,Generic protein search,63.92,1270,60,0,0.0
2025-01-27,Google Ads,"Shopping, all products",52.25,7162,90,5,109.81
2025-01-27,Meta Ads,"Prospecting, new customers",120.04,15242,162,1,108.94
2025-01-27,Meta Ads,"Retargeting, site visitors",20.08,1409,31,0,0.0
2025-01-28,Google Ads,Brand search,12.73,194,36,0,63.2
2025-01-28,Google Ads,Generic protein search,70.45,1470,67,5,224.57
2025-01-28,Google Ads,"Shopping, all products",58.03,7001,84,0,41.27
2025-01-28,Meta Ads,"Prospecting, new customers",115.93,13901,169,1,85.26
2025-01-28,Meta Ads,"Retargeting, site visitors",18.92,1899,38,0,0.0
2025-01-29,Google Ads,Brand search,11.14,169,31,1,47.64
2025-01-29,Google Ads,Generic protein search,69.83,1491,66,3,153.62
2025-01-29,Google Ads,"Shopping, all products",55.34,6605,76,3,220.87
2025-01-29,Meta Ads,"Prospecting, new customers",107.18,15034,148,2,78.6
2025-01-29,Meta Ads,"Retargeting, site visitors",19.26,1436,33,0,0.0
2025-01-30,Google Ads,Brand search,10.99,172,30,1,31.6
2025-01-30,Google Ads,Generic protein search,64.7,1432,57,0,0.0
2025-01-30,Google Ads,"Shopping, all products",62.85,7109,93,0,19.48
2025-01-30,Meta Ads,"Prospecting, new customers",114.68,14040,159,3,143.27
2025-01-30,Meta Ads,"Retargeting, site visitors",19.88,1703,34,1,63.95
2025-01-31,Google Ads,Brand search,14.27,206,42,3,145.17
2025-01-31,Google Ads,Generic protein search,64.77,1311,62,1,113.72
2025-01-31,Google Ads,"Shopping, all products",54.78,7649,80,0,34.93
2025-01-31,Meta Ads,"Prospecting, new customers",104.69,10595,137,6,265.89
2025-01-31,Meta Ads,"Retargeting, site visitors",15.93,1226,27,1,40.0
2025-02-01,Google Ads,Brand search,11.58,242,39,3,91.88
2025-02-01,Google Ads,Generic protein search,45.49,1086,51,0,0.0
2025-02-01,Google Ads,"Shopping, all products",55.61,9135,108,1,96.49
2025-02-01,Meta Ads,"Prospecting, new customers",66.73,10914,103,2,92.67
2025-02-01,Meta Ads,"Retargeting, site visitors",19.68,2204,44,0,0.0
2025-02-02,Google Ads,Brand search,11.71,214,39,0,29.65
2025-02-02,Google Ads,Generic protein search,43.69,1223,55,3,52.51
2025-02-02,Google Ads,"Shopping, all products",62.95,9036,109,2,60.22
2025-02-02,Meta Ads,"Prospecting, new customers",67.9,10693,121,0,116.95
2025-02-02,Meta Ads,"Retargeting, site visitors",18.72,1934,45,5,150.41
2025-02-03,Google Ads,Brand search,10.36,197,36,2,25.51
2025-02-03,Google Ads,Generic protein search,45.34,1104,50,1,40.0
2025-02-03,Google Ads,"Shopping, all products",49.55,7272,95,4,151.95
2025-02-03,Meta Ads,"Prospecting, new customers",73.03,11093,108,3,220.19
2025-02-03,Meta Ads,"Retargeting, site visitors",19.53,1850,45,0,10.35
2025-02-04,Google Ads,Brand search,11.27,198,37,5,172.54
2025-02-04,Google Ads,Generic protein search,44.67,1115,53,0,0.0
2025-02-04,Google Ads,"Shopping, all products",67.52,10148,121,6,67.73
2025-02-04,Meta Ads,"Prospecting, new customers",60.98,9831,101,4,189.88
2025-02-04,Meta Ads,"Retargeting, site visitors",16.11,1812,37,0,0.0
2025-02-05,Google Ads,Brand search,10.62,206,37,2,87.27
2025-02-05,Google Ads,Generic protein search,52.25,1368,59,3,130.07
2025-02-05,Google Ads,"Shopping, all products",60.04,9754,111,8,168.29
2025-02-05,Meta Ads,"Prospecting, new customers",69.0,9261,105,8,172.9
2025-02-05,Meta Ads,"Retargeting, site visitors",18.97,1940,40,2,72.32
2025-02-06,Google Ads,Brand search,9.74,150,28,5,204.08
2025-02-06,Google Ads,Generic protein search,46.0,1400,60,0,129.45
2025-02-06,Google Ads,"Shopping, all products",63.16,10884,121,7,298.73
2025-02-06,Meta Ads,"Prospecting, new customers",68.23,8826,96,0,0.0
2025-02-06,Meta Ads,"Retargeting, site visitors",17.92,2011,39,2,25.75
2025-02-07,Google Ads,Brand search,12.46,234,43,2,59.46
2025-02-07,Google Ads,Generic protein search,44.26,983,48,2,80.0
2025-02-07,Google Ads,"Shopping, all products",59.0,7562,101,4,196.33
2025-02-07,Meta Ads,"Prospecting, new customers",65.54,8787,97,0,68.56
2025-02-07,Meta Ads,"Retargeting, site visitors",19.14,2120,46,2,103.07
2025-02-08,Google Ads,Brand search,13.56,286,51,2,325.45
2025-02-08,Google Ads,Generic protein search,44.3,1092,52,2,34.36
2025-02-08,Google Ads,"Shopping, all products",47.44,8614,97,0,0.0
2025-02-08,Meta Ads,"Prospecting, new customers",71.05,12058,123,2,90.03
2025-02-08,Meta Ads,"Retargeting, site visitors",16.39,1827,37,0,0.0
2025-02-09,Google Ads,Brand search,11.2,202,37,0,54.6
2025-02-09,Google Ads,Generic protein search,45.84,1085,52,0,0.0
2025-02-09,Google Ads,"Shopping, all products",66.36,10313,120,7,317.21
2025-02-09,Meta Ads,"Prospecting, new customers",64.39,10308,118,0,0.0
2025-02-09,Meta Ads,"Retargeting, site visitors",15.67,1685,37,6,77.99
2025-02-10,Google Ads,Brand search,12.31,234,44,4,17.18
2025-02-10,Google Ads,Generic protein search,46.88,1162,55,0,0.0
2025-02-10,Google Ads,"Shopping, all products",55.14,9281,111,6,299.96
2025-02-10,Meta Ads,"Prospecting, new customers",66.13,9602,115,2,62.65
2025-02-10,Meta Ads,"Retargeting, site visitors",16.15,1513,35,1,40.0
2025-02-11,Google Ads,Brand search,11.14,218,39,5,225.0
2025-02-11,Google Ads,Generic protein search,39.03,1066,44,4,82.89
2025-02-11,Google Ads,"Shopping, all products",58.35,9842,112,1,100.79
2025-02-11,Meta Ads,"Prospecting, new customers",65.24,10017,106,1,40.0
2025-02-11,Meta Ads,"Retargeting, site visitors",20.01,1883,42,1,40.0
2025-02-12,Google Ads,Brand search,12.79,250,47,4,299.49
2025-02-12,Google Ads,Generic protein search,49.47,1256,60,1,91.53
2025-02-12,Google Ads,"Shopping, all products",66.22,10002,120,3,127.3
2025-02-12,Meta Ads,"Prospecting, new customers",67.82,9236,99,4,34.35
2025-02-12,Meta Ads,"Retargeting, site visitors",18.05,1741,37,1,25.01
2025-02-13,Google Ads,Brand search,12.32,208,38,1,127.13
2025-02-13,Google Ads,Generic protein search,48.11,1220,53,1,13.61
2025-02-13,Google Ads,"Shopping, all products",59.88,8631,107,2,217.46
2025-02-13,Meta Ads,"Prospecting, new customers",78.54,11461,132,2,42.11
2025-02-13,Meta Ads,"Retargeting, site visitors",19.42,2091,43,0,0.0
2025-02-14,Google Ads,Brand search,13.22,265,45,3,302.61
2025-02-14,Google Ads,Generic protein search,48.84,1116,51,2,59.22
2025-02-14,Google Ads,"Shopping, all products",54.19,8334,98,1,36.12
2025-02-14,Meta Ads,"Prospecting, new customers",79.02,12041,125,5,245.16
2025-02-14,Meta Ads,"Retargeting, site visitors",20.37,1994,43,4,148.85
2025-02-15,Google Ads,Brand search,12.67,227,42,7,265.53
2025-02-15,Google Ads,Generic protein search,43.99,1019,49,2,114.44
2025-02-15,Google Ads,"Shopping, all products",69.95,11640,128,4,215.86
2025-02-15,Meta Ads,"Prospecting, new customers",60.55,9219,100,0,0.0
2025-02-15,Meta Ads,"Retargeting, site visitors",17.96,1757,37,0,104.02
2025-02-16,Google Ads,Brand search,12.16,213,41,3,56.22
2025-02-16,Google Ads,Generic protein search,48.34,1133,58,3,150.12
2025-02-16,Google Ads,"Shopping, all products",64.36,8688,118,0,94.41
2025-02-16,Meta Ads,"Prospecting, new customers",76.52,10473,118,0,0.0
2025-02-16,Meta Ads,"Retargeting, site visitors",17.04,2057,46,4,171.91
2025-02-17,Google Ads,Brand search,13.55,281,45,1,161.44
2025-02-17,Google Ads,Generic protein search,51.56,1080,50,2,28.64
2025-02-17,Google Ads,"Shopping, all products",62.09,8512,101,5,189.68
2025-02-17,Meta Ads,"Prospecting, new customers",65.3,10901,102,0,0.0
2025-02-17,Meta Ads,"Retargeting, site visitors",17.99,2117,41,2,84.22
2025-02-18,Google Ads,Brand search,11.66,192,37,1,42.82
2025-02-18,Google Ads,Generic protein search,44.35,1230,56,0,27.95
2025-02-18,Google Ads,"Shopping, all products",61.97,10434,126,3,224.52
2025-02-18,Meta Ads,"Prospecting, new customers",74.5,12361,126,3,146.36
2025-02-18,Meta Ads,"Retargeting, site visitors",18.81,1725,41,1,133.08
2025-02-19,Google Ads,Brand search,12.47,285,48,4,87.69
2025-02-19,Google Ads,Generic protein search,42.21,1048,52,2,26.12
2025-02-19,Google Ads,"Shopping, all products",69.71,9756,124,5,204.34
2025-02-19,Meta Ads,"Prospecting, new customers",73.45,10305,106,2,105.61
2025-02-19,Meta Ads,"Retargeting, site visitors",16.77,2082,42,5,251.87
2025-02-20,Google Ads,Brand search,12.48,244,42,0,0.0
2025-02-20,Google Ads,Generic protein search,44.87,1349,59,2,146.35
2025-02-20,Google Ads,"Shopping, all products",52.77,8467,98,0,43.34
2025-02-20,Meta Ads,"Prospecting, new customers",66.99,10756,111,2,188.65
2025-02-20,Meta Ads,"Retargeting, site visitors",18.39,1932,43,0,113.26
2025-02-21,Google Ads,Brand search,11.86,301,52,6,297.05
2025-02-21,Google Ads,Generic protein search,42.64,1180,51,0,0.0
2025-02-21,Google Ads,"Shopping, all products",54.44,7229,93,7,100.2
2025-02-21,Meta Ads,"Prospecting, new customers",69.9,11043,122,6,304.93
2025-02-21,Meta Ads,"Retargeting, site visitors",17.68,1776,38,5,251.72
2025-02-22,Google Ads,Brand search,12.7,276,47,1,198.96
2025-02-22,Google Ads,Generic protein search,44.64,1170,52,1,90.21
2025-02-22,Google Ads,"Shopping, all products",63.71,9882,105,1,53.42
2025-02-22,Meta Ads,"Prospecting, new customers",75.62,11360,109,4,38.44
2025-02-22,Meta Ads,"Retargeting, site visitors",20.36,2087,48,0,115.54
2025-02-23,Google Ads,Brand search,11.93,239,49,1,145.22
2025-02-23,Google Ads,Generic protein search,48.12,1420,58,0,66.57
2025-02-23,Google Ads,"Shopping, all products",54.6,7792,96,1,40.0
2025-02-23,Meta Ads,"Prospecting, new customers",65.61,10218,106,0,138.27
2025-02-23,Meta Ads,"Retargeting, site visitors",18.82,2021,41,0,0.0
2025-02-24,Google Ads,Brand search,12.05,239,41,1,87.76
2025-02-24,Google Ads,Generic protein search,43.18,1108,52,0,72.24
2025-02-24,Google Ads,"Shopping, all products",55.74,7782,94,2,171.53
2025-02-24,Meta Ads,"Prospecting, new customers",74.79,12308,124,1,40.0
2025-02-24,Meta Ads,"Retargeting, site visitors",19.3,2315,45,1,185.01
2025-02-25,Google Ads,Brand search,12.71,238,43,6,259.44
2025-02-25,Google Ads,Generic protein search,41.32,1001,45,0,7.01
2025-02-25,Google Ads,"Shopping, all products",64.39,9459,122,2,184.33
2025-02-25,Meta Ads,"Prospecting, new customers",80.81,12624,143,1,38.51
2025-02-25,Meta Ads,"Retargeting, site visitors",19.62,2404,44,1,90.91
2025-02-26,Google Ads,Brand search,14.27,281,49,2,118.72
2025-02-26,Google Ads,Generic protein search,46.55,1175,54,3,59.94
2025-02-26,Google Ads,"Shopping, all products",54.59,7867,94,0,64.46
2025-02-26,Meta Ads,"Prospecting, new customers",76.0,14409,136,0,0.0
2025-02-26,Meta Ads,"Retargeting, site visitors",17.8,2281,43,0,0.0
2025-02-27,Google Ads,Brand search,12.28,244,42,5,69.93
2025-02-27,Google Ads,Generic protein search,43.29,900,43,1,19.15
2025-02-27,Google Ads,"Shopping, all products",66.56,10085,111,8,197.66
2025-02-27,Meta Ads,"Prospecting, new customers",69.91,9951,108,3,120.77
2025-02-27,Meta Ads,"Retargeting, site visitors",17.34,1824,35,3,120.0
2025-02-28,Google Ads,Brand search,12.39,257,42,4,402.07
2025-02-28,Google Ads,Generic protein search,53.16,1229,58,0,0.0
2025-02-28,Google Ads,"Shopping, all products",58.45,8428,107,1,90.81
2025-02-28,Meta Ads,"Prospecting, new customers",64.06,9271,106,0,95.44
2025-02-28,Meta Ads,"Retargeting, site visitors",17.68,1977,39,4,177.89
2025-03-01,Google Ads,Brand search,10.98,210,40,6,275.65
2025-03-01,Google Ads,Generic protein search,45.51,1173,52,3,23.84
2025-03-01,Google Ads,"Shopping, all products",53.54,7826,102,3,265.88
2025-03-01,Meta Ads,"Prospecting, new customers",74.72,11332,111,2,198.53
2025-03-01,Meta Ads,"Retargeting, site visitors",17.55,1601,33,0,23.44
2025-03-02,Google Ads,Brand search,9.83,203,35,3,56.89
2025-03-02,Google Ads,Generic protein search,46.35,1444,57,4,50.66
2025-03-02,Google Ads,"Shopping, all products",63.34,9328,116,0,0.0
2025-03-02,Meta Ads,"Prospecting, new customers",75.98,11493,114,5,305.04
2025-03-02,Meta Ads,"Retargeting, site visitors",20.93,2215,43,1,175.36
2025-03-03,Google Ads,Brand search,10.45,180,35,0,27.75
2025-03-03,Google Ads,Generic protein search,52.13,1430,67,5,186.81
2025-03-03,Google Ads,"Shopping, all products",65.08,8498,113,1,144.54
2025-03-03,Meta Ads,"Prospecting, new customers",67.74,10429,113,2,207.04
2025-03-03,Meta Ads,"Retargeting, site visitors",19.94,2092,40,0,0.0
2025-03-04,Google Ads,Brand search,10.53,199,35,2,156.07
2025-03-04,Google Ads,Generic protein search,42.62,1026,47,3,115.43
2025-03-04,Google Ads,"Shopping, all products",54.39,8417,95,6,308.44
2025-03-04,Meta Ads,"Prospecting, new customers",62.35,8630,101,2,10.51
2025-03-04,Meta Ads,"Retargeting, site visitors",17.36,1798,38,2,84.28
2025-03-05,Google Ads,Brand search,12.23,256,43,3,238.94
2025-03-05,Google Ads,Generic protein search,42.94,976,47,1,40.0
2025-03-05,Google Ads,"Shopping, all products",56.68,10424,105,3,142.21
2025-03-05,Meta Ads,"Prospecting, new customers",74.5,11497,122,2,119.88
2025-03-05,Meta Ads,"Retargeting, site visitors",19.75,1885,44,1,22.06
2025-03-06,Google Ads,Brand search,11.92,212,41,2,225.43
2025-03-06,Google Ads,Generic protein search,47.17,1248,54,1,32.84
2025-03-06,Google Ads,"Shopping, all products",63.41,9222,118,0,58.28
2025-03-06,Meta Ads,"Prospecting, new customers",69.84,10090,116,0,119.14
2025-03-06,Meta Ads,"Retargeting, site visitors",19.09,1948,40,0,0.0
2025-03-07,Google Ads,Brand search,12.5,214,42,0,0.0
2025-03-07,Google Ads,Generic protein search,41.09,984,45,0,0.0
2025-03-07,Google Ads,"Shopping, all products",51.49,8860,104,3,115.64
2025-03-07,Meta Ads,"Prospecting, new customers",68.07,9796,104,1,32.35
2025-03-07,Meta Ads,"Retargeting, site visitors",16.46,1617,35,1,14.68
2025-03-08,Google Ads,Brand search,12.12,220,43,1,34.39
2025-03-08,Google Ads,Generic protein search,44.9,1179,56,0,28.54
2025-03-08,Google Ads,"Shopping, all products",52.54,7144,92,1,100.82
2025-03-08,Meta Ads,"Prospecting, new customers",72.27,10456,120,5,99.86
2025-03-08,Meta Ads,"Retargeting, site visitors",17.62,2191,42,3,87.35
2025-03-09,Google Ads,Brand search,13.77,313,52,1,16.25
2025-03-09,Google Ads,Generic protein search,45.87,1290,58,0,56.59
2025-03-09,Google Ads,"Shopping, all products",54.1,9101,105,5,283.52
2025-03-09,Meta Ads,"Prospecting, new customers",73.89,10963,121,0,53.36
2025-03-09,Meta Ads,"Retargeting, site visitors",16.62,1738,38,0,56.43
2025-03-10,Google Ads,Brand search,11.82,207,37,1,66.61
2025-03-10,Google Ads,Generic protein search,45.79,999,47,2,31.65
2025-03-10,Google Ads,"Shopping, all products",59.14,9322,107,2,144.15
2025-03-10,Meta Ads,"Prospecting, new customers",71.73,11271,120,0,0.0
2025-03-10,Meta Ads,"Retargeting, site visitors",18.08,1724,40,5,180.3
2025-03-11,Google Ads,Brand search,11.55,210,41,0,0.0
2025-03-11,Google Ads,Generic protein search,44.88,1087,49,1,161.96
2025-03-11,Google Ads,"Shopping, all products",60.73,9075,106,3,148.23
2025-03-11,Meta Ads,"Prospecting, new customers",75.08,10603,109,4,230.73
2025-03-11,Meta Ads,"Retargeting, site visitors",17.35,1689,36,0,0.0
2025-03-12,Google Ads,Brand search,12.45,233,42,1,24.7
2025-03-12,Google Ads,Generic protein search,41.86,1106,51,0,31.4
2025-03-12,Google Ads,"Shopping, all products",59.93,8525,110,2,330.99
2025-03-12,Meta Ads,"Prospecting, new customers",66.49,11585,122,1,147.69
2025-03-12,Meta Ads,"Retargeting, site visitors",19.2,2030,40,0,0.0
2025-03-13,Google Ads,Brand search,11.2,214,39,3,252.82
2025-03-13,Google Ads,Generic protein search,41.02,1300,55,0,0.0
2025-03-13,Google Ads,"Shopping, all products",53.06,8292,102,6,278.75
2025-03-13,Meta Ads,"Prospecting, new customers",66.96,9565,107,4,228.51
2025-03-13,Meta Ads,"Retargeting, site visitors",18.2,2010,39,1,40.0
2025-03-14,Google Ads,Brand search,10.91,217,40,2,76.96
2025-03-14,Google Ads,Generic protein search,49.61,1079,50,0,0.0
2025-03-14,Google Ads,"Shopping, all products",59.69,9311,109,2,97.09
2025-03-14,Meta Ads,"Prospecting, new customers",72.41,10837,127,2,137.01
2025-03-14,Meta Ads,"Retargeting, site visitors",17.68,1654,36,1,61.64
2025-03-15,Google Ads,Brand search,10.48,225,37,0,159.28
2025-03-15,Google Ads,Generic protein search,40.98,1024,47,5,159.2
2025-03-15,Google Ads,"Shopping, all products",56.97,8170,105,0,0.0
2025-03-15,Meta Ads,"Prospecting, new customers",70.12,10022,117,7,264.96
2025-03-15,Meta Ads,"Retargeting, site visitors",16.9,1787,37,0,40.8
2025-03-16,Google Ads,Brand search,11.54,228,42,0,0.0
2025-03-16,Google Ads,Generic protein search,40.85,1267,55,3,97.7
2025-03-16,Google Ads,"Shopping, all products",55.99,8743,104,4,200.33
2025-03-16,Meta Ads,"Prospecting, new customers",82.27,12290,145,0,32.79
2025-03-16,Meta Ads,"Retargeting, site visitors",17.05,1762,36,0,0.0
2025-03-17,Google Ads,Brand search,12.61,228,44,8,80.15
2025-03-17,Google Ads,Generic protein search,46.73,1176,50,6,170.09
2025-03-17,Google Ads,"Shopping, all products",71.54,10288,114,1,94.26
2025-03-17,Meta Ads,"Prospecting, new customers",70.76,9289,110,3,200.8
2025-03-17,Meta Ads,"Retargeting, site visitors",18.05,1695,37,1,34.48
2025-03-18,Google Ads,Brand search,11.9,238,43,3,209.44
2025-03-18,Google Ads,Generic protein search,46.61,1136,54,1,166.3
2025-03-18,Google Ads,"Shopping, all products",60.61,10375,116,8,170.62
2025-03-18,Meta Ads,"Prospecting, new customers",78.79,10779,119,5,210.51
2025-03-18,Meta Ads,"Retargeting, site visitors",19.88,2186,46,2,32.93
2025-03-19,Google Ads,Brand search,9.97,187,32,1,114.19
2025-03-19,Google Ads,Generic protein search,41.03,887,41,1,40.0
2025-03-19,Google Ads,"Shopping, all products",56.72,8312,103,6,193.82
2025-03-19,Meta Ads,"Prospecting, new customers",64.8,9625,102,1,217.44
2025-03-19,Meta Ads,"Retargeting, site visitors",18.08,1920,42,3,202.77
2025-03-20,Google Ads,Brand search,11.47,209,40,6,311.62
2025-03-20,Google Ads,Generic protein search,46.18,1215,57,3,93.94
2025-03-20,Google Ads,"Shopping, all products",50.41,6710,86,7,112.4
2025-03-20,Meta Ads,"Prospecting, new customers",82.16,11023,125,2,69.17
2025-03-20,Meta Ads,"Retargeting, site visitors",16.72,2058,42,0,92.46
2025-03-21,Google Ads,Brand search,13.4,279,52,1,140.89
2025-03-21,Google Ads,Generic protein search,47.97,1310,61,0,29.25
2025-03-21,Google Ads,"Shopping, all products",65.38,9219,111,2,92.23
2025-03-21,Meta Ads,"Prospecting, new customers",69.58,11141,121,0,94.2
2025-03-21,Meta Ads,"Retargeting, site visitors",16.86,2165,42,2,54.46
2025-03-22,Google Ads,Brand search,10.07,217,38,6,112.56
2025-03-22,Google Ads,Generic protein search,36.43,912,43,1,21.95
2025-03-22,Google Ads,"Shopping, all products",63.58,9481,108,3,266.55
2025-03-22,Meta Ads,"Prospecting, new customers",65.17,11961,129,0,7.3
2025-03-22,Meta Ads,"Retargeting, site visitors",16.24,1561,33,6,139.52
2025-03-23,Google Ads,Brand search,12.67,253,48,2,113.92
2025-03-23,Google Ads,Generic protein search,46.34,1306,56,0,0.0
2025-03-23,Google Ads,"Shopping, all products",67.13,9131,114,4,67.46
2025-03-23,Meta Ads,"Prospecting, new customers",57.1,8955,97,1,21.92
2025-03-23,Meta Ads,"Retargeting, site visitors",15.56,1756,37,2,85.47
2025-03-24,Google Ads,Brand search,12.41,211,39,7,210.44
2025-03-24,Google Ads,Generic protein search,42.0,1072,50,0,11.01
2025-03-24,Google Ads,"Shopping, all products",60.99,8937,107,0,0.0
2025-03-24,Meta Ads,"Prospecting, new customers",70.32,11543,118,1,113.31
2025-03-24,Meta Ads,"Retargeting, site visitors",19.88,1993,41,0,0.0
2025-03-25,Google Ads,Brand search,10.95,217,40,5,252.97
2025-03-25,Google Ads,Generic protein search,45.68,1233,57,0,58.78
2025-03-25,Google Ads,"Shopping, all products",52.19,8620,94,5,191.94
2025-03-25,Meta Ads,"Prospecting, new customers",66.67,7731,89,0,0.0
2025-03-25,Meta Ads,"Retargeting, site visitors",18.88,1852,41,2,134.85
2025-03-26,Google Ads,Brand search,9.81,194,35,0,29.69
2025-03-26,Google Ads,Generic protein search,40.45,1085,47,0,26.92
2025-03-26,Google Ads,"Shopping, all products",58.24,8970,104,6,300.84
2025-03-26,Meta Ads,"Prospecting, new customers",59.46,8681,96,0,0.0
2025-03-26,Meta Ads,"Retargeting, site visitors",20.75,2163,45,1,7.56
2025-03-27,Google Ads,Brand search,12.6,248,43,0,22.19
2025-03-27,Google Ads,Generic protein search,44.95,1282,56,3,92.63
2025-03-27,Google Ads,"Shopping, all products",52.85,8855,105,0,83.59
2025-03-27,Meta Ads,"Prospecting, new customers",68.31,10755,124,0,266.34
2025-03-27,Meta Ads,"Retargeting, site visitors",19.48,1835,40,0,73.44
2025-03-28,Google Ads,Brand search,11.66,234,42,5,90.16
2025-03-28,Google Ads,Generic protein search,43.33,1008,47,5,94.82
2025-03-28,Google Ads,"Shopping, all products",56.8,7994,95,1,26.15
2025-03-28,Meta Ads,"Prospecting, new customers",75.72,11060,128,2,48.03
2025-03-28,Meta Ads,"Retargeting, site visitors",17.47,1666,35,2,202.8
2025-03-29,Google Ads,Brand search,11.27,219,40,4,166.95
2025-03-29,Google Ads,Generic protein search,41.42,1107,54,0,27.57
2025-03-29,Google Ads,"Shopping, all products",63.89,8554,109,6,341.19
2025-03-29,Meta Ads,"Prospecting, new customers",66.37,11988,124,4,275.26
2025-03-29,Meta Ads,"Retargeting, site visitors",16.99,1946,41,1,40.0
2025-03-30,Google Ads,Brand search,12.76,248,45,3,145.77
2025-03-30,Google Ads,Generic protein search,43.73,1119,48,0,0.0
2025-03-30,Google Ads,"Shopping, all products",61.29,8707,113,4,299.64
2025-03-30,Meta Ads,"Prospecting, new customers",68.49,10132,112,0,0.0
2025-03-30,Meta Ads,"Retargeting, site visitors",15.88,1565,33,1,40.0
2025-03-31,Google Ads,Brand search,12.42,268,48,1,124.11
2025-03-31,Google Ads,Generic protein search,41.68,1098,46,2,83.16
2025-03-31,Google Ads,"Shopping, all products",53.21,7913,90,6,152.14
2025-03-31,Meta Ads,"Prospecting, new customers",67.02,9492,107,3,47.13
2025-03-31,Meta Ads,"Retargeting, site visitors",18.29,1738,39,9,161.54
2025-04-01,Google Ads,Brand search,9.97,192,36,1,29.87
2025-04-01,Google Ads,Generic protein search,40.95,1149,57,2,47.92
2025-04-01,Google Ads,"Shopping, all products",67.27,10062,115,4,108.15
2025-04-01,Meta Ads,"Prospecting, new customers",67.41,9648,109,0,57.13
2025-04-01,Meta Ads,"Retargeting, site visitors",18.26,1798,40,1,40.0
2025-04-02,Google Ads,Brand search,12.94,227,44,5,188.97
2025-04-02,Google Ads,Generic protein search,40.1,1054,46,0,110.05
2025-04-02,Google Ads,"Shopping, all products",56.21,8822,104,5,257.52
2025-04-02,Meta Ads,"Prospecting, new customers",69.92,9734,96,0,0.0
2025-04-02,Meta Ads,"Retargeting, site visitors",17.97,2221,41,3,152.92
2025-04-03,Google Ads,Brand search,12.54,243,45,3,149.33
2025-04-03,Google Ads,Generic protein search,42.92,1224,50,5,67.99
2025-04-03,Google Ads,"Shopping, all products",48.09,6894,85,5,166.22
2025-04-03,Meta Ads,"Prospecting, new customers",63.09,9105,104,0,0.0
2025-04-03,Meta Ads,"Retargeting, site visitors",16.4,1687,36,2,80.0
2025-04-04,Google Ads,Brand search,13.45,284,45,5,178.23
2025-04-04,Google Ads,Generic protein search,47.7,1165,57,0,27.23
2025-04-04,Google Ads,"Shopping, all products",57.17,9540,112,6,181.11
2025-04-04,Meta Ads,"Prospecting, new customers",78.6,11836,136,4,274.18
2025-04-04,Meta Ads,"Retargeting, site visitors",19.18,1971,41,3,55.66
2025-04-05,Google Ads,Brand search,11.91,218,39,3,163.13
2025-04-05,Google Ads,Generic protein search,46.47,1264,52,1,36.66
2025-04-05,Google Ads,"Shopping, all products",65.14,8003,110,7,58.95
2025-04-05,Meta Ads,"Prospecting, new customers",72.72,11987,126,2,218.45
2025-04-05,Meta Ads,"Retargeting, site visitors",18.55,2043,43,3,218.83
2025-04-06,Google Ads,Brand search,11.09,235,41,2,163.63
2025-04-06,Google Ads,Generic protein search,42.98,1058,48,2,149.72
2025-04-06,Google Ads,"Shopping, all products",61.21,9558,116,1,73.3
2025-04-06,Meta Ads,"Prospecting, new customers",57.05,7539,88,0,52.72
2025-04-06,Meta Ads,"Retargeting, site visitors",17.44,1869,42,0,0.0
2025-04-07,Google Ads,Brand search,12.39,233,42,6,229.49
2025-04-07,Google Ads,Generic protein search,49.23,1132,56,2,76.49
2025-04-07,Google Ads,"Shopping, all products",62.87,9533,108,2,172.06
2025-04-07,Meta Ads,"Prospecting, new customers",59.69,8968,97,2,193.67
2025-04-07,Meta Ads,"Retargeting, site visitors",17.41,1860,37,0,0.0
2025-04-08,Google Ads,Brand search,11.86,249,42,1,71.56
2025-04-08,Google Ads,Generic protein search,40.63,1111,48,6,331.24
2025-04-08,Google Ads,"Shopping, all products",67.44,11086,133,0,87.11
2025-04-08,Meta Ads,"Prospecting, new customers",72.6,10796,116,2,49.29
2025-04-08,Meta Ads,"Retargeting, site visitors",17.69,1749,35,4,112.12
2025-04-09,Google Ads,Brand search,12.35,260,42,3,138.8
2025-04-09,Google Ads,Generic protein search,37.18,1039,45,0,54.23
2025-04-09,Google Ads,"Shopping, all products",56.22,8192,106,3,341.36
2025-04-09,Meta Ads,"Prospecting, new customers",64.84,8617,97,4,297.1
2025-04-09,Meta Ads,"Retargeting, site visitors",16.86,2195,47,0,174.89
2025-04-10,Google Ads,Brand search,11.0,190,35,1,40.0
2025-04-10,Google Ads,Generic protein search,46.77,1338,53,5,58.48
2025-04-10,Google Ads,"Shopping, all products",49.18,6875,83,4,158.44
2025-04-10,Meta Ads,"Prospecting, new customers",70.89,9627,106,1,26.53
2025-04-10,Meta Ads,"Retargeting, site visitors",18.58,1654,36,3,110.24
2025-04-11,Google Ads,Brand search,11.53,227,42,4,167.06
2025-04-11,Google Ads,Generic protein search,44.59,1204,50,2,39.93
2025-04-11,Google Ads,"Shopping, all products",64.63,8728,110,3,13.49
2025-04-11,Meta Ads,"Prospecting, new customers",67.91,11450,124,5,254.44
2025-04-11,Meta Ads,"Retargeting, site visitors",19.15,2224,44,0,0.0
2025-04-12,Google Ads,Brand search,12.67,237,47,4,172.38
2025-04-12,Google Ads,Generic protein search,48.67,1297,59,0,187.93
2025-04-12,Google Ads,"Shopping, all products",69.58,10703,130,2,118.09
2025-04-12,Meta Ads,"Prospecting, new customers",62.08,11408,118,0,65.59
2025-04-12,Meta Ads,"Retargeting, site visitors",20.47,2465,48,2,47.36
2025-04-13,Google Ads,Brand search,12.58,249,44,0,0.0
2025-04-13,Google Ads,Generic protein search,45.15,1176,52,1,40.0
2025-04-13,Google Ads,"Shopping, all products",68.12,8520,112,4,97.88
2025-04-13,Meta Ads,"Prospecting, new customers",66.18,9309,109,2,21.99
2025-04-13,Meta Ads,"Retargeting, site visitors",17.22,1843,37,0,0.0
2025-04-14,Google Ads,Brand search,11.47,222,41,1,55.39
2025-04-14,Google Ads,Generic protein search,46.1,1268,58,0,71.48
2025-04-14,Google Ads,"Shopping, all products",50.41,8785,105,7,271.71
2025-04-14,Meta Ads,"Prospecting, new customers",68.35,9920,103,0,0.0
2025-04-14,Meta Ads,"Retargeting, site visitors",16.81,1863,39,1,10.55
2025-04-15,Google Ads,Brand search,13.53,248,47,2,29.78
2025-04-15,Google Ads,Generic protein search,50.06,1317,57,1,158.2
2025-04-15,Google Ads,"Shopping, all products",65.41,11230,118,5,71.83
2025-04-15,Meta Ads,"Prospecting, new customers",70.55,10681,114,5,116.21
2025-04-15,Meta Ads,"Retargeting, site visitors",14.58,1514,32,1,46.42
2025-04-16,Google Ads,Brand search,12.52,236,45,2,142.62
2025-04-16,Google Ads,Generic protein search,43.84,1380,55,2,173.1
2025-04-16,Google Ads,"Shopping, all products",55.48,9261,112,0,0.0
2025-04-16,Meta Ads,"Prospecting, new customers",70.72,9991,116,4,117.29
2025-04-16,Meta Ads,"Retargeting, site visitors",19.59,2108,42,1,20.25
2025-04-17,Google Ads,Brand search,12.64,256,47,1,31.02
2025-04-17,Google Ads,Generic protein search,45.49,1279,54,0,0.0
2025-04-17,Google Ads,"Shopping, all products",50.51,8902,100,0,113.33
2025-04-17,Meta Ads,"Prospecting, new customers",77.28,10659,118,9,177.55
2025-04-17,Meta Ads,"Retargeting, site visitors",17.98,1923,36,1,108.46
2025-04-18,Google Ads,Brand search,13.35,269,50,1,97.77
2025-04-18,Google Ads,Generic protein search,43.4,1280,54,0,0.0
2025-04-18,Google Ads,"Shopping, all products",65.03,10930,124,2,433.02
2025-04-18,Meta Ads,"Prospecting, new customers",70.03,10118,113,1,30.8
2025-04-18,Meta Ads,"Retargeting, site visitors",16.71,1633,34,2,44.39
2025-04-19,Google Ads,Brand search,11.21,201,37,3,81.58
2025-04-19,Google Ads,Generic protein search,40.59,919,46,2,38.39
2025-04-19,Google Ads,"Shopping, all products",64.79,9396,119,4,239.87
2025-04-19,Meta Ads,"Prospecting, new customers",56.53,8658,96,3,168.67
2025-04-19,Meta Ads,"Retargeting, site visitors",17.78,1924,39,2,42.2
2025-04-20,Google Ads,Brand search,11.22,189,37,2,33.95
2025-04-20,Google Ads,Generic protein search,46.44,1201,55,1,89.16
2025-04-20,Google Ads,"Shopping, all products",49.27,6640,85,0,24.67
2025-04-20,Meta Ads,"Prospecting, new customers",64.71,9770,104,1,75.99
2025-04-20,Meta Ads,"Retargeting, site visitors",17.11,1913,41,8,56.12
2025-04-21,Google Ads,Brand search,12.0,258,43,1,15.08
2025-04-21,Google Ads,Generic protein search,42.68,1253,53,4,107.64
2025-04-21,Google Ads,"Shopping, all products",56.54,9509,102,2,149.5
2025-04-21,Meta Ads,"Prospecting, new customers",71.35,10444,116,3,92.97
2025-04-21,Meta Ads,"Retargeting, site visitors",15.91,1808,35,8,128.07
2025-04-22,Google Ads,Brand search,11.9,255,45,3,79.64
2025-04-22,Google Ads,Generic protein search,46.48,1056,51,0,56.79
2025-04-22,Google Ads,"Shopping, all products",61.73,10150,121,0,0.0
2025-04-22,Meta Ads,"Prospecting, new customers",64.83,9176,100,3,129.75
2025-04-22,Meta Ads,"Retargeting, site visitors",19.76,2038,45,2,84.79
2025-04-23,Google Ads,Brand search,11.76,224,40,2,57.38
2025-04-23,Google Ads,Generic protein search,43.74,1147,52,0,52.27
2025-04-23,Google Ads,"Shopping, all products",61.51,8425,102,0,28.01
2025-04-23,Meta Ads,"Prospecting, new customers",68.72,10303,114,2,48.71
2025-04-23,Meta Ads,"Retargeting, site visitors",19.69,2014,46,2,229.1
2025-04-24,Google Ads,Brand search,11.3,209,41,7,129.32
2025-04-24,Google Ads,Generic protein search,43.83,1015,48,0,57.59
2025-04-24,Google Ads,"Shopping, all products",63.5,9110,114,4,117.24
2025-04-24,Meta Ads,"Prospecting, new customers",72.6,12873,134,0,27.77
2025-04-24,Meta Ads,"Retargeting, site visitors",21.77,2335,47,2,133.71
2025-04-25,Google Ads,Brand search,13.29,301,56,2,103.16
2025-04-25,Google Ads,Generic protein search,40.49,1148,51,0,0.0
2025-04-25,Google Ads,"Shopping, all products",56.17,8458,105,0,0.0
2025-04-25,Meta Ads,"Prospecting, new customers",67.5,10268,101,2,81.61
2025-04-25,Meta Ads,"Retargeting, site visitors",18.56,1963,40,1,40.0
2025-04-26,Google Ads,Brand search,12.92,256,43,5,49.95
2025-04-26,Google Ads,Generic protein search,49.0,1327,59,9,252.66
2025-04-26,Google Ads,"Shopping, all products",63.48,9193,112,4,54.42
2025-04-26,Meta Ads,"Prospecting, new customers",68.44,11932,119,1,78.79
2025-04-26,Meta Ads,"Retargeting, site visitors",18.16,1954,39,2,55.15
2025-04-27,Google Ads,Brand search,13.22,295,54,3,214.24
2025-04-27,Google Ads,Generic protein search,47.37,1220,55,3,205.15
2025-04-27,Google Ads,"Shopping, all products",67.5,9823,124,0,249.68
2025-04-27,Meta Ads,"Prospecting, new customers",74.98,11337,130,3,31.33
2025-04-27,Meta Ads,"Retargeting, site visitors",16.29,1506,36,0,52.44
2025-04-28,Google Ads,Brand search,12.04,268,51,0,140.45
2025-04-28,Google Ads,Generic protein search,46.02,1171,59,8,120.46
2025-04-28,Google Ads,"Shopping, all products",61.41,8640,104,2,71.44
2025-04-28,Meta Ads,"Prospecting, new customers",62.68,11808,120,2,224.26
2025-04-28,Meta Ads,"Retargeting, site visitors",17.07,1741,36,0,0.0
2025-04-29,Google Ads,Brand search,11.09,203,38,4,73.14
2025-04-29,Google Ads,Generic protein search,45.27,1184,59,0,0.0
2025-04-29,Google Ads,"Shopping, all products",63.79,9401,105,2,61.57
2025-04-29,Meta Ads,"Prospecting, new customers",71.56,10075,117,4,136.56
2025-04-29,Meta Ads,"Retargeting, site visitors",18.08,1713,41,2,80.0
2025-04-30,Google Ads,Brand search,9.69,195,35,4,243.15
2025-04-30,Google Ads,Generic protein search,43.62,974,47,1,29.24
2025-04-30,Google Ads,"Shopping, all products",62.51,10689,126,0,0.0
2025-04-30,Meta Ads,"Prospecting, new customers",78.55,10414,116,3,118.2
2025-04-30,Meta Ads,"Retargeting, site visitors",19.96,2086,45,2,76.02
2025-05-01,Google Ads,Brand search,12.04,230,44,6,138.13
2025-05-01,Google Ads,Generic protein search,44.74,1213,57,1,143.76
2025-05-01,Google Ads,"Shopping, all products",55.51,8752,102,6,132.28
2025-05-01,Meta Ads,"Prospecting, new customers",77.94,14509,130,6,184.48
2025-05-01,Meta Ads,"Retargeting, site visitors",18.06,1800,40,3,115.77
2025-05-02,Google Ads,Brand search,12.43,212,41,2,116.22
2025-05-02,Google Ads,Generic protein search,41.89,973,45,1,24.5
2025-05-02,Google Ads,"Shopping, all products",56.83,8740,98,4,257.5
2025-05-02,Meta Ads,"Prospecting, new customers",70.63,9725,112,12,127.11
2025-05-02,Meta Ads,"Retargeting, site visitors",18.97,2099,42,1,44.24
2025-05-03,Google Ads,Brand search,12.22,245,48,3,187.65
2025-05-03,Google Ads,Generic protein search,47.01,1289,54,4,382.33
2025-05-03,Google Ads,"Shopping, all products",65.19,11132,133,5,94.29
2025-05-03,Meta Ads,"Prospecting, new customers",58.4,10526,110,1,40.07
2025-05-03,Meta Ads,"Retargeting, site visitors",16.5,1918,40,5,205.16
2025-05-04,Google Ads,Brand search,11.06,205,41,1,115.23
2025-05-04,Google Ads,Generic protein search,42.81,1012,44,3,171.19
2025-05-04,Google Ads,"Shopping, all products",55.09,7745,99,15,331.91
2025-05-04,Meta Ads,"Prospecting, new customers",70.56,10379,108,5,123.67
2025-05-04,Meta Ads,"Retargeting, site visitors",19.49,2125,44,5,127.82
2025-05-05,Google Ads,Brand search,11.77,219,40,4,195.96
2025-05-05,Google Ads,Generic protein search,50.17,1201,59,5,147.63
2025-05-05,Google Ads,"Shopping, all products",57.38,8755,106,9,257.44
2025-05-05,Meta Ads,"Prospecting, new customers",67.1,11475,120,1,26.79
2025-05-05,Meta Ads,"Retargeting, site visitors",19.5,1856,40,0,0.0
2025-05-06,Google Ads,Brand search,11.63,264,44,5,299.49
2025-05-06,Google Ads,Generic protein search,45.55,1518,63,0,0.0
2025-05-06,Google Ads,"Shopping, all products",59.65,8925,111,0,86.12
2025-05-06,Meta Ads,"Prospecting, new customers",66.67,9743,103,1,6.86
2025-05-06,Meta Ads,"Retargeting, site visitors",16.35,2026,38,2,32.56
2025-05-07,Google Ads,Brand search,11.61,191,38,2,31.37
2025-05-07,Google Ads,Generic protein search,45.22,1071,49,0,57.2
2025-05-07,Google Ads,"Shopping, all products",64.15,9963,121,0,0.0
2025-05-07,Meta Ads,"Prospecting, new customers",74.45,10608,123,0,0.0
2025-05-07,Meta Ads,"Retargeting, site visitors",17.31,1883,37,1,38.03
2025-05-08,Google Ads,Brand search,13.77,309,52,5,120.59
2025-05-08,Google Ads,Generic protein search,42.67,1056,47,0,0.0
2025-05-08,Google Ads,"Shopping, all products",52.47,7567,92,2,117.51
2025-05-08,Meta Ads,"Prospecting, new customers",63.1,8712,100,7,163.56
2025-05-08,Meta Ads,"Retargeting, site visitors",17.26,1554,36,1,40.0
2025-05-09,Google Ads,Brand search,11.74,230,38,0,0.0
2025-05-09,Google Ads,Generic protein search,43.02,949,45,0,95.68
2025-05-09,Google Ads,"Shopping, all products",64.65,9584,129,2,145.78
2025-05-09,Meta Ads,"Prospecting, new customers",77.04,10649,119,0,96.85
2025-05-09,Meta Ads,"Retargeting, site visitors",19.44,2051,42,1,40.0
2025-05-10,Google Ads,Brand search,11.42,211,42,2,394.11
2025-05-10,Google Ads,Generic protein search,43.83,1141,48,0,0.0
2025-05-10,Google Ads,"Shopping, all products",50.88,7559,91,11,339.21
2025-05-10,Meta Ads,"Prospecting, new customers",65.13,9385,103,2,155.21
2025-05-10,Meta Ads,"Retargeting, site visitors",18.92,2305,46,5,172.49
2025-05-11,Google Ads,Brand search,11.56,197,37,3,120.0
2025-05-11,Google Ads,Generic protein search,46.01,1262,55,1,40.0
2025-05-11,Google Ads,"Shopping, all products",54.25,9006,102,1,69.07
2025-05-11,Meta Ads,"Prospecting, new customers",73.29,10019,108,4,89.52
2025-05-11,Meta Ads,"Retargeting, site visitors",15.88,1493,34,1,40.0
2025-05-12,Google Ads,Brand search,10.28,227,39,3,64.52
2025-05-12,Google Ads,Generic protein search,39.56,1040,49,0,0.0
2025-05-12,Google Ads,"Shopping, all products",47.84,6967,90,0,0.0
2025-05-12,Meta Ads,"Prospecting, new customers",72.28,10803,112,0,0.0
2025-05-12,Meta Ads,"Retargeting, site visitors",18.68,1999,41,0,133.38
2025-05-13,Google Ads,Brand search,11.23,219,37,4,110.59
2025-05-13,Google Ads,Generic protein search,46.02,1279,54,1,40.0
2025-05-13,Google Ads,"Shopping, all products",64.43,7906,106,2,251.41
2025-05-13,Meta Ads,"Prospecting, new customers",71.41,9044,111,7,158.3
2025-05-13,Meta Ads,"Retargeting, site visitors",18.13,1971,41,2,84.49
2025-05-14,Google Ads,Brand search,11.79,232,40,3,150.28
2025-05-14,Google Ads,Generic protein search,40.66,1037,47,0,21.02
2025-05-14,Google Ads,"Shopping, all products",67.43,11067,133,4,162.69
2025-05-14,Meta Ads,"Prospecting, new customers",61.39,8476,102,6,87.87
2025-05-14,Meta Ads,"Retargeting, site visitors",16.85,1670,37,0,53.82
2025-05-15,Google Ads,Brand search,12.03,241,41,3,196.65
2025-05-15,Google Ads,Generic protein search,47.03,1116,55,3,90.57
2025-05-15,Google Ads,"Shopping, all products",51.96,7634,88,0,80.84
2025-05-15,Meta Ads,"Prospecting, new customers",71.65,12369,141,2,269.54
2025-05-15,Meta Ads,"Retargeting, site visitors",17.34,1773,39,0,67.56
2025-05-16,Google Ads,Brand search,12.14,264,45,0,27.53
2025-05-16,Google Ads,Generic protein search,44.7,1243,60,0,0.0
2025-05-16,Google Ads,"Shopping, all products",53.67,6973,89,3,195.45
2025-05-16,Meta Ads,"Prospecting, new customers",62.99,10082,108,3,126.24
2025-05-16,Meta Ads,"Retargeting, site visitors",19.86,1970,43,1,106.8
2025-05-17,Google Ads,Brand search,12.1,228,43,4,113.16
2025-05-17,Google Ads,Generic protein search,41.52,1113,50,3,89.62
2025-05-17,Google Ads,"Shopping, all products",65.12,9224,116,4,228.25
2025-05-17,Meta Ads,"Prospecting, new customers",66.28,10307,112,5,181.51
2025-05-17,Meta Ads,"Retargeting, site visitors",19.25,2093,42,1,57.71
2025-05-18,Google Ads,Brand search,13.19,228,43,1,109.71
2025-05-18,Google Ads,Generic protein search,39.41,1059,45,3,78.6
2025-05-18,Google Ads,"Shopping, all products",57.35,8307,97,5,105.03
2025-05-18,Meta Ads,"Prospecting, new customers",69.39,9981,112,1,156.25
2025-05-18,Meta Ads,"Retargeting, site visitors",17.84,1658,37,1,122.8
2025-05-19,Google Ads,Brand search,11.69,244,42,1,60.74
2025-05-19,Google Ads,Generic protein search,46.27,1098,49,3,146.08
2025-05-19,Google Ads,"Shopping, all products",64.65,10665,136,1,25.71
2025-05-19,Meta Ads,"Prospecting, new customers",73.68,10881,122,0,0.0
2025-05-19,Meta Ads,"Retargeting, site visitors",16.79,1895,40,1,67.62
2025-05-20,Google Ads,Brand search,12.85,278,47,0,25.56
2025-05-20,Google Ads,Generic protein search,44.5,1306,56,4,83.95
2025-05-20,Google Ads,"Shopping, all products",66.71,11229,135,0,0.0
2025-05-20,Meta Ads,"Prospecting, new customers",66.88,9674,101,1,61.68
2025-05-20,Meta Ads,"Retargeting, site visitors",18.2,1871,38,3,163.87
2025-05-21,Google Ads,Brand search,13.35,299,53,1,133.27
2025-05-21,Google Ads,Generic protein search,48.32,1266,57,0,0.0
2025-05-21,Google Ads,"Shopping, all products",58.21,8176,101,5,267.88
2025-05-21,Meta Ads,"Prospecting, new customers",67.26,10340,112,1,99.65
2025-05-21,Meta Ads,"Retargeting, site visitors",18.26,1851,42,0,83.1
2025-05-22,Google Ads,Brand search,12.85,271,53,4,191.2
2025-05-22,Google Ads,Generic protein search,51.04,1389,62,0,0.0
2025-05-22,Google Ads,"Shopping, all products",55.52,10998,113,2,91.02
2025-05-22,Meta Ads,"Prospecting, new customers",60.66,9668,110,14,444.56
2025-05-22,Meta Ads,"Retargeting, site visitors",15.68,2012,43,3,88.4
2025-05-23,Google Ads,Brand search,11.97,255,46,5,25.0
2025-05-23,Google Ads,Generic protein search,42.85,1125,53,2,34.01
2025-05-23,Google Ads,"Shopping, all products",62.03,10046,116,2,124.92
2025-05-23,Meta Ads,"Prospecting, new customers",69.67,12269,127,5,147.01
2025-05-23,Meta Ads,"Retargeting, site visitors",18.3,1660,37,1,40.0
2025-05-24,Google Ads,Brand search,12.68,242,44,4,117.02
2025-05-24,Google Ads,Generic protein search,46.47,1396,64,1,44.13
2025-05-24,Google Ads,"Shopping, all products",61.5,9186,119,2,87.02
2025-05-24,Meta Ads,"Prospecting, new customers",70.27,10419,109,3,76.5
2025-05-24,Meta Ads,"Retargeting, site visitors",19.07,2179,43,1,65.98
2025-05-25,Google Ads,Brand search,12.04,257,46,12,440.19
2025-05-25,Google Ads,Generic protein search,47.0,1154,51,0,90.23
2025-05-25,Google Ads,"Shopping, all products",56.68,8764,106,3,165.41
2025-05-25,Meta Ads,"Prospecting, new customers",66.93,9145,102,2,114.96
2025-05-25,Meta Ads,"Retargeting, site visitors",16.77,1819,38,1,125.52
2025-05-26,Google Ads,Brand search,11.38,235,40,4,55.74
2025-05-26,Google Ads,Generic protein search,47.48,1238,54,2,158.57
2025-05-26,Google Ads,"Shopping, all products",59.64,9764,116,6,183.27
2025-05-26,Meta Ads,"Prospecting, new customers",71.71,11791,131,2,134.43
2025-05-26,Meta Ads,"Retargeting, site visitors",15.27,1618,35,0,0.0
2025-05-27,Google Ads,Brand search,13.17,259,44,2,225.37
2025-05-27,Google Ads,Generic protein search,47.8,1267,62,0,32.59
2025-05-27,Google Ads,"Shopping, all products",57.22,7935,103,0,57.0
2025-05-27,Meta Ads,"Prospecting, new customers",75.75,10381,112,3,192.37
2025-05-27,Meta Ads,"Retargeting, site visitors",18.2,1892,38,0,32.55
2025-05-28,Google Ads,Brand search,10.78,237,39,0,30.77
2025-05-28,Google Ads,Generic protein search,47.22,1043,50,2,91.1
2025-05-28,Google Ads,"Shopping, all products",62.74,7856,107,0,94.67
2025-05-28,Meta Ads,"Prospecting, new customers",78.45,11631,137,0,0.0
2025-05-28,Meta Ads,"Retargeting, site visitors",17.02,1897,38,1,60.67
2025-05-29,Google Ads,Brand search,11.16,213,41,1,96.49
2025-05-29,Google Ads,Generic protein search,43.28,1090,49,4,146.96
2025-05-29,Google Ads,"Shopping, all products",60.92,8515,112,2,57.56
2025-05-29,Meta Ads,"Prospecting, new customers",71.79,9178,105,1,33.46
2025-05-29,Meta Ads,"Retargeting, site visitors",16.82,1792,41,2,25.37
2025-05-30,Google Ads,Brand search,12.27,238,44,2,143.96
2025-05-30,Google Ads,Generic protein search,43.95,1082,47,0,12.46
2025-05-30,Google Ads,"Shopping, all products",68.49,10195,124,14,597.13
2025-05-30,Meta Ads,"Prospecting, new customers",65.0,10211,108,1,185.12
2025-05-30,Meta Ads,"Retargeting, site visitors",18.53,1783,42,1,91.99
2025-05-31,Google Ads,Brand search,11.33,244,45,8,167.82
2025-05-31,Google Ads,Generic protein search,39.48,1026,48,3,23.65
2025-05-31,Google Ads,"Shopping, all products",53.84,7515,85,1,148.94
2025-05-31,Meta Ads,"Prospecting, new customers",79.84,11494,138,7,153.91
2025-05-31,Meta Ads,"Retargeting, site visitors",17.58,1857,42,0,31.49
2025-06-01,Google Ads,Brand search,11.55,231,38,0,27.82
2025-06-01,Google Ads,Generic protein search,46.14,1184,53,0,0.0
2025-06-01,Google Ads,"Shopping, all products",58.82,8692,100,5,293.66
2025-06-01,Meta Ads,"Prospecting, new customers",72.61,10285,106,0,0.0
2025-06-01,Meta Ads,"Retargeting, site visitors",18.75,2237,45,0,0.0
2025-06-02,Google Ads,Brand search,11.97,276,47,9,281.03
2025-06-02,Google Ads,Generic protein search,47.09,1290,51,1,26.36
2025-06-02,Google Ads,"Shopping, all products",66.85,12170,146,4,214.12
2025-06-02,Meta Ads,"Prospecting, new customers",62.1,9059,103,3,50.69
2025-06-02,Meta Ads,"Retargeting, site visitors",17.48,1946,38,1,54.03
2025-06-03,Google Ads,Brand search,11.23,184,38,3,79.49
2025-06-03,Google Ads,Generic protein search,41.76,940,42,0,0.0
2025-06-03,Google Ads,"Shopping, all products",58.41,8765,95,5,64.18
2025-06-03,Meta Ads,"Prospecting, new customers",61.73,10794,111,5,33.53
2025-06-03,Meta Ads,"Retargeting, site visitors",16.97,1966,39,1,40.0
2025-06-04,Google Ads,Brand search,12.12,255,48,1,221.72
2025-06-04,Google Ads,Generic protein search,42.33,951,44,4,53.11
2025-06-04,Google Ads,"Shopping, all products",63.28,10557,124,0,0.0
2025-06-04,Meta Ads,"Prospecting, new customers",65.53,9476,108,2,49.12
2025-06-04,Meta Ads,"Retargeting, site visitors",18.03,1876,39,0,53.36
2025-06-05,Google Ads,Brand search,12.05,228,41,2,30.52
2025-06-05,Google Ads,Generic protein search,46.72,1488,61,1,40.0
2025-06-05,Google Ads,"Shopping, all products",59.22,10486,115,7,259.35
2025-06-05,Meta Ads,"Prospecting, new customers",69.85,10077,106,1,40.0
2025-06-05,Meta Ads,"Retargeting, site visitors",19.15,2281,46,6,187.65
2025-06-06,Google Ads,Brand search,12.88,280,48,1,33.92
2025-06-06,Google Ads,Generic protein search,42.4,1047,48,0,0.0
2025-06-06,Google Ads,"Shopping, all products",61.36,8886,106,0,29.43
2025-06-06,Meta Ads,"Prospecting, new customers",74.61,10444,118,1,68.18
2025-06-06,Meta Ads,"Retargeting, site visitors",18.21,2027,41,1,40.0
2025-06-07,Google Ads,Brand search,12.88,230,46,3,85.01
2025-06-07,Google Ads,Generic protein search,41.05,1080,48,2,21.16
2025-06-07,Google Ads,"Shopping, all products",61.51,9730,128,1,47.27
2025-06-07,Meta Ads,"Prospecting, new customers",59.69,8146,92,2,144.86
2025-06-07,Meta Ads,"Retargeting, site visitors",20.48,1937,40,0,38.63
2025-06-08,Google Ads,Brand search,10.05,217,39,4,113.49
2025-06-08,Google Ads,Generic protein search,48.38,1653,71,3,123.72
2025-06-08,Google Ads,"Shopping, all products",58.38,10056,109,3,127.34
2025-06-08,Meta Ads,"Prospecting, new customers",67.28,8356,100,3,156.63
2025-06-08,Meta Ads,"Retargeting, site visitors",17.95,2019,41,0,0.0
2025-06-09,Google Ads,Brand search,11.1,216,39,3,53.42
2025-06-09,Google Ads,Generic protein search,46.7,1361,54,3,155.2
2025-06-09,Google Ads,"Shopping, all products",57.27,7260,98,6,179.31
2025-06-09,Meta Ads,"Prospecting, new customers",66.39,9285,97,2,144.88
2025-06-09,Meta Ads,"Retargeting, site visitors",17.33,1667,40,0,64.15
2025-06-10,Google Ads,Brand search,11.29,237,42,3,165.86
2025-06-10,Google Ads,Generic protein search,39.39,1046,47,0,0.0
2025-06-10,Google Ads,"Shopping, all products",66.73,9024,111,3,121.96
2025-06-10,Meta Ads,"Prospecting, new customers",74.92,11136,119,3,178.41
2025-06-10,Meta Ads,"Retargeting, site visitors",18.55,2200,42,0,37.67
2025-06-11,Google Ads,Brand search,11.05,221,39,2,219.27
2025-06-11,Google Ads,Generic protein search,47.02,1343,57,0,97.81
2025-06-11,Google Ads,"Shopping, all products",60.91,10288,115,3,152.97
2025-06-11,Meta Ads,"Prospecting, new customers",72.19,9576,104,1,34.89
2025-06-11,Meta Ads,"Retargeting, site visitors",21.11,2400,48,2,15.64
2025-06-12,Google Ads,Brand search,12.36,228,39,0,0.0
2025-06-12,Google Ads,Generic protein search,47.22,1276,50,0,0.0
2025-06-12,Google Ads,"Shopping, all products",60.19,8666,101,2,62.73
2025-06-12,Meta Ads,"Prospecting, new customers",81.08,11982,130,3,115.79
2025-06-12,Meta Ads,"Retargeting, site visitors",18.26,1877,39,3,64.54
2025-06-13,Google Ads,Brand search,12.03,221,44,3,114.89
2025-06-13,Google Ads,Generic protein search,47.53,1142,51,0,85.24
2025-06-13,Google Ads,"Shopping, all products",62.55,10907,116,1,155.67
2025-06-13,Meta Ads,"Prospecting, new customers",79.22,11039,122,3,89.13
2025-06-13,Meta Ads,"Retargeting, site visitors",17.79,1906,39,1,115.56
2025-06-14,Google Ads,Brand search,13.36,273,47,2,118.73
2025-06-14,Google Ads,Generic protein search,46.08,1183,53,1,56.19
2025-06-14,Google Ads,"Shopping, all products",55.53,8650,102,0,0.0
2025-06-14,Meta Ads,"Prospecting, new customers",75.85,10185,115,3,245.63
2025-06-14,Meta Ads,"Retargeting, site visitors",17.27,1975,44,0,68.6
2025-06-15,Google Ads,Brand search,12.21,257,48,8,204.95
2025-06-15,Google Ads,Generic protein search,51.89,1265,61,1,116.63
2025-06-15,Google Ads,"Shopping, all products",68.15,8739,112,3,29.17
2025-06-15,Meta Ads,"Prospecting, new customers",68.76,10909,113,5,197.29
2025-06-15,Meta Ads,"Retargeting, site visitors",17.64,1791,38,1,209.51
2025-06-16,Google Ads,Brand search,10.78,234,40,3,48.3
2025-06-16,Google Ads,Generic protein search,42.64,1045,48,2,27.03
2025-06-16,Google Ads,"Shopping, all products",65.81,7925,98,2,120.1
2025-06-16,Meta Ads,"Prospecting, new customers",71.57,11079,110,3,126.3
2025-06-16,Meta Ads,"Retargeting, site visitors",14.96,1496,34,3,177.6
2025-06-17,Google Ads,Brand search,10.81,223,37,3,68.23
2025-06-17,Google Ads,Generic protein search,40.79,1187,51,0,0.0
2025-06-17,Google Ads,"Shopping, all products",59.55,8786,109,2,185.78
2025-06-17,Meta Ads,"Prospecting, new customers",58.99,9527,103,0,0.0
2025-06-17,Meta Ads,"Retargeting, site visitors",18.8,1884,42,0,21.26
2025-06-18,Google Ads,Brand search,12.43,281,53,5,57.95
2025-06-18,Google Ads,Generic protein search,41.12,961,47,2,170.43
2025-06-18,Google Ads,"Shopping, all products",61.4,8872,108,3,273.67
2025-06-18,Meta Ads,"Prospecting, new customers",71.25,12284,113,1,102.91
2025-06-18,Meta Ads,"Retargeting, site visitors",15.83,1483,34,0,0.0
2025-06-19,Google Ads,Brand search,11.66,237,40,3,144.29
2025-06-19,Google Ads,Generic protein search,48.13,1348,56,3,111.17
2025-06-19,Google Ads,"Shopping, all products",46.87,8330,90,3,455.44
2025-06-19,Meta Ads,"Prospecting, new customers",67.57,9642,108,0,0.0
2025-06-19,Meta Ads,"Retargeting, site visitors",19.0,1887,39,2,112.82
2025-06-20,Google Ads,Brand search,11.53,206,38,3,177.87
2025-06-20,Google Ads,Generic protein search,42.46,941,43,0,0.0
2025-06-20,Google Ads,"Shopping, all products",61.2,10115,112,1,40.0
2025-06-20,Meta Ads,"Prospecting, new customers",61.87,9951,99,4,85.62
2025-06-20,Meta Ads,"Retargeting, site visitors",18.88,2088,45,2,64.75
2025-06-21,Google Ads,Brand search,11.69,230,41,4,160.55
2025-06-21,Google Ads,Generic protein search,44.95,1261,58,0,0.0
2025-06-21,Google Ads,"Shopping, all products",63.5,9496,119,3,206.23
2025-06-21,Meta Ads,"Prospecting, new customers",70.71,8841,100,4,42.28
2025-06-21,Meta Ads,"Retargeting, site visitors",20.21,1850,43,4,95.32
2025-06-22,Google Ads,Brand search,10.92,202,37,7,168.19
2025-06-22,Google Ads,Generic protein search,46.69,1172,52,0,0.0
2025-06-22,Google Ads,"Shopping, all products",56.74,8220,108,6,366.57
2025-06-22,Meta Ads,"Prospecting, new customers",69.93,10048,113,1,65.76
2025-06-22,Meta Ads,"Retargeting, site visitors",17.36,1882,36,1,40.0
2025-06-23,Google Ads,Brand search,12.63,250,43,2,214.72
2025-06-23,Google Ads,Generic protein search,46.72,1341,57,4,245.33
2025-06-23,Google Ads,"Shopping, all products",53.72,7830,99,1,149.41
2025-06-23,Meta Ads,"Prospecting, new customers",64.14,9430,100,1,26.51
2025-06-23,Meta Ads,"Retargeting, site visitors",18.73,2094,42,0,0.0
2025-06-24,Google Ads,Brand search,11.49,205,39,1,25.52
2025-06-24,Google Ads,Generic protein search,44.32,1260,52,1,40.71
2025-06-24,Google Ads,"Shopping, all products",59.49,9868,115,4,148.99
2025-06-24,Meta Ads,"Prospecting, new customers",75.48,9626,118,2,51.29
2025-06-24,Meta Ads,"Retargeting, site visitors",18.79,1917,43,0,0.0
2025-06-25,Google Ads,Brand search,12.0,249,44,3,199.45
2025-06-25,Google Ads,Generic protein search,36.31,912,43,0,0.0
2025-06-25,Google Ads,"Shopping, all products",65.65,10588,118,1,48.32
2025-06-25,Meta Ads,"Prospecting, new customers",65.73,11273,117,7,130.48
2025-06-25,Meta Ads,"Retargeting, site visitors",15.99,1516,33,0,7.72
2025-06-26,Google Ads,Brand search,10.54,202,38,0,30.88
2025-06-26,Google Ads,Generic protein search,45.55,1191,57,4,117.02
2025-06-26,Google Ads,"Shopping, all products",63.39,9634,105,1,57.16
2025-06-26,Meta Ads,"Prospecting, new customers",67.21,10214,106,2,66.48
2025-06-26,Meta Ads,"Retargeting, site visitors",17.92,1969,41,1,120.13
2025-06-27,Google Ads,Brand search,12.7,271,46,0,199.39
2025-06-27,Google Ads,Generic protein search,39.88,1093,51,1,40.0
2025-06-27,Google Ads,"Shopping, all products",56.61,9276,106,0,0.0
2025-06-27,Meta Ads,"Prospecting, new customers",75.7,11951,129,4,111.27
2025-06-27,Meta Ads,"Retargeting, site visitors",16.59,1842,38,0,58.21
2025-06-28,Google Ads,Brand search,11.06,211,40,1,64.17
2025-06-28,Google Ads,Generic protein search,41.49,1044,46,3,141.19
2025-06-28,Google Ads,"Shopping, all products",58.2,7497,93,1,20.18
2025-06-28,Meta Ads,"Prospecting, new customers",71.11,9083,111,3,91.62
2025-06-28,Meta Ads,"Retargeting, site visitors",18.24,1806,40,4,65.79
2025-06-29,Google Ads,Brand search,12.86,252,47,2,111.28
2025-06-29,Google Ads,Generic protein search,41.56,1095,51,1,153.05
2025-06-29,Google Ads,"Shopping, all products",59.14,8170,104,0,27.06
2025-06-29,Meta Ads,"Prospecting, new customers",66.81,10125,106,0,77.28
2025-06-29,Meta Ads,"Retargeting, site visitors",18.0,2049,42,0,28.54
2025-06-30,Google Ads,Brand search,11.58,200,39,3,53.77
2025-06-30,Google Ads,Generic protein search,47.16,1128,52,2,42.9
2025-06-30,Google Ads,"Shopping, all products",54.37,8060,99,1,259.69
2025-06-30,Meta Ads,"Prospecting, new customers",84.01,13946,137,1,106.43
2025-06-30,Meta Ads,"Retargeting, site visitors",19.19,2147,45,0,0.0
2025-07-01,Google Ads,Brand search,12.52,248,48,7,234.54
2025-07-01,Google Ads,Generic protein search,41.48,928,46,2,63.02
2025-07-01,Google Ads,"Shopping, all products",58.3,9664,113,2,234.16
2025-07-01,Meta Ads,"Prospecting, new customers",69.57,10127,120,2,184.55
2025-07-01,Meta Ads,"Retargeting, site visitors",20.71,2602,52,1,40.0
2025-07-02,Google Ads,Brand search,13.29,247,46,2,115.85
2025-07-02,Google Ads,Generic protein search,44.11,1077,47,1,68.83
2025-07-02,Google Ads,"Shopping, all products",55.58,8190,96,2,54.28
2025-07-02,Meta Ads,"Prospecting, new customers",68.66,9299,109,2,26.57
2025-07-02,Meta Ads,"Retargeting, site visitors",16.6,1600,34,0,8.03
2025-07-03,Google Ads,Brand search,11.33,234,39,0,0.0
2025-07-03,Google Ads,Generic protein search,50.43,1214,56,3,69.05
2025-07-03,Google Ads,"Shopping, all products",61.06,9502,111,3,266.42
2025-07-03,Meta Ads,"Prospecting, new customers",61.99,10360,116,2,55.21
2025-07-03,Meta Ads,"Retargeting, site visitors",18.36,1755,38,0,0.0
2025-07-04,Google Ads,Brand search,12.36,270,47,1,85.99
2025-07-04,Google Ads,Generic protein search,47.36,1248,54,0,25.71
2025-07-04,Google Ads,"Shopping, all products",55.36,7928,91,1,40.0
2025-07-04,Meta Ads,"Prospecting, new customers",70.17,10032,111,5,94.39
2025-07-04,Meta Ads,"Retargeting, site visitors",18.61,1818,38,0,0.0
2025-07-05,Google Ads,Brand search,12.0,250,46,1,25.34
2025-07-05,Google Ads,Generic protein search,39.2,1058,47,4,112.22
2025-07-05,Google Ads,"Shopping, all products",56.25,9367,110,0,109.64
2025-07-05,Meta Ads,"Prospecting, new customers",70.79,11638,114,0,60.69
2025-07-05,Meta Ads,"Retargeting, site visitors",16.43,1854,41,2,188.42
2025-07-06,Google Ads,Brand search,12.62,254,48,0,151.23
2025-07-06,Google Ads,Generic protein search,50.45,1098,54,0,0.0
2025-07-06,Google Ads,"Shopping, all products",57.97,9617,110,0,125.27
2025-07-06,Meta Ads,"Prospecting, new customers",66.16,9934,104,5,142.49
2025-07-06,Meta Ads,"Retargeting, site visitors",17.45,1993,41,2,27.58
2025-07-07,Google Ads,Brand search,11.44,204,40,1,22.81
2025-07-07,Google Ads,Generic protein search,44.18,1104,57,1,40.0
2025-07-07,Google Ads,"Shopping, all products",57.62,9203,105,3,460.96
2025-07-07,Meta Ads,"Prospecting, new customers",57.16,8216,90,2,114.35
2025-07-07,Meta Ads,"Retargeting, site visitors",17.64,1914,44,1,67.66
2025-07-08,Google Ads,Brand search,9.88,187,32,0,66.7
2025-07-08,Google Ads,Generic protein search,42.21,1257,54,1,63.73
2025-07-08,Google Ads,"Shopping, all products",54.09,7786,88,4,260.02
2025-07-08,Meta Ads,"Prospecting, new customers",58.44,9233,91,0,0.0
2025-07-08,Meta Ads,"Retargeting, site visitors",20.84,2101,45,1,108.43
2025-07-09,Google Ads,Brand search,14.38,296,48,1,275.31
2025-07-09,Google Ads,Generic protein search,47.11,1025,50,0,131.77
2025-07-09,Google Ads,"Shopping, all products",63.44,10955,126,3,66.32
2025-07-09,Meta Ads,"Prospecting, new customers",75.77,10749,119,0,285.55
2025-07-09,Meta Ads,"Retargeting, site visitors",18.77,1730,38,0,0.0
2025-07-10,Google Ads,Brand search,10.03,192,35,3,214.58
2025-07-10,Google Ads,Generic protein search,49.54,1393,59,6,86.29
2025-07-10,Google Ads,"Shopping, all products",63.24,10905,127,1,146.45
2025-07-10,Meta Ads,"Prospecting, new customers",62.38,10929,108,2,80.0
2025-07-10,Meta Ads,"Retargeting, site visitors",17.25,1914,38,0,0.0
2025-07-11,Google Ads,Brand search,12.23,254,46,0,56.55
2025-07-11,Google Ads,Generic protein search,46.48,1171,52,0,0.0
2025-07-11,Google Ads,"Shopping, all products",62.75,7621,102,0,53.89
2025-07-11,Meta Ads,"Prospecting, new customers",71.56,10701,127,5,99.85
2025-07-11,Meta Ads,"Retargeting, site visitors",19.72,2397,43,4,112.73
2025-07-12,Google Ads,Brand search,11.63,214,39,1,51.19
2025-07-12,Google Ads,Generic protein search,46.0,975,47,0,0.0
2025-07-12,Google Ads,"Shopping, all products",71.88,9131,120,1,60.03
2025-07-12,Meta Ads,"Prospecting, new customers",67.68,10136,104,3,53.78
2025-07-12,Meta Ads,"Retargeting, site visitors",20.35,1987,46,6,174.66
2025-07-13,Google Ads,Brand search,12.47,240,45,1,114.28
2025-07-13,Google Ads,Generic protein search,45.77,1058,49,2,134.19
2025-07-13,Google Ads,"Shopping, all products",51.01,7554,93,0,176.22
2025-07-13,Meta Ads,"Prospecting, new customers",65.08,9007,103,0,0.0
2025-07-13,Meta Ads,"Retargeting, site visitors",17.67,1445,33,1,55.15
2025-07-14,Google Ads,Brand search,11.54,195,36,2,195.7
2025-07-14,Google Ads,Generic protein search,48.37,1179,52,0,48.48
2025-07-14,Google Ads,"Shopping, all products",49.43,7729,83,4,162.52
2025-07-14,Meta Ads,"Prospecting, new customers",60.34,7238,86,2,79.33
2025-07-14,Meta Ads,"Retargeting, site visitors",19.51,2154,43,4,96.86
2025-07-15,Google Ads,Brand search,11.38,262,44,0,84.78
2025-07-15,Google Ads,Generic protein search,51.94,1162,56,1,40.0
2025-07-15,Google Ads,"Shopping, all products",65.27,9001,110,1,140.38
2025-07-15,Meta Ads,"Prospecting, new customers",75.44,11107,127,3,134.97
2025-07-15,Meta Ads,"Retargeting, site visitors",16.58,1575,37,1,101.89
2025-07-16,Google Ads,Brand search,11.73,215,45,2,233.04
2025-07-16,Google Ads,Generic protein search,45.81,1229,51,1,80.6
2025-07-16,Google Ads,"Shopping, all products",54.99,8902,98,7,162.8
2025-07-16,Meta Ads,"Prospecting, new customers",76.63,10096,114,1,81.26
2025-07-16,Meta Ads,"Retargeting, site visitors",17.4,1773,37,0,32.42
2025-07-17,Google Ads,Brand search,12.21,223,39,7,246.39
2025-07-17,Google Ads,Generic protein search,48.37,1108,50,3,190.23
2025-07-17,Google Ads,"Shopping, all products",52.38,7753,87,4,216.99
2025-07-17,Meta Ads,"Prospecting, new customers",71.06,12345,120,1,91.98
2025-07-17,Meta Ads,"Retargeting, site visitors",18.14,1580,36,0,26.26
2025-07-18,Google Ads,Brand search,11.03,250,46,6,412.45
2025-07-18,Google Ads,Generic protein search,44.34,1074,50,0,14.11
2025-07-18,Google Ads,"Shopping, all products",59.87,8849,105,3,159.31
2025-07-18,Meta Ads,"Prospecting, new customers",69.91,10214,108,1,94.16
2025-07-18,Meta Ads,"Retargeting, site visitors",17.34,1791,40,2,26.8
2025-07-19,Google Ads,Brand search,10.34,244,39,3,270.99
2025-07-19,Google Ads,Generic protein search,44.96,893,45,1,20.58
2025-07-19,Google Ads,"Shopping, all products",53.27,7316,95,2,75.01
2025-07-19,Meta Ads,"Prospecting, new customers",67.93,9384,106,2,120.6
2025-07-19,Meta Ads,"Retargeting, site visitors",17.18,1628,36,0,0.0
2025-07-20,Google Ads,Brand search,12.1,286,48,3,84.02
2025-07-20,Google Ads,Generic protein search,48.28,1408,62,0,186.45
2025-07-20,Google Ads,"Shopping, all products",61.07,10491,114,0,30.98
2025-07-20,Meta Ads,"Prospecting, new customers",64.11,11165,126,0,0.0
2025-07-20,Meta Ads,"Retargeting, site visitors",16.46,1581,33,3,28.12
2025-07-21,Google Ads,Brand search,12.58,238,44,0,111.08
2025-07-21,Google Ads,Generic protein search,43.87,940,47,5,132.75
2025-07-21,Google Ads,"Shopping, all products",54.36,8290,100,1,27.1
2025-07-21,Meta Ads,"Prospecting, new customers",77.5,12435,130,3,51.8
2025-07-21,Meta Ads,"Retargeting, site visitors",17.32,1727,38,0,0.0
2025-07-22,Google Ads,Brand search,12.68,260,46,2,103.48
2025-07-22,Google Ads,Generic protein search,45.66,1170,53,0,83.94
2025-07-22,Google Ads,"Shopping, all products",59.8,7952,97,1,100.04
2025-07-22,Meta Ads,"Prospecting, new customers",72.63,10392,118,0,62.91
2025-07-22,Meta Ads,"Retargeting, site visitors",16.2,1573,37,1,32.89
2025-07-23,Google Ads,Brand search,12.7,233,42,2,27.07
2025-07-23,Google Ads,Generic protein search,48.25,1385,61,4,167.25
2025-07-23,Google Ads,"Shopping, all products",53.09,7903,96,2,26.56
2025-07-23,Meta Ads,"Prospecting, new customers",68.83,9774,117,2,80.07
2025-07-23,Meta Ads,"Retargeting, site visitors",16.65,1631,35,0,0.0
2025-07-24,Google Ads,Brand search,10.61,222,42,2,80.0
2025-07-24,Google Ads,Generic protein search,47.72,1052,51,0,0.0
2025-07-24,Google Ads,"Shopping, all products",64.81,8677,116,3,64.6
2025-07-24,Meta Ads,"Prospecting, new customers",68.9,10514,113,0,115.98
2025-07-24,Meta Ads,"Retargeting, site visitors",18.33,1605,34,0,0.0
2025-07-25,Google Ads,Brand search,9.52,183,32,0,0.0
2025-07-25,Google Ads,Generic protein search,40.08,1180,48,0,0.0
2025-07-25,Google Ads,"Shopping, all products",62.92,8121,110,1,56.43
2025-07-25,Meta Ads,"Prospecting, new customers",65.08,9627,95,0,111.96
2025-07-25,Meta Ads,"Retargeting, site visitors",18.72,2496,49,3,109.64
2025-07-26,Google Ads,Brand search,10.75,220,38,0,92.04
2025-07-26,Google Ads,Generic protein search,42.99,1168,50,4,284.6
2025-07-26,Google Ads,"Shopping, all products",59.63,8227,105,0,149.21
2025-07-26,Meta Ads,"Prospecting, new customers",66.66,8131,98,2,104.54
2025-07-26,Meta Ads,"Retargeting, site visitors",18.67,1520,37,3,332.35
2025-07-27,Google Ads,Brand search,11.96,258,45,0,0.0
2025-07-27,Google Ads,Generic protein search,49.64,1372,61,3,147.19
2025-07-27,Google Ads,"Shopping, all products",61.75,6765,95,4,152.33
2025-07-27,Meta Ads,"Prospecting, new customers",72.61,9189,109,1,144.42
2025-07-27,Meta Ads,"Retargeting, site visitors",19.67,2071,42,4,107.35
2025-07-28,Google Ads,Brand search,12.24,234,40,4,177.71
2025-07-28,Google Ads,Generic protein search,40.36,1192,49,4,122.48
2025-07-28,Google Ads,"Shopping, all products",66.28,11254,128,7,193.58
2025-07-28,Meta Ads,"Prospecting, new customers",68.97,10352,105,2,80.0
2025-07-28,Meta Ads,"Retargeting, site visitors",18.09,1686,35,0,36.16
2025-07-29,Google Ads,Brand search,11.03,231,37,3,64.22
2025-07-29,Google Ads,Generic protein search,42.13,1063,49,0,0.0
2025-07-29,Google Ads,"Shopping, all products",69.54,11859,130,6,158.34
2025-07-29,Meta Ads,"Prospecting, new customers",71.67,9169,114,3,73.11
2025-07-29,Meta Ads,"Retargeting, site visitors",17.78,2021,42,0,0.0
2025-07-30,Google Ads,Brand search,11.39,188,36,3,213.28
2025-07-30,Google Ads,Generic protein search,43.88,990,48,8,183.27
2025-07-30,Google Ads,"Shopping, all products",57.37,9952,107,5,244.34
2025-07-30,Meta Ads,"Prospecting, new customers",66.73,9112,109,2,145.33
2025-07-30,Meta Ads,"Retargeting, site visitors",19.82,2303,50,3,98.55
2025-07-31,Google Ads,Brand search,11.41,188,36,1,58.69
2025-07-31,Google Ads,Generic protein search,42.44,1085,50,5,55.37
2025-07-31,Google Ads,"Shopping, all products",60.07,9037,107,5,304.89
2025-07-31,Meta Ads,"Prospecting, new customers",64.12,9227,102,0,121.89
2025-07-31,Meta Ads,"Retargeting, site visitors",18.59,1741,37,1,82.32
2025-08-01,Google Ads,Brand search,11.74,210,39,0,10.66
2025-08-01,Google Ads,Generic protein search,38.86,988,42,2,173.8
2025-08-01,Google Ads,"Shopping, all products",55.94,7946,99,4,97.27
2025-08-01,Meta Ads,"Prospecting, new customers",71.75,9635,118,4,185.54
2025-08-01,Meta Ads,"Retargeting, site visitors",17.83,1694,38,4,109.97
2025-08-02,Google Ads,Brand search,13.66,297,49,4,143.31
2025-08-02,Google Ads,Generic protein search,41.31,939,46,1,62.66
2025-08-02,Google Ads,"Shopping, all products",65.56,8604,113,3,55.32
2025-08-02,Meta Ads,"Prospecting, new customers",67.04,12026,126,0,65.86
2025-08-02,Meta Ads,"Retargeting, site visitors",19.43,1987,39,1,70.69
2025-08-03,Google Ads,Brand search,12.92,242,45,5,179.33
2025-08-03,Google Ads,Generic protein search,43.13,1062,47,0,131.18
2025-08-03,Google Ads,"Shopping, all products",54.91,8732,98,1,137.11
2025-08-03,Meta Ads,"Prospecting, new customers",64.44,8721,105,4,213.04
2025-08-03,Meta Ads,"Retargeting, site visitors",17.5,1792,36,1,14.66
2025-08-04,Google Ads,Brand search,12.39,272,46,1,40.0
2025-08-04,Google Ads,Generic protein search,45.42,1147,50,2,151.7
2025-08-04,Google Ads,"Shopping, all products",63.25,8977,104,6,293.89
2025-08-04,Meta Ads,"Prospecting, new customers",68.25,9011,96,1,22.48
2025-08-04,Meta Ads,"Retargeting, site visitors",15.09,1475,30,3,36.65
2025-08-05,Google Ads,Brand search,13.23,240,47,3,137.54
2025-08-05,Google Ads,Generic protein search,40.83,1022,45,2,34.53
2025-08-05,Google Ads,"Shopping, all products",64.98,12012,129,3,109.27
2025-08-05,Meta Ads,"Prospecting, new customers",71.69,9823,109,1,7.75
2025-08-05,Meta Ads,"Retargeting, site visitors",16.6,2147,40,5,251.01
2025-08-06,Google Ads,Brand search,11.14,180,37,2,117.63
2025-08-06,Google Ads,Generic protein search,49.23,1234,55,3,25.21
2025-08-06,Google Ads,"Shopping, all products",71.9,9771,124,4,213.18
2025-08-06,Meta Ads,"Prospecting, new customers",70.34,10780,124,1,54.55
2025-08-06,Meta Ads,"Retargeting, site visitors",16.52,1622,39,2,80.0
2025-08-07,Google Ads,Brand search,11.65,222,39,0,56.88
2025-08-07,Google Ads,Generic protein search,43.7,1081,51,1,99.33
2025-08-07,Google Ads,"Shopping, all products",57.95,8304,105,5,215.8
2025-08-07,Meta Ads,"Prospecting, new customers",57.99,9307,98,2,78.61
2025-08-07,Meta Ads,"Retargeting, site visitors",15.24,1513,33,0,0.0
2025-08-08,Google Ads,Brand search,11.98,249,43,3,27.9
2025-08-08,Google Ads,Generic protein search,47.31,1335,63,0,0.0
2025-08-08,Google Ads,"Shopping, all products",70.64,11106,138,3,147.96
2025-08-08,Meta Ads,"Prospecting, new customers",76.86,11103,120,2,43.48
2025-08-08,Meta Ads,"Retargeting, site visitors",17.47,1907,40,0,0.0
2025-08-09,Google Ads,Brand search,10.7,238,43,5,118.66
2025-08-09,Google Ads,Generic protein search,38.65,895,44,0,0.0
2025-08-09,Google Ads,"Shopping, all products",58.49,7914,92,2,39.03
2025-08-09,Meta Ads,"Prospecting, new customers",67.0,8541,97,5,27.46
2025-08-09,Meta Ads,"Retargeting, site visitors",18.47,2039,42,0,0.0
2025-08-10,Google Ads,Brand search,10.79,230,37,4,153.14
2025-08-10,Google Ads,Generic protein search,48.17,1225,57,3,208.39
2025-08-10,Google Ads,"Shopping, all products",53.39,8944,105,0,213.45
2025-08-10,Meta Ads,"Prospecting, new customers",65.62,12616,115,4,128.65
2025-08-10,Meta Ads,"Retargeting, site visitors",20.45,2501,48,3,62.57
2025-08-11,Google Ads,Brand search,10.67,177,35,1,67.66
2025-08-11,Google Ads,Generic protein search,40.42,1104,47,3,119.99
2025-08-11,Google Ads,"Shopping, all products",60.89,8069,105,2,275.36
2025-08-11,Meta Ads,"Prospecting, new customers",64.08,9064,98,0,55.47
2025-08-11,Meta Ads,"Retargeting, site visitors",17.98,1750,39,2,31.39
2025-08-12,Google Ads,Brand search,11.88,266,47,0,52.92
2025-08-12,Google Ads,Generic protein search,46.16,1173,55,0,71.22
2025-08-12,Google Ads,"Shopping, all products",55.96,7848,92,2,66.01
2025-08-12,Meta Ads,"Prospecting, new customers",62.66,9576,95,1,16.96
2025-08-12,Meta Ads,"Retargeting, site visitors",18.99,1933,42,2,220.28
2025-08-13,Google Ads,Brand search,12.71,253,47,0,0.0
2025-08-13,Google Ads,Generic protein search,44.31,1089,52,0,72.33
2025-08-13,Google Ads,"Shopping, all products",64.47,9042,116,1,260.56
2025-08-13,Meta Ads,"Prospecting, new customers",65.49,10345,108,6,369.56
2025-08-13,Meta Ads,"Retargeting, site visitors",21.86,1914,43,2,33.83
2025-08-14,Google Ads,Brand search,12.07,235,46,1,93.53
2025-08-14,Google Ads,Generic protein search,50.16,1586,65,2,122.89
2025-08-14,Google Ads,"Shopping, all products",61.91,8429,109,3,374.9
2025-08-14,Meta Ads,"Prospecting, new customers",75.19,13221,137,3,71.65
2025-08-14,Meta Ads,"Retargeting, site visitors",16.42,1734,35,3,124.49
2025-08-15,Google Ads,Brand search,11.75,222,40,3,215.99
2025-08-15,Google Ads,Generic protein search,47.86,1299,52,5,154.31
2025-08-15,Google Ads,"Shopping, all products",64.63,10040,123,2,205.93
2025-08-15,Meta Ads,"Prospecting, new customers",73.8,10352,118,7,185.08
2025-08-15,Meta Ads,"Retargeting, site visitors",15.98,1550,30,0,0.0
2025-08-16,Google Ads,Brand search,9.09,206,34,1,107.16
2025-08-16,Google Ads,Generic protein search,47.27,1275,56,1,14.07
2025-08-16,Google Ads,"Shopping, all products",56.23,10008,111,3,178.7
2025-08-16,Meta Ads,"Prospecting, new customers",66.07,8858,98,1,40.0
2025-08-16,Meta Ads,"Retargeting, site visitors",17.79,2004,42,0,130.21
2025-08-17,Google Ads,Brand search,10.75,188,37,2,74.4
2025-08-17,Google Ads,Generic protein search,48.02,1072,50,0,0.0
2025-08-17,Google Ads,"Shopping, all products",60.86,11672,134,3,170.65
2025-08-17,Meta Ads,"Prospecting, new customers",71.53,10983,123,6,375.06
2025-08-17,Meta Ads,"Retargeting, site visitors",16.62,2033,36,0,45.93
2025-08-18,Google Ads,Brand search,10.55,204,37,2,80.0
2025-08-18,Google Ads,Generic protein search,41.19,1045,48,2,60.63
2025-08-18,Google Ads,"Shopping, all products",61.05,9153,109,14,462.51
2025-08-18,Meta Ads,"Prospecting, new customers",69.57,11591,130,1,46.39
2025-08-18,Meta Ads,"Retargeting, site visitors",17.68,1789,36,3,48.66
2025-08-19,Google Ads,Brand search,13.57,224,44,4,153.76
2025-08-19,Google Ads,Generic protein search,43.05,967,48,1,31.96
2025-08-19,Google Ads,"Shopping, all products",56.03,8049,101,11,391.03
2025-08-19,Meta Ads,"Prospecting, new customers",74.27,11512,125,1,97.09
2025-08-19,Meta Ads,"Retargeting, site visitors",18.56,2400,43,1,40.0
2025-08-20,Google Ads,Brand search,13.05,250,47,7,124.55
2025-08-20,Google Ads,Generic protein search,50.16,1144,54,4,198.19
2025-08-20,Google Ads,"Shopping, all products",56.45,7794,91,6,187.7
2025-08-20,Meta Ads,"Prospecting, new customers",70.76,11631,126,0,0.0
2025-08-20,Meta Ads,"Retargeting, site visitors",16.1,1800,38,0,71.29
2025-08-21,Google Ads,Brand search,11.06,229,44,2,32.19
2025-08-21,Google Ads,Generic protein search,49.03,1182,57,0,69.64
2025-08-21,Google Ads,"Shopping, all products",59.71,8619,106,5,123.71
2025-08-21,Meta Ads,"Prospecting, new customers",70.16,10828,109,2,130.81
2025-08-21,Meta Ads,"Retargeting, site visitors",17.03,1783,36,0,67.43
2025-08-22,Google Ads,Brand search,11.71,240,44,1,64.73
2025-08-22,Google Ads,Generic protein search,44.16,1150,53,0,125.54
2025-08-22,Google Ads,"Shopping, all products",64.02,8997,108,1,243.57
2025-08-22,Meta Ads,"Prospecting, new customers",68.42,10217,112,3,101.06
2025-08-22,Meta Ads,"Retargeting, site visitors",18.6,1997,42,3,128.67
2025-08-23,Google Ads,Brand search,12.49,259,49,11,274.11
2025-08-23,Google Ads,Generic protein search,44.64,1169,49,2,25.26
2025-08-23,Google Ads,"Shopping, all products",73.88,10897,140,7,195.97
2025-08-23,Meta Ads,"Prospecting, new customers",63.11,8601,93,0,82.37
2025-08-23,Meta Ads,"Retargeting, site visitors",20.75,2069,44,2,26.17
2025-08-24,Google Ads,Brand search,11.48,239,41,1,111.62
2025-08-24,Google Ads,Generic protein search,48.36,1163,52,4,33.14
2025-08-24,Google Ads,"Shopping, all products",56.84,8454,103,2,98.44
2025-08-24,Meta Ads,"Prospecting, new customers",65.26,10070,104,1,52.79
2025-08-24,Meta Ads,"Retargeting, site visitors",20.01,2262,45,1,21.72
2025-08-25,Google Ads,Brand search,11.52,215,42,9,314.64
2025-08-25,Google Ads,Generic protein search,53.96,1324,65,1,74.26
2025-08-25,Google Ads,"Shopping, all products",59.6,8309,105,2,137.52
2025-08-25,Meta Ads,"Prospecting, new customers",79.32,12668,135,3,124.76
2025-08-25,Meta Ads,"Retargeting, site visitors",18.32,1930,39,0,0.0
2025-08-26,Google Ads,Brand search,13.13,246,44,1,107.07
2025-08-26,Google Ads,Generic protein search,44.3,1240,52,8,250.81
2025-08-26,Google Ads,"Shopping, all products",54.23,8371,98,2,67.92
2025-08-26,Meta Ads,"Prospecting, new customers",61.62,10199,106,3,84.68
2025-08-26,Meta Ads,"Retargeting, site visitors",17.65,1709,36,1,162.71
2025-08-27,Google Ads,Brand search,11.92,256,43,0,0.0
2025-08-27,Google Ads,Generic protein search,40.71,1145,52,1,28.81
2025-08-27,Google Ads,"Shopping, all products",69.93,10818,136,1,11.05
2025-08-27,Meta Ads,"Prospecting, new customers",74.01,11223,126,3,252.77
2025-08-27,Meta Ads,"Retargeting, site visitors",15.84,1480,32,2,26.39
2025-08-28,Google Ads,Brand search,11.86,226,44,2,126.95
2025-08-28,Google Ads,Generic protein search,38.42,1018,45,1,40.0
2025-08-28,Google Ads,"Shopping, all products",56.41,8348,86,5,172.88
2025-08-28,Meta Ads,"Prospecting, new customers",56.37,10422,102,0,114.66
2025-08-28,Meta Ads,"Retargeting, site visitors",20.47,2031,42,2,68.25
2025-08-29,Google Ads,Brand search,11.87,220,39,0,113.34
2025-08-29,Google Ads,Generic protein search,48.92,1362,64,1,89.45
2025-08-29,Google Ads,"Shopping, all products",51.31,7275,89,4,155.07
2025-08-29,Meta Ads,"Prospecting, new customers",63.53,9353,100,0,44.29
2025-08-29,Meta Ads,"Retargeting, site visitors",17.17,1741,39,0,0.0
2025-08-30,Google Ads,Brand search,11.26,230,43,1,44.64
2025-08-30,Google Ads,Generic protein search,47.91,1175,57,2,148.75
2025-08-30,Google Ads,"Shopping, all products",54.53,8255,97,3,56.33
2025-08-30,Meta Ads,"Prospecting, new customers",69.59,10718,116,0,22.8
2025-08-30,Meta Ads,"Retargeting, site visitors",20.15,2134,46,0,0.0
2025-08-31,Google Ads,Brand search,13.15,250,44,4,183.26
2025-08-31,Google Ads,Generic protein search,39.3,1191,48,0,0.0
2025-08-31,Google Ads,"Shopping, all products",56.33,9264,119,10,183.57
2025-08-31,Meta Ads,"Prospecting, new customers",68.19,10287,117,1,32.49
2025-08-31,Meta Ads,"Retargeting, site visitors",18.75,2160,40,2,34.14
2025-09-01,Google Ads,Brand search,11.49,241,42,7,307.58
2025-09-01,Google Ads,Generic protein search,75.11,1959,87,2,126.7
2025-09-01,Google Ads,"Shopping, all products",81.53,11095,131,8,279.95
2025-09-01,Meta Ads,"Prospecting, new customers",122.27,16619,182,1,110.71
2025-09-01,Meta Ads,"Retargeting, site visitors",27.22,3063,58,3,173.86
2025-09-02,Google Ads,Brand search,11.83,232,42,1,80.72
2025-09-02,Google Ads,Generic protein search,66.56,1488,72,5,150.82
2025-09-02,Google Ads,"Shopping, all products",82.44,13172,150,0,31.7
2025-09-02,Meta Ads,"Prospecting, new customers",122.53,18294,197,0,120.6
2025-09-02,Meta Ads,"Retargeting, site visitors",24.73,2474,53,1,27.33
2025-09-03,Google Ads,Brand search,13.24,264,47,5,241.36
2025-09-03,Google Ads,Generic protein search,85.02,2035,103,3,112.22
2025-09-03,Google Ads,"Shopping, all products",87.51,14005,170,8,383.16
2025-09-03,Meta Ads,"Prospecting, new customers",108.43,15055,181,0,146.42
2025-09-03,Meta Ads,"Retargeting, site visitors",26.15,2707,57,2,167.33
2025-09-04,Google Ads,Brand search,12.01,221,43,1,65.88
2025-09-04,Google Ads,Generic protein search,68.89,1560,82,4,162.28
2025-09-04,Google Ads,"Shopping, all products",81.57,13258,162,7,176.41
2025-09-04,Meta Ads,"Prospecting, new customers",110.97,17688,186,2,216.27
2025-09-04,Meta Ads,"Retargeting, site visitors",28.42,3007,64,0,0.0
2025-09-05,Google Ads,Brand search,11.46,247,44,1,75.14
2025-09-05,Google Ads,Generic protein search,72.6,2481,93,4,59.07
2025-09-05,Google Ads,"Shopping, all products",77.27,12321,150,2,222.67
2025-09-05,Meta Ads,"Prospecting, new customers",90.07,13853,156,1,65.65
2025-09-05,Meta Ads,"Retargeting, site visitors",25.53,2685,55,0,0.0
2025-09-06,Google Ads,Brand search,12.07,218,43,1,126.48
2025-09-06,Google Ads,Generic protein search,64.19,1536,70,2,122.71
2025-09-06,Google Ads,"Shopping, all products",88.66,11197,148,3,105.61
2025-09-06,Meta Ads,"Prospecting, new customers",114.67,18173,179,6,123.0
2025-09-06,Meta Ads,"Retargeting, site visitors",21.69,2012,48,2,184.9
2025-09-07,Google Ads,Brand search,12.44,258,42,3,150.2
2025-09-07,Google Ads,Generic protein search,67.21,1814,76,5,121.12
2025-09-07,Google Ads,"Shopping, all products",93.62,13034,148,3,127.18
2025-09-07,Meta Ads,"Prospecting, new customers",125.12,17030,190,2,67.28
2025-09-07,Meta Ads,"Retargeting, site visitors",22.8,2565,52,0,0.0
2025-09-08,Google Ads,Brand search,13.98,283,53,6,246.21
2025-09-08,Google Ads,Generic protein search,65.46,1649,72,0,116.09
2025-09-08,Google Ads,"Shopping, all products",104.32,15870,193,10,398.21
2025-09-08,Meta Ads,"Prospecting, new customers",111.16,17032,197,4,414.41
2025-09-08,Meta Ads,"Retargeting, site visitors",26.84,2642,59,4,94.68
2025-09-09,Google Ads,Brand search,11.7,220,43,2,27.75
2025-09-09,Google Ads,Generic protein search,62.86,1583,71,2,65.76
2025-09-09,Google Ads,"Shopping, all products",89.65,15855,165,6,273.2
2025-09-09,Meta Ads,"Prospecting, new customers",112.76,16781,185,2,94.27
2025-09-09,Meta Ads,"Retargeting, site visitors",22.93,2647,53,4,34.93
2025-09-10,Google Ads,Brand search,12.06,218,41,4,100.99
2025-09-10,Google Ads,Generic protein search,71.72,2155,91,1,76.79
2025-09-10,Google Ads,"Shopping, all products",91.14,11674,152,6,334.37
2025-09-10,Meta Ads,"Prospecting, new customers",121.01,16554,184,5,202.85
2025-09-10,Meta Ads,"Retargeting, site visitors",29.77,3231,67,3,54.84
2025-09-11,Google Ads,Brand search,10.97,238,42,3,290.49
2025-09-11,Google Ads,Generic protein search,65.12,1735,77,1,64.85
2025-09-11,Google Ads,"Shopping, all products",94.03,13906,163,4,344.13
2025-09-11,Meta Ads,"Prospecting, new customers",111.29,14476,167,7,209.77
2025-09-11,Meta Ads,"Retargeting, site visitors",23.83,2507,51,3,291.88
2025-09-12,Google Ads,Brand search,13.1,275,48,2,98.85
2025-09-12,Google Ads,Generic protein search,67.41,2039,86,2,187.94
2025-09-12,Google Ads,"Shopping, all products",103.72,15896,180,6,422.12
2025-09-12,Meta Ads,"Prospecting, new customers",127.17,19474,200,3,281.5
2025-09-12,Meta Ads,"Retargeting, site visitors",24.88,2729,54,2,205.16
2025-09-13,Google Ads,Brand search,13.16,242,46,1,55.25
2025-09-13,Google Ads,Generic protein search,70.07,1758,74,3,115.98
2025-09-13,Google Ads,"Shopping, all products",102.44,15362,193,1,104.01
2025-09-13,Meta Ads,"Prospecting, new customers",111.67,16732,172,3,186.61
2025-09-13,Meta Ads,"Retargeting, site visitors",27.04,2977,63,6,212.99
2025-09-14,Google Ads,Brand search,11.63,251,45,6,231.09
2025-09-14,Google Ads,Generic protein search,77.27,2057,93,2,245.93
2025-09-14,Google Ads,"Shopping, all products",102.8,13777,168,4,346.1
2025-09-14,Meta Ads,"Prospecting, new customers",98.29,15132,152,2,114.99
2025-09-14,Meta Ads,"Retargeting, site visitors",24.0,2679,58,1,57.6
2025-09-15,Google Ads,Brand search,10.46,200,34,3,357.28
2025-09-15,Google Ads,Generic protein search,78.49,2156,99,3,155.2
2025-09-15,Google Ads,"Shopping, all products",87.6,15493,193,3,335.2
2025-09-15,Meta Ads,"Prospecting, new customers",119.03,18535,189,0,90.88
2025-09-15,Meta Ads,"Retargeting, site visitors",26.25,2699,60,1,156.86
2025-09-16,Google Ads,Brand search,10.72,181,39,3,55.33
2025-09-16,Google Ads,Generic protein search,74.75,1798,75,2,29.01
2025-09-16,Google Ads,"Shopping, all products",108.19,18768,200,7,250.56
2025-09-16,Meta Ads,"Prospecting, new customers",111.39,15797,181,4,231.02
2025-09-16,Meta Ads,"Retargeting, site visitors",22.05,2280,49,4,88.73
2025-09-17,Google Ads,Brand search,11.98,258,44,0,152.49
2025-09-17,Google Ads,Generic protein search,65.8,1940,88,0,0.0
2025-09-17,Google Ads,"Shopping, all products",93.96,12712,160,6,184.59
2025-09-17,Meta Ads,"Prospecting, new customers",104.98,16721,187,2,75.15
2025-09-17,Meta Ads,"Retargeting, site visitors",25.27,2817,59,1,60.93
2025-09-18,Google Ads,Brand search,13.31,269,47,7,174.44
2025-09-18,Google Ads,Generic protein search,78.78,1832,85,1,135.24
2025-09-18,Google Ads,"Shopping, all products",95.58,16612,170,6,362.06
2025-09-18,Meta Ads,"Prospecting, new customers",127.45,21934,215,1,60.64
2025-09-18,Meta Ads,"Retargeting, site visitors",23.79,2014,49,0,0.0
2025-09-19,Google Ads,Brand search,11.94,218,40,6,199.55
2025-09-19,Google Ads,Generic protein search,62.54,1814,78,5,222.87
2025-09-19,Google Ads,"Shopping, all products",102.16,15403,181,1,109.55
2025-09-19,Meta Ads,"Prospecting, new customers",117.64,18349,221,6,316.72
2025-09-19,Meta Ads,"Retargeting, site visitors",27.1,2993,58,3,130.03
2025-09-20,Google Ads,Brand search,10.59,254,41,1,151.93
2025-09-20,Google Ads,Generic protein search,74.65,2078,90,3,107.98
2025-09-20,Google Ads,"Shopping, all products",105.23,18901,215,8,255.23
2025-09-20,Meta Ads,"Prospecting, new customers",112.56,18861,199,7,679.57
2025-09-20,Meta Ads,"Retargeting, site visitors",24.93,2839,60,3,201.91
2025-09-21,Google Ads,Brand search,12.19,290,47,5,174.03
2025-09-21,Google Ads,Generic protein search,75.91,2128,88,3,204.2
2025-09-21,Google Ads,"Shopping, all products",97.7,14289,168,5,222.71
2025-09-21,Meta Ads,"Prospecting, new customers",125.33,17507,204,5,222.32
2025-09-21,Meta Ads,"Retargeting, site visitors",25.39,3156,63,0,62.51
2025-09-22,Google Ads,Brand search,10.97,249,41,4,22.22
2025-09-22,Google Ads,Generic protein search,78.09,1884,92,3,229.52
2025-09-22,Google Ads,"Shopping, all products",91.62,13242,174,8,198.36
2025-09-22,Meta Ads,"Prospecting, new customers",110.38,16438,176,1,78.79
2025-09-22,Meta Ads,"Retargeting, site visitors",25.38,2969,61,0,0.0
2025-09-23,Google Ads,Brand search,12.93,243,44,5,105.48
2025-09-23,Google Ads,Generic protein search,66.62,1791,83,0,94.52
2025-09-23,Google Ads,"Shopping, all products",102.31,13490,182,10,305.27
2025-09-23,Meta Ads,"Prospecting, new customers",120.35,17957,201,2,187.84
2025-09-23,Meta Ads,"Retargeting, site visitors",26.0,2554,55,7,163.39
2025-09-24,Google Ads,Brand search,11.89,234,38,2,72.5
2025-09-24,Google Ads,Generic protein search,71.15,1927,80,0,165.15
2025-09-24,Google Ads,"Shopping, all products",103.48,15031,184,9,212.06
2025-09-24,Meta Ads,"Prospecting, new customers",110.05,16368,191,3,131.08
2025-09-24,Meta Ads,"Retargeting, site visitors",25.46,2441,55,4,25.97
2025-09-25,Google Ads,Brand search,13.08,236,45,2,37.53
2025-09-25,Google Ads,Generic protein search,77.12,2180,98,2,296.01
2025-09-25,Google Ads,"Shopping, all products",100.56,13305,163,11,371.28
2025-09-25,Meta Ads,"Prospecting, new customers",105.93,12131,140,7,232.16
2025-09-25,Meta Ads,"Retargeting, site visitors",27.05,2427,59,0,28.06
2025-09-26,Google Ads,Brand search,12.04,248,43,3,135.25
2025-09-26,Google Ads,Generic protein search,60.31,1629,71,5,170.66
2025-09-26,Google Ads,"Shopping, all products",90.58,13444,160,6,161.04
2025-09-26,Meta Ads,"Prospecting, new customers",112.39,14755,171,6,147.79
2025-09-26,Meta Ads,"Retargeting, site visitors",22.15,2091,45,3,50.12
2025-09-27,Google Ads,Brand search,12.14,240,43,5,162.45
2025-09-27,Google Ads,Generic protein search,76.81,1987,87,6,147.96
2025-09-27,Google Ads,"Shopping, all products",103.01,15862,185,2,172.97
2025-09-27,Meta Ads,"Prospecting, new customers",108.1,16495,167,5,74.8
2025-09-27,Meta Ads,"Retargeting, site visitors",25.56,2450,51,3,341.62
2025-09-28,Google Ads,Brand search,12.83,244,42,2,166.9
2025-09-28,Google Ads,Generic protein search,84.78,2044,96,0,33.39
2025-09-28,Google Ads,"Shopping, all products",88.18,13388,157,0,146.59
2025-09-28,Meta Ads,"Prospecting, new customers",114.5,18660,209,2,183.75
2025-09-28,Meta Ads,"Retargeting, site visitors",26.63,2677,58,0,0.0
2025-09-29,Google Ads,Brand search,10.59,205,35,3,120.13
2025-09-29,Google Ads,Generic protein search,66.88,1648,75,0,0.0
2025-09-29,Google Ads,"Shopping, all products",83.56,12650,160,5,203.4
2025-09-29,Meta Ads,"Prospecting, new customers",108.3,15572,168,11,527.89
2025-09-29,Meta Ads,"Retargeting, site visitors",24.91,2911,56,0,0.0
2025-09-30,Google Ads,Brand search,12.55,258,43,5,111.83
2025-09-30,Google Ads,Generic protein search,68.62,1922,82,2,42.27
2025-09-30,Google Ads,"Shopping, all products",105.96,16779,188,6,165.03
2025-09-30,Meta Ads,"Prospecting, new customers",108.31,14550,154,0,79.65
2025-09-30,Meta Ads,"Retargeting, site visitors",24.6,2733,59,0,113.95
2025-10-01,Google Ads,Brand search,11.59,231,44,3,198.56
2025-10-01,Google Ads,Generic protein search,76.05,1702,85,0,125.82
2025-10-01,Google Ads,"Shopping, all products",94.2,12629,171,3,152.86
2025-10-01,Meta Ads,"Prospecting, new customers",110.08,15732,178,1,92.51
2025-10-01,Meta Ads,"Retargeting, site visitors",23.12,2665,53,3,148.16
2025-10-02,Google Ads,Brand search,11.78,242,44,3,127.61
2025-10-02,Google Ads,Generic protein search,70.66,2297,91,2,216.75
2025-10-02,Google Ads,"Shopping, all products",106.0,15917,189,7,398.45
2025-10-02,Meta Ads,"Prospecting, new customers",91.14,13826,144,1,40.0
2025-10-02,Meta Ads,"Retargeting, site visitors",23.6,2578,55,5,286.69
2025-10-03,Google Ads,Brand search,12.33,239,43,5,68.19
2025-10-03,Google Ads,Generic protein search,82.75,2071,99,9,208.46
2025-10-03,Google Ads,"Shopping, all products",107.73,14994,187,2,145.27
2025-10-03,Meta Ads,"Prospecting, new customers",127.15,19529,210,4,255.72
2025-10-03,Meta Ads,"Retargeting, site visitors",30.12,2964,60,1,10.88
2025-10-04,Google Ads,Brand search,12.91,254,46,5,94.89
2025-10-04,Google Ads,Generic protein search,66.75,2126,83,3,120.6
2025-10-04,Google Ads,"Shopping, all products",104.96,19636,222,11,130.87
2025-10-04,Meta Ads,"Prospecting, new customers",108.47,16060,179,2,137.01
2025-10-04,Meta Ads,"Retargeting, site visitors",25.42,2535,55,6,208.85
2025-10-05,Google Ads,Brand search,11.17,222,38,1,56.88
2025-10-05,Google Ads,Generic protein search,72.38,2215,88,4,174.79
2025-10-05,Google Ads,"Shopping, all products",97.28,13459,175,7,142.56
2025-10-05,Meta Ads,"Prospecting, new customers",115.94,18421,196,5,241.92
2025-10-05,Meta Ads,"Retargeting, site visitors",27.2,2841,58,3,30.91
2025-10-06,Google Ads,Brand search,13.52,297,57,2,75.88
2025-10-06,Google Ads,Generic protein search,76.15,1834,85,5,201.75
2025-10-06,Google Ads,"Shopping, all products",110.43,15757,192,11,327.66
2025-10-06,Meta Ads,"Prospecting, new customers",126.39,18144,201,3,231.9
2025-10-06,Meta Ads,"Retargeting, site visitors",25.95,2509,56,1,58.93
2025-10-07,Google Ads,Brand search,11.2,208,36,1,30.19
2025-10-07,Google Ads,Generic protein search,64.36,1689,73,6,63.8
2025-10-07,Google Ads,"Shopping, all products",110.78,20248,237,7,88.49
2025-10-07,Meta Ads,"Prospecting, new customers",112.53,13371,154,2,108.53
2025-10-07,Meta Ads,"Retargeting, site visitors",26.71,2949,61,1,82.33
2025-10-08,Google Ads,Brand search,11.91,233,41,1,47.83
2025-10-08,Google Ads,Generic protein search,74.99,1859,86,0,108.09
2025-10-08,Google Ads,"Shopping, all products",99.25,17194,203,6,257.77
2025-10-08,Meta Ads,"Prospecting, new customers",117.08,17611,184,2,313.39
2025-10-08,Meta Ads,"Retargeting, site visitors",25.83,3375,68,1,171.57
2025-10-09,Google Ads,Brand search,11.08,234,39,0,20.16
2025-10-09,Google Ads,Generic protein search,71.16,1787,77,0,0.0
2025-10-09,Google Ads,"Shopping, all products",88.54,11535,151,7,614.15
2025-10-09,Meta Ads,"Prospecting, new customers",113.29,14649,154,5,272.68
2025-10-09,Meta Ads,"Retargeting, site visitors",25.66,2841,61,2,64.66
2025-10-10,Google Ads,Brand search,11.57,224,43,3,123.77
2025-10-10,Google Ads,Generic protein search,71.24,1989,90,2,78.35
2025-10-10,Google Ads,"Shopping, all products",91.16,13130,163,1,429.65
2025-10-10,Meta Ads,"Prospecting, new customers",120.54,15666,183,4,200.93
2025-10-10,Meta Ads,"Retargeting, site visitors",26.77,2588,57,0,0.0
2025-10-11,Google Ads,Brand search,13.36,270,47,1,28.58
2025-10-11,Google Ads,Generic protein search,70.75,1923,87,3,101.77
2025-10-11,Google Ads,"Shopping, all products",106.67,17099,220,3,323.29
2025-10-11,Meta Ads,"Prospecting, new customers",85.97,14420,158,2,97.02
2025-10-11,Meta Ads,"Retargeting, site visitors",26.02,2715,59,1,40.0
2025-10-12,Google Ads,Brand search,11.92,244,45,2,247.64
2025-10-12,Google Ads,Generic protein search,68.0,1757,80,0,57.5
2025-10-12,Google Ads,"Shopping, all products",101.66,15654,183,6,221.62
2025-10-12,Meta Ads,"Prospecting, new customers",116.21,19538,197,6,193.58
2025-10-12,Meta Ads,"Retargeting, site visitors",24.14,2538,55,1,59.67
2025-10-13,Google Ads,Brand search,10.51,198,36,1,110.11
2025-10-13,Google Ads,Generic protein search,61.28,1589,76,0,0.0
2025-10-13,Google Ads,"Shopping, all products",82.24,13637,151,0,0.0
2025-10-13,Meta Ads,"Prospecting, new customers",112.49,17487,187,3,213.11
2025-10-13,Meta Ads,"Retargeting, site visitors",23.99,2038,45,3,133.08
2025-10-14,Google Ads,Brand search,12.96,259,45,4,274.92
2025-10-14,Google Ads,Generic protein search,76.68,2008,81,2,30.13
2025-10-14,Google Ads,"Shopping, all products",83.68,12969,160,8,416.35
2025-10-14,Meta Ads,"Prospecting, new customers",104.72,14982,174,3,156.85
2025-10-14,Meta Ads,"Retargeting, site visitors",25.2,2365,52,4,125.55
2025-10-15,Google Ads,Brand search,9.9,169,31,3,158.25
2025-10-15,Google Ads,Generic protein search,70.02,1855,80,2,35.46
2025-10-15,Google Ads,"Shopping, all products",82.24,15545,172,6,343.22
2025-10-15,Meta Ads,"Prospecting, new customers",124.34,14454,170,4,225.85
2025-10-15,Meta Ads,"Retargeting, site visitors",28.78,3414,65,0,61.08
2025-10-16,Google Ads,Brand search,11.98,264,48,2,92.26
2025-10-16,Google Ads,Generic protein search,67.2,1665,74,5,158.64
2025-10-16,Google Ads,"Shopping, all products",100.76,17470,200,1,138.85
2025-10-16,Meta Ads,"Prospecting, new customers",127.15,16306,190,1,47.61
2025-10-16,Meta Ads,"Retargeting, site visitors",26.83,3308,67,4,43.64
2025-10-17,Google Ads,Brand search,10.55,231,36,2,79.52
2025-10-17,Google Ads,Generic protein search,77.36,2152,87,3,158.01
2025-10-17,Google Ads,"Shopping, all products",88.65,14497,168,4,264.85
2025-10-17,Meta Ads,"Prospecting, new customers",111.23,17931,189,6,115.79
2025-10-17,Meta Ads,"Retargeting, site visitors",25.21,2839,60,2,57.09
2025-10-18,Google Ads,Brand search,11.02,211,39,1,27.22
2025-10-18,Google Ads,Generic protein search,75.88,2067,87,1,55.0
2025-10-18,Google Ads,"Shopping, all products",89.31,12748,163,5,163.04
2025-10-18,Meta Ads,"Prospecting, new customers",109.23,16046,162,2,225.73
2025-10-18,Meta Ads,"Retargeting, site visitors",26.45,2965,61,0,178.52
2025-10-19,Google Ads,Brand search,10.53,192,36,1,122.34
2025-10-19,Google Ads,Generic protein search,70.64,1647,78,1,120.03
2025-10-19,Google Ads,"Shopping, all products",97.02,14713,183,5,165.42
2025-10-19,Meta Ads,"Prospecting, new customers",116.21,19537,215,4,126.62
2025-10-19,Meta Ads,"Retargeting, site visitors",25.21,2687,56,1,89.7
2025-10-20,Google Ads,Brand search,11.08,204,39,3,291.01
2025-10-20,Google Ads,Generic protein search,71.76,1806,81,1,153.18
2025-10-20,Google Ads,"Shopping, all products",96.45,13078,170,11,224.98
2025-10-20,Meta Ads,"Prospecting, new customers",111.87,17062,186,4,307.54
2025-10-20,Meta Ads,"Retargeting, site visitors",23.65,2008,48,5,130.54
2025-10-21,Google Ads,Brand search,13.12,268,49,1,56.11
2025-10-21,Google Ads,Generic protein search,64.7,1721,76,2,191.57
2025-10-21,Google Ads,"Shopping, all products",110.86,16374,196,5,281.21
2025-10-21,Meta Ads,"Prospecting, new customers",105.0,15186,160,8,341.04
2025-10-21,Meta Ads,"Retargeting, site visitors",24.66,2440,56,1,201.84
2025-10-22,Google Ads,Brand search,11.37,238,44,3,71.78
2025-10-22,Google Ads,Generic protein search,69.06,1900,79,5,194.9
2025-10-22,Google Ads,"Shopping, all products",97.02,16201,176,3,87.47
2025-10-22,Meta Ads,"Prospecting, new customers",108.86,16757,193,2,137.66
2025-10-22,Meta Ads,"Retargeting, site visitors",23.28,2532,53,0,0.0
2025-10-23,Google Ads,Brand search,10.05,233,36,4,106.3
2025-10-23,Google Ads,Generic protein search,75.16,1960,84,3,124.36
2025-10-23,Google Ads,"Shopping, all products",81.97,10818,139,4,481.93
2025-10-23,Meta Ads,"Prospecting, new customers",108.05,18978,208,10,357.13
2025-10-23,Meta Ads,"Retargeting, site visitors",25.93,2969,57,2,201.93
2025-10-24,Google Ads,Brand search,13.22,238,45,0,0.0
2025-10-24,Google Ads,Generic protein search,68.82,1823,78,0,0.0
2025-10-24,Google Ads,"Shopping, all products",112.82,17748,216,8,240.6
2025-10-24,Meta Ads,"Prospecting, new customers",104.63,16304,178,3,240.16
2025-10-24,Meta Ads,"Retargeting, site visitors",24.62,2699,56,1,31.16
2025-10-25,Google Ads,Brand search,11.42,228,44,3,289.45
2025-10-25,Google Ads,Generic protein search,72.26,2157,94,4,124.52
2025-10-25,Google Ads,"Shopping, all products",102.0,15612,199,8,288.73
2025-10-25,Meta Ads,"Prospecting, new customers",119.33,19329,185,2,82.56
2025-10-25,Meta Ads,"Retargeting, site visitors",24.43,2737,52,2,30.56
2025-10-26,Google Ads,Brand search,12.29,220,45,5,175.52
2025-10-26,Google Ads,Generic protein search,68.79,1575,75,0,152.63
2025-10-26,Google Ads,"Shopping, all products",106.34,17696,223,6,423.83
2025-10-26,Meta Ads,"Prospecting, new customers",113.22,17626,189,1,93.21
2025-10-26,Meta Ads,"Retargeting, site visitors",25.48,3012,66,2,80.0
2025-10-27,Google Ads,Brand search,12.86,262,45,2,205.85
2025-10-27,Google Ads,Generic protein search,79.12,1979,94,1,79.67
2025-10-27,Google Ads,"Shopping, all products",93.91,14926,179,7,340.8
2025-10-27,Meta Ads,"Prospecting, new customers",113.92,16022,176,0,54.18
2025-10-27,Meta Ads,"Retargeting, site visitors",26.01,3176,60,5,137.33
2025-10-28,Google Ads,Brand search,11.72,242,44,4,66.5
2025-10-28,Google Ads,Generic protein search,81.62,2009,100,0,194.72
2025-10-28,Google Ads,"Shopping, all products",90.65,13267,159,4,277.08
2025-10-28,Meta Ads,"Prospecting, new customers",100.54,15439,154,0,123.03
2025-10-28,Meta Ads,"Retargeting, site visitors",27.22,2994,57,0,133.17
2025-10-29,Google Ads,Brand search,12.81,244,47,3,155.97
2025-10-29,Google Ads,Generic protein search,75.1,2055,100,0,0.0
2025-10-29,Google Ads,"Shopping, all products",93.22,14779,174,7,337.71
2025-10-29,Meta Ads,"Prospecting, new customers",97.72,14914,161,8,348.61
2025-10-29,Meta Ads,"Retargeting, site visitors",24.15,2725,57,0,0.0
2025-10-30,Google Ads,Brand search,12.1,257,42,2,188.38
2025-10-30,Google Ads,Generic protein search,72.71,1985,86,2,32.5
2025-10-30,Google Ads,"Shopping, all products",90.34,15231,185,6,239.76
2025-10-30,Meta Ads,"Prospecting, new customers",115.54,17563,197,1,100.47
2025-10-30,Meta Ads,"Retargeting, site visitors",28.64,3048,66,0,28.1
2025-10-31,Google Ads,Brand search,12.2,226,44,1,109.67
2025-10-31,Google Ads,Generic protein search,73.22,1698,77,3,239.0
2025-10-31,Google Ads,"Shopping, all products",96.04,14828,188,2,82.01
2025-10-31,Meta Ads,"Prospecting, new customers",106.89,14734,165,0,0.0
2025-10-31,Meta Ads,"Retargeting, site visitors",27.59,3152,62,4,216.72
2025-11-01,Google Ads,Brand search,13.41,192,34,0,47.3
2025-11-01,Google Ads,Generic protein search,70.91,1478,68,1,30.95
2025-11-01,Google Ads,"Shopping, all products",93.41,10131,124,4,128.3
2025-11-01,Meta Ads,"Prospecting, new customers",175.93,20947,232,3,172.4
2025-11-01,Meta Ads,"Retargeting, site visitors",25.89,2349,44,1,40.0
2025-11-02,Google Ads,Brand search,10.65,178,31,3,76.56
2025-11-02,Google Ads,Generic protein search,70.02,1675,74,5,69.74
2025-11-02,Google Ads,"Shopping, all products",77.68,8461,104,1,56.62
2025-11-02,Meta Ads,"Prospecting, new customers",185.75,22563,247,4,282.98
2025-11-02,Meta Ads,"Retargeting, site visitors",26.83,2335,50,1,33.49
2025-11-03,Google Ads,Brand search,10.96,165,32,2,228.63
2025-11-03,Google Ads,Generic protein search,82.72,1773,79,1,231.17
2025-11-03,Google Ads,"Shopping, all products",91.03,11895,139,9,542.97
2025-11-03,Meta Ads,"Prospecting, new customers",166.87,18599,212,2,218.67
2025-11-03,Meta Ads,"Retargeting, site visitors",25.8,2327,46,4,59.64
2025-11-04,Google Ads,Brand search,11.82,165,32,2,80.0
2025-11-04,Google Ads,Generic protein search,72.07,1446,67,5,154.34
2025-11-04,Google Ads,"Shopping, all products",90.11,9848,123,4,97.75
2025-11-04,Meta Ads,"Prospecting, new customers",156.73,21639,237,6,370.77
2025-11-04,Meta Ads,"Retargeting, site visitors",24.71,1927,41,2,175.3
2025-11-05,Google Ads,Brand search,10.63,160,30,2,150.44
2025-11-05,Google Ads,Generic protein search,68.45,1371,61,1,68.71
2025-11-05,Google Ads,"Shopping, all products",97.96,10791,144,6,300.89
2025-11-05,Meta Ads,"Prospecting, new customers",191.17,24339,280,11,425.33
2025-11-05,Meta Ads,"Retargeting, site visitors",21.95,2043,41,0,30.52
2025-11-06,Google Ads,Brand search,11.55,172,31,0,0.0
2025-11-06,Google Ads,Generic protein search,67.2,1428,64,1,87.18
2025-11-06,Google Ads,"Shopping, all products",100.52,11574,134,2,33.63
2025-11-06,Meta Ads,"Prospecting, new customers",183.48,19723,231,3,118.19
2025-11-06,Meta Ads,"Retargeting, site visitors",24.79,1821,39,3,64.71
2025-11-07,Google Ads,Brand search,11.43,161,27,0,127.91
2025-11-07,Google Ads,Generic protein search,67.4,1271,61,0,96.16
2025-11-07,Google Ads,"Shopping, all products",105.83,11692,143,1,87.81
2025-11-07,Meta Ads,"Prospecting, new customers",176.01,23395,240,1,144.32
2025-11-07,Meta Ads,"Retargeting, site visitors",25.89,1975,44,2,59.28
2025-11-08,Google Ads,Brand search,11.72,178,35,0,88.11
2025-11-08,Google Ads,Generic protein search,66.23,1507,64,5,217.98
2025-11-08,Google Ads,"Shopping, all products",100.35,12596,152,9,457.37
2025-11-08,Meta Ads,"Prospecting, new customers",151.82,20779,222,9,323.71
2025-11-08,Meta Ads,"Retargeting, site visitors",26.03,2145,47,1,129.84
2025-11-09,Google Ads,Brand search,12.66,214,38,4,165.2
2025-11-09,Google Ads,Generic protein search,64.01,1377,58,2,30.41
2025-11-09,Google Ads,"Shopping, all products",96.45,10595,134,1,89.28
2025-11-09,Meta Ads,"Prospecting, new customers",169.42,17479,193,3,315.42
2025-11-09,Meta Ads,"Retargeting, site visitors",27.15,1994,47,3,140.39
2025-11-10,Google Ads,Brand search,12.82,243,39,0,173.03
2025-11-10,Google Ads,Generic protein search,71.54,1483,75,1,40.0
2025-11-10,Google Ads,"Shopping, all products",87.71,9535,116,3,168.95
2025-11-10,Meta Ads,"Prospecting, new customers",167.12,16524,206,2,93.3
2025-11-10,Meta Ads,"Retargeting, site visitors",26.69,2446,54,0,21.85
2025-11-11,Google Ads,Brand search,11.71,186,34,4,95.27
2025-11-11,Google Ads,Generic protein search,74.11,1774,71,6,103.52
2025-11-11,Google Ads,"Shopping, all products",89.99,10668,128,2,54.55
2025-11-11,Meta Ads,"Prospecting, new customers",140.74,16894,190,4,236.48
2025-11-11,Meta Ads,"Retargeting, site visitors",25.11,2382,50,2,301.95
2025-11-12,Google Ads,Brand search,11.56,181,33,11,308.19
2025-11-12,Google Ads,Generic protein search,67.2,1500,67,0,78.49
2025-11-12,Google Ads,"Shopping, all products",96.11,9846,124,0,0.0
2025-11-12,Meta Ads,"Prospecting, new customers",185.35,25554,238,3,287.52
2025-11-12,Meta Ads,"Retargeting, site visitors",24.49,1981,44,0,34.2
2025-11-13,Google Ads,Brand search,11.49,176,31,0,19.07
2025-11-13,Google Ads,Generic protein search,78.59,1979,82,0,86.04
2025-11-13,Google Ads,"Shopping, all products",88.78,11829,135,8,200.98
2025-11-13,Meta Ads,"Prospecting, new customers",195.62,27552,268,7,222.03
2025-11-13,Meta Ads,"Retargeting, site visitors",22.61,1803,38,2,47.24
2025-11-14,Google Ads,Brand search,13.43,176,33,1,45.37
2025-11-14,Google Ads,Generic protein search,61.4,1092,55,0,25.75
2025-11-14,Google Ads,"Shopping, all products",94.56,9700,134,7,328.07
2025-11-14,Meta Ads,"Prospecting, new customers",182.22,21760,241,14,484.35
2025-11-14,Meta Ads,"Retargeting, site visitors",23.91,1751,39,1,69.82
2025-11-15,Google Ads,Brand search,12.5,208,36,3,210.45
2025-11-15,Google Ads,Generic protein search,70.86,1617,74,0,90.89
2025-11-15,Google Ads,"Shopping, all products",70.29,10163,100,2,160.18
2025-11-15,Meta Ads,"Prospecting, new customers",170.73,21292,220,1,77.11
2025-11-15,Meta Ads,"Retargeting, site visitors",29.4,2878,56,2,123.99
2025-11-16,Google Ads,Brand search,12.34,204,33,3,165.42
2025-11-16,Google Ads,Generic protein search,67.31,1520,69,9,202.24
2025-11-16,Google Ads,"Shopping, all products",106.09,12393,146,6,380.52
2025-11-16,Meta Ads,"Prospecting, new customers",204.61,21601,254,11,384.25
2025-11-16,Meta Ads,"Retargeting, site visitors",22.01,1799,40,8,133.77
2025-11-17,Google Ads,Brand search,11.97,199,32,0,25.62
2025-11-17,Google Ads,Generic protein search,70.01,1369,66,2,183.3
2025-11-17,Google Ads,"Shopping, all products",87.84,9998,121,1,79.69
2025-11-17,Meta Ads,"Prospecting, new customers",160.28,19948,212,1,64.0
2025-11-17,Meta Ads,"Retargeting, site visitors",22.03,1904,41,3,127.49
2025-11-18,Google Ads,Brand search,11.35,228,38,2,32.55
2025-11-18,Google Ads,Generic protein search,70.35,1877,77,2,106.42
2025-11-18,Google Ads,"Shopping, all products",104.79,12461,151,2,34.88
2025-11-18,Meta Ads,"Prospecting, new customers",177.4,22885,228,1,173.87
2025-11-18,Meta Ads,"Retargeting, site visitors",21.12,1765,38,0,0.0
2025-11-19,Google Ads,Brand search,10.8,158,29,1,134.66
2025-11-19,Google Ads,Generic protein search,81.8,1570,73,2,69.53
2025-11-19,Google Ads,"Shopping, all products",87.91,10227,116,6,272.23
2025-11-19,Meta Ads,"Prospecting, new customers",192.18,25353,275,7,351.78
2025-11-19,Meta Ads,"Retargeting, site visitors",25.9,2417,48,2,68.95
2025-11-20,Google Ads,Brand search,12.45,186,36,0,0.0
2025-11-20,Google Ads,Generic protein search,71.18,1551,68,0,14.99
2025-11-20,Google Ads,"Shopping, all products",103.03,11284,149,3,90.57
2025-11-20,Meta Ads,"Prospecting, new customers",170.27,23905,242,6,368.22
2025-11-20,Meta Ads,"Retargeting, site visitors",23.52,2032,43,2,34.0
2025-11-21,Google Ads,Brand search,11.17,186,34,3,67.95
2025-11-21,Google Ads,Generic protein search,75.42,1953,83,1,100.7
2025-11-21,Google Ads,"Shopping, all products",92.89,12147,134,4,205.03
2025-11-21,Meta Ads,"Prospecting, new customers",202.42,27988,319,5,104.41
2025-11-21,Meta Ads,"Retargeting, site visitors",24.95,2200,44,1,61.91
2025-11-22,Google Ads,Brand search,11.95,183,33,1,40.0
2025-11-22,Google Ads,Generic protein search,62.64,1209,55,5,15.22
2025-11-22,Google Ads,"Shopping, all products",91.8,12121,133,6,94.87
2025-11-22,Meta Ads,"Prospecting, new customers",177.58,25539,275,4,310.69
2025-11-22,Meta Ads,"Retargeting, site visitors",28.19,2427,55,0,0.0
2025-11-23,Google Ads,Brand search,11.47,156,30,0,0.0
2025-11-23,Google Ads,Generic protein search,71.27,1501,65,3,220.76
2025-11-23,Google Ads,"Shopping, all products",94.18,10895,136,0,58.94
2025-11-23,Meta Ads,"Prospecting, new customers",178.61,20738,221,4,154.99
2025-11-23,Meta Ads,"Retargeting, site visitors",24.8,2121,43,1,79.88
2025-11-24,Google Ads,Brand search,11.29,162,31,2,13.38
2025-11-24,Google Ads,Generic protein search,81.09,1907,80,4,170.86
2025-11-24,Google Ads,"Shopping, all products",94.91,12915,150,4,82.69
2025-11-24,Meta Ads,"Prospecting, new customers",169.81,20270,217,4,269.01
2025-11-24,Meta Ads,"Retargeting, site visitors",24.27,1891,43,0,0.0
2025-11-24,Meta Ads,Black Friday sale,168.32,16139,279,7,413.44
2025-11-25,Google Ads,Brand search,11.34,196,33,5,139.76
2025-11-25,Google Ads,Generic protein search,65.1,1207,56,2,58.11
2025-11-25,Google Ads,"Shopping, all products",91.91,10530,133,4,319.36
2025-11-25,Meta Ads,"Prospecting, new customers",193.2,21824,249,4,100.73
2025-11-25,Meta Ads,"Retargeting, site visitors",25.59,2363,49,0,0.0
2025-11-25,Meta Ads,Black Friday sale,153.21,18648,281,1,36.96
2025-11-26,Google Ads,Brand search,11.7,189,36,3,60.62
2025-11-26,Google Ads,Generic protein search,72.71,1380,62,0,28.12
2025-11-26,Google Ads,"Shopping, all products",87.8,13536,140,2,417.21
2025-11-26,Meta Ads,"Prospecting, new customers",150.94,14410,175,11,477.88
2025-11-26,Meta Ads,"Retargeting, site visitors",23.57,2232,48,1,22.7
2025-11-26,Meta Ads,Black Friday sale,162.98,16789,251,9,218.73
2025-11-27,Google Ads,Brand search,12.31,222,37,4,175.82
2025-11-27,Google Ads,Generic protein search,74.75,1673,69,0,0.0
2025-11-27,Google Ads,"Shopping, all products",102.63,13273,153,2,291.36
2025-11-27,Meta Ads,"Prospecting, new customers",194.5,24077,268,4,165.12
2025-11-27,Meta Ads,"Retargeting, site visitors",26.07,2379,47,0,0.0
2025-11-27,Meta Ads,Black Friday sale,175.94,15281,291,6,226.52
2025-11-28,Google Ads,Brand search,11.73,162,31,3,78.15
2025-11-28,Google Ads,Generic protein search,72.26,1957,80,8,326.32
2025-11-28,Google Ads,"Shopping, all products",95.0,11218,140,11,343.45
2025-11-28,Meta Ads,"Prospecting, new customers",162.58,23616,234,3,168.73
2025-11-28,Meta Ads,"Retargeting, site visitors",23.71,1790,38,3,22.41
2025-11-28,Meta Ads,Black Friday sale,170.84,16548,258,15,637.01
2025-11-29,Google Ads,Brand search,11.02,182,32,9,503.61
2025-11-29,Google Ads,Generic protein search,76.62,1523,70,0,162.1
2025-11-29,Google Ads,"Shopping, all products",101.02,13815,159,24,401.05
2025-11-29,Meta Ads,"Prospecting, new customers",186.05,21960,238,16,453.67
2025-11-29,Meta Ads,"Retargeting, site visitors",22.95,1873,42,6,88.31
2025-11-29,Meta Ads,Black Friday sale,164.69,16629,275,11,357.69
2025-11-30,Google Ads,Brand search,12.17,189,33,4,169.93
2025-11-30,Google Ads,Generic protein search,72.22,1464,69,4,133.21
2025-11-30,Google Ads,"Shopping, all products",86.36,11161,125,19,430.14
2025-11-30,Meta Ads,"Prospecting, new customers",174.58,22839,249,14,505.29
2025-11-30,Meta Ads,"Retargeting, site visitors",23.44,1980,43,2,81.6
2025-11-30,Meta Ads,Black Friday sale,147.35,17079,248,10,561.94
2025-12-01,Google Ads,Brand search,11.84,246,45,4,226.64
2025-12-01,Google Ads,Generic protein search,76.3,1944,88,2,118.71
2025-12-01,Google Ads,"Shopping, all products",101.5,14689,168,11,436.23
2025-12-01,Meta Ads,"Prospecting, new customers",102.19,15309,157,1,15.92
2025-12-01,Meta Ads,"Retargeting, site visitors",22.2,2297,47,1,22.88
2025-12-01,Meta Ads,Black Friday sale,149.05,20259,313,12,635.44
2025-12-02,Google Ads,Brand search,12.34,278,44,1,40.0
2025-12-02,Google Ads,Generic protein search,58.73,1432,66,0,26.94
2025-12-02,Google Ads,"Shopping, all products",113.8,15738,193,11,209.25
2025-12-02,Meta Ads,"Prospecting, new customers",126.39,16320,182,5,222.07
2025-12-02,Meta Ads,"Retargeting, site visitors",25.78,2618,55,1,40.0
2025-12-03,Google Ads,Brand search,12.05,245,41,2,94.82
2025-12-03,Google Ads,Generic protein search,72.45,1861,85,6,196.48
2025-12-03,Google Ads,"Shopping, all products",99.19,14257,172,4,471.91
2025-12-03,Meta Ads,"Prospecting, new customers",88.74,11572,135,3,177.17
2025-12-03,Meta Ads,"Retargeting, site visitors",22.55,2674,54,2,43.09
2025-12-04,Google Ads,Brand search,11.53,245,42,5,260.97
2025-12-04,Google Ads,Generic protein search,82.42,2060,92,3,211.35
2025-12-04,Google Ads,"Shopping, all products",100.17,12154,161,4,252.92
2025-12-04,Meta Ads,"Prospecting, new customers",115.11,17986,201,1,108.37
2025-12-04,Meta Ads,"Retargeting, site visitors",26.22,2427,53,3,180.63
2025-12-05,Google Ads,Brand search,11.72,225,39,4,100.28
2025-12-05,Google Ads,Generic protein search,72.98,2082,91,0,62.82
2025-12-05,Google Ads,"Shopping, all products",100.35,14388,171,0,10.9
2025-12-05,Meta Ads,"Prospecting, new customers",110.08,14621,175,1,149.8
2025-12-05,Meta Ads,"Retargeting, site visitors",28.93,2993,59,3,87.5
2025-12-06,Google Ads,Brand search,12.68,281,50,1,55.06
2025-12-06,Google Ads,Generic protein search,79.65,1909,81,0,27.38
2025-12-06,Google Ads,"Shopping, all products",89.77,13258,162,6,170.28
2025-12-06,Meta Ads,"Prospecting, new customers",108.29,17438,182,3,162.31
2025-12-06,Meta Ads,"Retargeting, site visitors",26.51,2427,55,0,0.0
2025-12-07,Google Ads,Brand search,12.46,237,43,4,174.28
2025-12-07,Google Ads,Generic protein search,68.09,1780,77,1,71.11
2025-12-07,Google Ads,"Shopping, all products",90.16,12091,143,5,457.42
2025-12-07,Meta Ads,"Prospecting, new customers",111.7,18756,195,5,244.98
2025-12-07,Meta Ads,"Retargeting, site visitors",26.13,2644,54,1,81.2
2025-12-08,Google Ads,Brand search,11.39,260,49,0,37.86
2025-12-08,Google Ads,Generic protein search,77.91,2095,93,3,230.7
2025-12-08,Google Ads,"Shopping, all products",96.61,14411,182,3,156.2
2025-12-08,Meta Ads,"Prospecting, new customers",114.88,14031,168,5,102.41
2025-12-08,Meta Ads,"Retargeting, site visitors",25.23,2844,54,1,209.84
2025-12-09,Google Ads,Brand search,13.1,226,40,2,41.24
2025-12-09,Google Ads,Generic protein search,71.68,1713,77,2,294.22
2025-12-09,Google Ads,"Shopping, all products",82.94,11276,138,1,136.0
2025-12-09,Meta Ads,"Prospecting, new customers",125.81,19955,200,1,200.72
2025-12-09,Meta Ads,"Retargeting, site visitors",26.42,2309,55,0,317.26
2025-12-10,Google Ads,Brand search,12.28,238,47,1,108.81
2025-12-10,Google Ads,Generic protein search,68.77,1559,73,1,144.85
2025-12-10,Google Ads,"Shopping, all products",102.8,14362,191,8,366.37
2025-12-10,Meta Ads,"Prospecting, new customers",128.06,22312,246,5,314.11
2025-12-10,Meta Ads,"Retargeting, site visitors",24.56,2575,54,1,79.81
2025-12-11,Google Ads,Brand search,12.91,251,46,7,142.41
2025-12-11,Google Ads,Generic protein search,72.92,1796,82,4,77.07
2025-12-11,Google Ads,"Shopping, all products",92.58,11982,147,2,49.17
2025-12-11,Meta Ads,"Prospecting, new customers",107.43,13834,157,1,127.62
2025-12-11,Meta Ads,"Retargeting, site visitors",29.23,2954,63,6,58.13
2025-12-12,Google Ads,Brand search,10.76,210,35,3,150.65
2025-12-12,Google Ads,Generic protein search,72.86,1594,72,4,237.24
2025-12-12,Google Ads,"Shopping, all products",86.25,15682,160,3,208.99
2025-12-12,Meta Ads,"Prospecting, new customers",117.58,15001,164,7,167.78
2025-12-12,Meta Ads,"Retargeting, site visitors",27.27,2692,55,1,78.97
2025-12-13,Google Ads,Brand search,12.26,265,47,6,294.07
2025-12-13,Google Ads,Generic protein search,63.35,1594,71,0,0.0
2025-12-13,Google Ads,"Shopping, all products",89.38,11960,144,2,28.12
2025-12-13,Meta Ads,"Prospecting, new customers",103.16,17304,183,3,143.69
2025-12-13,Meta Ads,"Retargeting, site visitors",24.35,2576,57,2,88.61
2025-12-14,Google Ads,Brand search,11.88,228,44,0,109.46
2025-12-14,Google Ads,Generic protein search,69.26,1696,73,1,88.42
2025-12-14,Google Ads,"Shopping, all products",96.63,14915,183,5,225.61
2025-12-14,Meta Ads,"Prospecting, new customers",114.75,16179,197,1,86.13
2025-12-14,Meta Ads,"Retargeting, site visitors",28.04,2926,68,1,102.29
2025-12-15,Google Ads,Brand search,11.79,210,37,4,97.33
2025-12-15,Google Ads,Generic protein search,71.64,2004,97,5,222.26
2025-12-15,Google Ads,"Shopping, all products",92.83,13431,159,3,66.47
2025-12-15,Meta Ads,"Prospecting, new customers",104.06,15656,175,1,119.95
2025-12-15,Meta Ads,"Retargeting, site visitors",21.99,2290,44,1,27.51
2025-12-16,Google Ads,Brand search,12.07,221,44,2,412.2
2025-12-16,Google Ads,Generic protein search,71.57,2246,95,3,145.2
2025-12-16,Google Ads,"Shopping, all products",91.38,14390,167,5,92.5
2025-12-16,Meta Ads,"Prospecting, new customers",101.21,15073,170,7,316.21
2025-12-16,Meta Ads,"Retargeting, site visitors",21.28,2493,47,0,32.91
2025-12-17,Google Ads,Brand search,13.55,237,43,6,295.78
2025-12-17,Google Ads,Generic protein search,67.09,2126,93,1,170.06
2025-12-17,Google Ads,"Shopping, all products",82.87,11621,141,3,145.62
2025-12-17,Meta Ads,"Prospecting, new customers",113.95,16969,210,4,210.12
2025-12-17,Meta Ads,"Retargeting, site visitors",23.3,2506,53,1,98.95
2025-12-18,Google Ads,Brand search,12.07,236,40,6,222.06
2025-12-18,Google Ads,Generic protein search,73.23,1693,82,1,42.91
2025-12-18,Google Ads,"Shopping, all products",107.24,15138,185,7,155.25
2025-12-18,Meta Ads,"Prospecting, new customers",106.7,14624,161,4,106.87
2025-12-18,Meta Ads,"Retargeting, site visitors",26.89,2955,62,0,138.38
2025-12-19,Google Ads,Brand search,12.61,254,45,2,113.24
2025-12-19,Google Ads,Generic protein search,72.39,2233,86,1,35.08
2025-12-19,Google Ads,"Shopping, all products",98.5,16772,199,6,294.01
2025-12-19,Meta Ads,"Prospecting, new customers",103.42,13326,159,1,40.0
2025-12-19,Meta Ads,"Retargeting, site visitors",24.35,3132,57,5,134.49
2025-12-20,Google Ads,Brand search,10.18,244,42,7,75.54
2025-12-20,Google Ads,Generic protein search,72.42,2147,97,12,150.48
2025-12-20,Google Ads,"Shopping, all products",104.05,15739,199,7,349.33
2025-12-20,Meta Ads,"Prospecting, new customers",107.68,18149,190,8,365.61
2025-12-20,Meta Ads,"Retargeting, site visitors",25.0,2758,59,1,117.98
2025-12-21,Google Ads,Brand search,12.63,249,46,2,230.94
2025-12-21,Google Ads,Generic protein search,84.15,2287,87,2,28.34
2025-12-21,Google Ads,"Shopping, all products",96.99,13834,170,11,266.11
2025-12-21,Meta Ads,"Prospecting, new customers",106.49,18196,192,3,42.99
2025-12-21,Meta Ads,"Retargeting, site visitors",25.21,2753,56,0,31.03
2025-12-22,Google Ads,Brand search,11.58,197,38,3,78.75
2025-12-22,Google Ads,Generic protein search,82.0,2337,92,3,68.04
2025-12-22,Google Ads,"Shopping, all products",100.97,13974,192,1,46.21
2025-12-22,Meta Ads,"Prospecting, new customers",117.1,18711,198,1,179.77
2025-12-22,Meta Ads,"Retargeting, site visitors",23.57,2628,53,3,123.34
2025-12-23,Google Ads,Brand search,12.34,248,44,1,127.53
2025-12-23,Google Ads,Generic protein search,65.46,1666,78,2,32.57
2025-12-23,Google Ads,"Shopping, all products",99.85,12929,172,4,92.71
2025-12-23,Meta Ads,"Prospecting, new customers",105.36,15952,170,6,203.39
2025-12-23,Meta Ads,"Retargeting, site visitors",22.57,2211,50,3,103.93
2025-12-24,Google Ads,Brand search,11.44,213,38,1,31.94
2025-12-24,Google Ads,Generic protein search,68.22,1837,82,1,72.89
2025-12-24,Google Ads,"Shopping, all products",89.97,12937,149,2,117.21
2025-12-24,Meta Ads,"Prospecting, new customers",105.33,16065,179,4,82.66
2025-12-24,Meta Ads,"Retargeting, site visitors",26.78,2576,56,1,43.33
2025-12-25,Google Ads,Brand search,12.17,241,43,3,151.39
2025-12-25,Google Ads,Generic protein search,69.75,1559,76,0,51.29
2025-12-25,Google Ads,"Shopping, all products",106.01,14812,186,8,418.59
2025-12-25,Meta Ads,"Prospecting, new customers",98.75,15261,162,3,59.83
2025-12-25,Meta Ads,"Retargeting, site visitors",24.89,2591,53,3,112.74
2025-12-26,Google Ads,Brand search,13.38,274,47,5,266.01
2025-12-26,Google Ads,Generic protein search,73.24,1659,77,2,27.56
2025-12-26,Google Ads,"Shopping, all products",101.08,16640,181,3,215.04
2025-12-26,Meta Ads,"Prospecting, new customers",104.89,17609,181,3,268.64
2025-12-26,Meta Ads,"Retargeting, site visitors",27.1,3170,66,1,40.0
2025-12-27,Google Ads,Brand search,12.7,282,49,3,155.06
2025-12-27,Google Ads,Generic protein search,78.22,1924,89,2,10.55
2025-12-27,Google Ads,"Shopping, all products",107.86,16338,190,7,379.83
2025-12-27,Meta Ads,"Prospecting, new customers",111.02,18399,182,4,242.99
2025-12-27,Meta Ads,"Retargeting, site visitors",26.18,2881,61,0,52.25
2025-12-28,Google Ads,Brand search,11.67,285,44,3,116.49
2025-12-28,Google Ads,Generic protein search,79.17,2022,90,4,42.94
2025-12-28,Google Ads,"Shopping, all products",94.37,15458,162,3,125.32
2025-12-28,Meta Ads,"Prospecting, new customers",121.23,18630,216,10,161.77
2025-12-28,Meta Ads,"Retargeting, site visitors",24.0,2871,58,0,0.0
2025-12-29,Google Ads,Brand search,11.18,222,39,0,0.0
2025-12-29,Google Ads,Generic protein search,70.81,1805,84,0,55.98
2025-12-29,Google Ads,"Shopping, all products",100.92,13562,173,2,322.24
2025-12-29,Meta Ads,"Prospecting, new customers",113.86,16807,185,1,125.91
2025-12-29,Meta Ads,"Retargeting, site visitors",24.88,2788,56,0,27.01
2025-12-30,Google Ads,Brand search,12.02,266,46,4,146.24
2025-12-30,Google Ads,Generic protein search,81.07,2075,87,3,290.66
2025-12-30,Google Ads,"Shopping, all products",109.4,16600,192,0,0.0
2025-12-30,Meta Ads,"Prospecting, new customers",126.06,20507,220,3,311.13
2025-12-30,Meta Ads,"Retargeting, site visitors",24.49,3121,61,1,42.91
2025-12-31,Google Ads,Brand search,11.45,213,40,5,230.82
2025-12-31,Google Ads,Generic protein search,67.91,1639,74,6,116.58
2025-12-31,Google Ads,"Shopping, all products",91.75,14158,172,6,461.41
2025-12-31,Meta Ads,"Prospecting, new customers",108.3,16661,181,2,106.25
2025-12-31,Meta Ads,"Retargeting, site visitors",22.38,2099,44,0,0.0
