Date,Session default channel group,Sessions,Total users,New users,Engaged sessions,Add to carts,Checkouts,Ecommerce purchases,Purchase revenue
2025-01-01,Organic Search,560,472,273,321,50,22,19,563.3
2025-01-01,Direct,307,268,93,201,43,22,22,811.37
2025-01-01,Organic Social,150,123,76,66,4,1,1,102.82
2025-01-01,Referral,67,56,32,38,5,3,1,25.49
2025-01-01,Email,403,349,41,299,81,42,27,1062.9
2025-01-01,Paid Search,161,137,79,93,27,11,4,115.53
2025-01-01,Paid Social,167,144,112,63,8,4,4,107.04
2025-01-02,Organic Search,575,488,283,319,45,18,13,449.43
2025-01-02,Direct,315,259,90,207,48,28,16,783.39
2025-01-02,Organic Social,140,124,76,61,6,6,0,0.0
2025-01-02,Referral,66,57,33,38,5,4,1,50.98
2025-01-02,Email,987,859,103,661,206,108,81,3529.43
2025-01-02,Paid Search,154,132,76,89,18,9,8,261.69
2025-01-02,Paid Social,159,138,107,62,5,5,5,176.73
2025-01-03,Organic Search,567,495,287,326,56,36,25,1214.18
2025-01-03,Direct,281,245,85,188,47,24,17,698.41
2025-01-03,Organic Social,146,125,77,68,7,3,1,32.28
2025-01-03,Referral,61,51,29,36,4,2,2,39.92
2025-01-03,Email,410,340,40,291,102,55,34,1568.46
2025-01-03,Paid Search,164,143,82,94,16,9,7,254.9
2025-01-03,Paid Social,168,146,113,63,4,4,4,193.72
2025-01-04,Organic Search,573,500,290,335,70,36,20,768.05
2025-01-04,Direct,264,222,77,170,38,19,19,853.91
2025-01-04,Organic Social,116,101,62,52,6,4,3,79.01
2025-01-04,Referral,59,49,28,33,6,4,4,255.76
2025-01-04,Email,401,331,39,280,91,36,28,937.97
2025-01-04,Paid Search,163,145,84,97,17,10,7,316.92
2025-01-04,Paid Social,149,132,102,57,8,4,4,140.19
2025-01-05,Organic Search,618,535,310,373,60,27,24,994.07
2025-01-05,Direct,281,237,82,185,44,19,10,468.17
2025-01-05,Organic Social,140,120,74,63,9,6,4,140.19
2025-01-05,Referral,66,55,31,40,6,5,3,167.36
2025-01-05,Email,416,357,42,301,87,39,33,1277.83
2025-01-05,Paid Search,143,127,73,84,15,8,8,248.92
2025-01-05,Paid Social,156,139,108,58,11,5,4,102.8
2025-01-06,Organic Search,651,563,326,374,74,41,16,693.29
2025-01-06,Direct,346,301,105,220,56,33,13,416.32
2025-01-06,Organic Social,157,135,83,71,6,4,2,76.47
2025-01-06,Referral,71,61,35,39,5,3,0,0.0
2025-01-06,Email,412,349,41,302,101,49,31,1306.76
2025-01-06,Paid Search,147,124,71,81,11,11,11,424.79
2025-01-06,Paid Social,149,125,97,54,5,3,1,57.77
2025-01-07,Organic Search,578,500,290,328,61,30,13,440.97
2025-01-07,Direct,326,273,95,216,50,23,14,586.24
2025-01-07,Organic Social,152,127,78,69,6,3,2,117.26
2025-01-07,Referral,72,60,34,40,3,2,1,63.72
2025-01-07,Email,410,342,41,287,94,47,29,938.82
2025-01-07,Paid Search,161,142,82,95,26,10,7,199.65
2025-01-07,Paid Social,172,153,119,68,13,7,7,296.53
2025-01-08,Organic Search,592,509,295,344,56,32,21,956.69
2025-01-08,Direct,313,264,92,208,45,24,15,547.99
2025-01-08,Organic Social,155,138,85,70,3,2,2,59.47
2025-01-08,Referral,70,61,35,40,5,5,5,149.54
2025-01-08,Email,415,362,43,299,102,51,30,1050.98
2025-01-08,Paid Search,145,115,66,85,14,8,8,377.24
2025-01-08,Paid Social,156,133,103,56,9,8,5,152.08
2025-01-09,Organic Search,616,539,312,355,58,30,16,485.96
2025-01-09,Direct,299,252,88,195,51,25,9,297.38
2025-01-09,Organic Social,149,127,78,68,4,1,0,0.0
2025-01-09,Referral,68,60,34,38,3,1,1,46.74
2025-01-09,Email,824,708,84,582,193,93,57,2119.81
2025-01-09,Paid Search,127,110,63,72,20,9,5,182.67
2025-01-09,Paid Social,174,153,119,69,12,8,8,296.55
2025-01-10,Organic Search,625,545,316,362,62,28,21,824.15
2025-01-10,Direct,286,246,86,190,55,27,11,440.14
2025-01-10,Organic Social,166,146,90,74,9,5,1,25.49
2025-01-10,Referral,59,49,28,34,6,4,1,8.49
2025-01-10,Email,411,353,42,312,107,58,32,1197.13
2025-01-10,Paid Search,152,129,74,83,21,13,9,452.84
2025-01-10,Paid Social,147,130,101,54,6,3,3,220.92
2025-01-11,Organic Search,527,462,267,295,39,20,16,613.43
2025-01-11,Direct,311,254,88,204,59,39,9,588.84
2025-01-11,Organic Social,132,116,71,58,7,4,1,28.04
2025-01-11,Referral,58,47,27,33,3,1,0,0.0
2025-01-11,Email,396,335,40,282,91,47,32,1291.5
2025-01-11,Paid Search,126,105,60,71,22,9,6,214.96
2025-01-11,Paid Social,159,136,106,61,8,5,5,197.95
2025-01-12,Organic Search,559,492,285,320,50,24,21,704.32
2025-01-12,Direct,267,233,81,189,44,17,11,366.18
2025-01-12,Organic Social,141,120,74,64,4,4,1,25.49
2025-01-12,Referral,61,50,28,35,6,3,2,59.47
2025-01-12,Email,408,336,40,291,94,50,34,1565.06
2025-01-12,Paid Search,169,146,84,96,15,7,7,348.38
2025-01-12,Paid Social,178,149,116,66,9,6,6,209.85
2025-01-13,Organic Search,604,507,294,345,68,33,24,1158.07
2025-01-13,Direct,333,294,102,217,50,22,14,547.99
2025-01-13,Organic Social,165,146,90,78,5,5,5,154.62
2025-01-13,Referral,69,58,33,38,5,3,1,46.74
2025-01-13,Email,414,358,42,297,92,45,31,1429.99
2025-01-13,Paid Search,155,133,77,85,15,8,8,339.87
2025-01-13,Paid Social,164,138,107,65,12,7,7,314.36
2025-01-14,Organic Search,551,457,265,339,55,24,22,1076.52
2025-01-14,Direct,336,277,96,228,53,31,14,451.15
2025-01-14,Organic Social,155,129,79,68,7,4,1,50.98
2025-01-14,Referral,71,59,34,40,9,5,3,157.18
2025-01-14,Email,414,363,43,304,96,55,35,1360.27
2025-01-14,Paid Search,149,126,73,88,19,8,7,310.11
2025-01-14,Paid Social,138,117,91,54,7,2,2,130.0
2025-01-15,Organic Search,601,514,298,337,56,28,13,759.77
2025-01-15,Direct,249,213,74,163,27,11,9,295.85
2025-01-15,Organic Social,127,107,66,58,4,2,2,79.98
2025-01-15,Referral,51,46,26,28,1,1,1,144.95
2025-01-15,Email,39,32,3,27,6,3,2,67.97
2025-01-15,Paid Search,164,139,80,91,17,9,9,314.87
2025-01-15,Paid Social,141,119,92,56,5,4,4,177.93
2025-01-16,Organic Search,521,456,264,315,31,18,18,742.67
2025-01-16,Direct,274,231,80,182,35,16,7,314.88
2025-01-16,Organic Social,125,106,65,54,2,2,2,49.98
2025-01-16,Referral,54,46,26,30,4,2,0,0.0
2025-01-16,Email,470,413,49,343,86,43,23,1083.66
2025-01-16,Paid Search,142,116,67,83,11,6,4,204.93
2025-01-16,Paid Social,152,125,97,60,4,3,3,129.96
2025-01-17,Organic Search,472,407,236,274,35,12,10,395.84
2025-01-17,Direct,273,234,81,178,37,17,6,282.91
2025-01-17,Organic Social,119,103,63,51,6,3,1,140.96
2025-01-17,Referral,62,52,30,37,7,3,2,59.98
2025-01-17,Email,24,20,2,17,1,1,0,0.0
2025-01-17,Paid Search,176,155,89,104,19,6,4,214.93
2025-01-17,Paid Social,151,132,102,59,9,4,2,102.96
2025-01-18,Organic Search,482,403,233,265,46,30,11,476.82
2025-01-18,Direct,206,183,64,138,28,10,10,390.87
2025-01-18,Organic Social,122,108,66,55,5,3,0,0.0
2025-01-18,Referral,46,38,22,26,5,3,1,24.99
2025-01-18,Email,34,30,3,23,5,2,1,109.98
2025-01-18,Paid Search,145,126,73,85,21,9,5,254.91
2025-01-18,Paid Social,144,123,95,56,5,3,1,29.99
2025-01-19,Organic Search,526,452,262,293,37,18,18,729.71
2025-01-19,Direct,268,230,80,180,29,13,11,593.81
2025-01-19,Organic Social,137,118,73,62,9,4,0,0.0
2025-01-19,Referral,57,46,26,31,6,2,2,96.96
2025-01-19,Email,43,36,4,31,14,10,2,134.97
2025-01-19,Paid Search,139,120,69,79,15,6,2,128.93
2025-01-19,Paid Social,145,122,95,56,6,4,4,277.9
2025-01-20,Organic Search,554,464,269,331,40,22,13,682.72
2025-01-20,Direct,282,242,84,182,36,23,10,503.84
2025-01-20,Organic Social,145,126,78,64,0,0,0,0.0
2025-01-20,Referral,64,54,31,36,6,5,1,74.98
2025-01-20,Email,25,20,2,18,4,2,2,65.96
2025-01-20,Paid Search,167,143,82,100,20,8,5,287.91
2025-01-20,Paid Social,165,145,113,60,9,4,4,227.94
2025-01-21,Organic Search,613,512,296,336,51,31,7,254.9
2025-01-21,Direct,274,229,80,192,40,19,15,740.75
2025-01-21,Organic Social,132,114,70,60,4,4,1,49.98
2025-01-21,Referral,64,53,30,35,3,2,2,107.96
2025-01-21,Email,35,29,3,24,4,2,2,109.95
2025-01-21,Paid Search,149,128,74,86,21,9,9,267.88
2025-01-21,Paid Social,142,122,95,51,3,1,1,66.97
2025-01-22,Organic Search,630,535,310,361,45,20,9,429.86
2025-01-22,Direct,282,259,90,184,48,26,6,549.82
2025-01-22,Organic Social,132,108,66,59,1,1,0,0.0
2025-01-22,Referral,64,53,30,39,5,3,1,29.99
2025-01-22,Email,35,29,3,24,5,2,1,29.99
2025-01-22,Paid Search,166,140,81,102,16,9,6,243.9
2025-01-22,Paid Social,164,142,110,64,7,4,1,109.98
2025-01-23,Organic Search,504,432,250,302,46,24,12,773.75
2025-01-23,Direct,259,224,78,179,31,22,4,200.92
2025-01-23,Organic Social,133,112,69,60,5,3,0,0.0
2025-01-23,Referral,56,48,27,34,1,1,1,29.99
2025-01-23,Email,464,400,48,334,92,47,23,1257.51
2025-01-23,Paid Search,165,138,80,94,19,7,7,263.88
2025-01-23,Paid Social,147,125,97,52,6,3,2,162.94
2025-01-24,Organic Search,535,481,278,316,42,22,8,451.87
2025-01-24,Direct,247,205,71,162,21,9,7,232.92
2025-01-24,Organic Social,116,102,63,53,3,2,1,75.96
2025-01-24,Referral,56,50,28,31,7,4,0,0.0
2025-01-24,Email,26,22,2,17,3,1,1,12.99
2025-01-24,Paid Search,148,125,72,86,15,5,4,216.91
2025-01-24,Paid Social,143,121,94,55,6,3,3,109.96
2025-01-25,Organic Search,469,388,225,285,32,16,16,662.73
2025-01-25,Direct,230,207,72,152,26,14,14,703.76
2025-01-25,Organic Social,115,97,60,52,3,2,2,107.97
2025-01-25,Referral,52,43,24,29,4,0,0,0.0
2025-01-25,Email,40,34,4,28,6,5,3,107.96
2025-01-25,Paid Search,145,123,71,84,13,5,4,129.95
2025-01-25,Paid Social,151,129,100,59,5,5,5,149.94
2025-01-26,Organic Search,518,435,252,307,47,17,7,354.87
2025-01-26,Direct,234,205,71,164,20,8,7,296.89
2025-01-26,Organic Social,123,105,65,58,6,3,1,84.97
2025-01-26,Referral,57,51,29,32,5,2,1,84.97
2025-01-26,Email,43,38,4,32,11,4,1,29.99
2025-01-26,Paid Search,164,142,82,96,9,4,4,109.95
2025-01-26,Paid Social,164,136,106,58,5,2,2,29.98
2025-01-27,Organic Search,590,511,296,336,42,20,13,808.72
2025-01-27,Direct,303,264,92,203,33,15,9,526.84
2025-01-27,Organic Social,135,117,72,59,6,3,2,99.96
2025-01-27,Referral,64,56,32,38,5,3,0,0.0
2025-01-27,Email,33,29,3,23,4,3,3,154.96
2025-01-27,Paid Search,164,142,82,96,18,10,6,348.86
2025-01-27,Paid Social,168,141,109,61,7,4,2,102.97
2025-01-28,Organic Search,590,519,301,346,41,25,25,1109.6
2025-01-28,Direct,290,247,86,200,40,23,14,713.75
2025-01-28,Organic Social,142,117,72,63,10,2,2,66.96
2025-01-28,Referral,62,53,30,38,5,1,1,29.99
2025-01-28,Email,36,31,3,25,13,5,2,117.97
2025-01-28,Paid Search,161,138,80,92,20,9,5,314.88
2025-01-28,Paid Social,187,164,127,70,6,3,2,79.97
2025-01-29,Organic Search,493,420,243,287,38,20,7,291.88
2025-01-29,Direct,270,234,81,187,41,22,8,452.82
2025-01-29,Organic Social,129,111,68,58,0,0,0,0.0
2025-01-29,Referral,60,51,29,34,3,1,1,27.99
2025-01-29,Email,35,29,3,25,5,4,4,114.95
2025-01-29,Paid Search,149,127,73,86,26,13,8,417.84
2025-01-29,Paid Social,157,131,102,61,3,3,1,74.97
2025-01-30,Organic Search,508,439,254,298,46,22,13,620.78
2025-01-30,Direct,264,224,78,176,34,14,11,610.76
2025-01-30,Organic Social,139,121,75,65,4,4,0,0.0
2025-01-30,Referral,53,45,26,30,7,2,1,24.99
2025-01-30,Email,447,379,45,329,81,37,30,1173.54
2025-01-30,Paid Search,155,136,78,89,11,4,2,49.98
2025-01-30,Paid Social,163,140,109,61,4,4,4,189.92
2025-01-31,Organic Search,536,458,265,309,37,20,17,917.71
2025-01-31,Direct,272,234,81,180,23,13,13,567.79
2025-01-31,Organic Social,136,118,73,62,2,2,2,57.98
2025-01-31,Referral,61,51,29,34,3,2,1,19.99
2025-01-31,Email,38,31,3,28,7,3,0,0.0
2025-01-31,Paid Search,163,138,80,94,20,10,4,274.9
2025-01-31,Paid Social,150,124,96,59,6,5,5,229.91
2025-02-01,Organic Search,342,296,171,194,26,11,10,502.83
2025-02-01,Direct,181,160,56,124,35,20,6,362.86
2025-02-01,Organic Social,92,79,48,41,1,1,1,29.99
2025-02-01,Referral,40,34,19,22,2,1,1,12.99
2025-02-01,Email,32,26,3,21,7,2,2,79.97
2025-02-01,Paid Search,176,153,88,105,18,6,4,182.94
2025-02-01,Paid Social,126,109,85,47,3,2,2,82.96
2025-02-02,Organic Search,432,377,218,248,33,16,10,595.8
2025-02-02,Direct,184,161,56,121,30,11,7,340.87
2025-02-02,Organic Social,106,88,54,47,0,0,0,0.0
2025-02-02,Referral,46,37,21,25,1,1,1,19.98
2025-02-02,Email,13,11,1,9,1,0,0,0.0
2025-02-02,Paid Search,181,159,92,107,21,8,4,139.94
2025-02-02,Paid Social,146,123,95,55,4,3,3,249.91
2025-02-03,Organic Search,452,391,226,257,46,21,7,366.87
2025-02-03,Direct,219,187,65,148,31,14,10,418.85
2025-02-03,Organic Social,120,100,62,54,4,2,0,0.0
2025-02-03,Referral,51,44,25,29,8,6,1,27.99
2025-02-03,Email,52,44,5,37,13,9,6,159.93
2025-02-03,Paid Search,162,142,82,94,12,7,4,184.94
2025-02-03,Paid Social,136,121,94,48,6,6,6,202.92
2025-02-04,Organic Search,436,378,219,250,34,15,15,1026.64
2025-02-04,Direct,219,192,67,150,23,11,11,625.79
2025-02-04,Organic Social,116,96,59,50,4,3,3,181.93
2025-02-04,Referral,54,46,26,31,5,2,2,62.97
2025-02-04,Email,48,39,4,34,9,6,6,353.87
2025-02-04,Paid Search,178,151,87,109,20,8,5,233.89
2025-02-04,Paid Social,124,106,82,47,8,6,3,176.95
2025-02-05,Organic Search,487,411,238,269,36,21,18,1049.63
2025-02-05,Direct,199,173,60,130,17,11,4,157.94
2025-02-05,Organic Social,98,83,51,42,3,3,1,19.99
2025-02-05,Referral,47,40,23,26,4,2,1,49.98
2025-02-05,Email,32,27,3,21,4,4,2,44.98
2025-02-05,Paid Search,182,159,92,99,15,8,8,362.84
2025-02-05,Paid Social,131,119,92,51,6,4,4,226.9
2025-02-06,Organic Search,410,343,198,242,33,18,12,621.76
2025-02-06,Direct,221,190,66,155,33,19,5,210.92
2025-02-06,Organic Social,109,89,55,49,3,3,3,152.95
2025-02-06,Referral,50,43,24,29,2,1,0,0.0
2025-02-06,Email,427,358,42,310,73,43,28,1360.53
2025-02-06,Paid Search,183,152,88,107,18,8,8,595.82
2025-02-06,Paid Social,115,98,76,44,4,2,1,24.99
2025-02-07,Organic Search,447,378,219,252,22,11,11,502.82
2025-02-07,Direct,188,161,56,131,19,12,8,405.87
2025-02-07,Organic Social,94,82,50,43,2,2,2,42.98
2025-02-07,Referral,48,40,23,28,2,2,2,69.97
2025-02-07,Email,36,32,3,25,5,1,0,0.0
2025-02-07,Paid Search,171,142,82,96,12,7,7,241.91
2025-02-07,Paid Social,129,108,84,47,7,3,3,152.93
2025-02-08,Organic Search,365,325,188,211,25,13,7,423.85
2025-02-08,Direct,182,159,55,110,27,10,5,282.9
2025-02-08,Organic Social,97,85,52,44,5,3,0,0.0
2025-02-08,Referral,39,33,19,22,2,1,1,139.97
2025-02-08,Email,49,40,4,35,7,3,2,139.96
2025-02-08,Paid Search,170,150,87,95,24,11,7,322.85
2025-02-08,Paid Social,137,116,90,53,7,5,2,79.97
2025-02-09,Organic Search,410,348,201,233,28,12,10,411.85
2025-02-09,Direct,206,181,63,136,24,12,9,449.83
2025-02-09,Organic Social,104,90,55,48,1,1,1,59.98
2025-02-09,Referral,47,40,23,27,7,1,1,54.98
2025-02-09,Email,39,34,4,28,7,5,4,253.9
2025-02-09,Paid Search,179,160,92,103,18,8,7,373.84
2025-02-09,Paid Social,142,121,94,52,5,2,2,74.98
2025-02-10,Organic Search,443,368,213,262,39,25,14,815.7
2025-02-10,Direct,261,224,78,181,36,16,15,569.77
2025-02-10,Organic Social,114,103,63,52,2,2,2,54.98
2025-02-10,Referral,53,46,26,31,6,4,1,54.97
2025-02-10,Email,47,40,4,33,12,3,3,144.94
2025-02-10,Paid Search,176,147,85,101,29,18,7,294.89
2025-02-10,Paid Social,127,109,85,47,9,2,1,59.98
2025-02-11,Organic Search,439,385,223,260,28,20,13,443.8
2025-02-11,Direct,244,217,75,160,30,12,11,669.73
2025-02-11,Organic Social,112,95,58,51,5,2,1,29.99
2025-02-11,Referral,57,48,27,33,2,1,0,0.0
2025-02-11,Email,40,33,3,28,7,5,5,273.89
2025-02-11,Paid Search,157,133,77,88,13,9,9,409.86
2025-02-11,Paid Social,132,112,87,50,5,1,0,0.0
2025-02-12,Organic Search,426,344,199,244,28,12,8,429.86
2025-02-12,Direct,215,188,65,135,25,11,11,550.77
2025-02-12,Organic Social,119,101,62,51,3,1,0,0.0
2025-02-12,Referral,52,46,26,29,4,2,0,0.0
2025-02-12,Email,29,24,2,22,5,3,2,59.98
2025-02-12,Paid Search,189,164,95,109,19,8,7,492.85
2025-02-12,Paid Social,120,108,84,45,3,2,2,56.97
2025-02-13,Organic Search,419,365,211,255,34,14,10,519.8
2025-02-13,Direct,229,196,68,146,24,14,4,242.91
2025-02-13,Organic Social,100,85,52,44,2,1,1,29.99
2025-02-13,Referral,44,38,22,25,3,2,2,49.98
2025-02-13,Email,380,324,38,272,73,39,10,474.79
2025-02-13,Paid Search,178,154,89,102,21,8,5,368.86
2025-02-13,Paid Social,154,133,103,61,4,2,2,39.98
2025-02-14,Organic Search,387,336,194,214,21,13,9,359.85
2025-02-14,Direct,210,173,60,147,29,14,4,127.94
2025-02-14,Organic Social,107,94,58,46,3,2,2,79.97
2025-02-14,Referral,43,35,20,26,2,2,2,67.97
2025-02-14,Email,22,19,2,16,0,0,0,0.0
2025-02-14,Paid Search,172,149,86,104,19,7,7,368.87
2025-02-14,Paid Social,142,126,98,52,7,7,7,367.85
2025-02-15,Organic Search,356,312,180,197,30,16,7,236.91
2025-02-15,Direct,201,176,61,129,19,11,5,234.91
2025-02-15,Organic Social,89,78,48,39,2,2,2,94.96
2025-02-15,Referral,37,31,17,21,0,0,0,0.0
2025-02-15,Email,48,42,5,34,8,6,4,152.94
2025-02-15,Paid Search,185,157,91,112,23,11,11,559.81
2025-02-15,Paid Social,122,107,83,48,6,2,1,92.97
2025-02-16,Organic Search,380,320,185,228,32,18,9,381.82
2025-02-16,Direct,204,174,60,134,22,7,5,264.91
2025-02-16,Organic Social,87,74,45,38,6,3,1,54.98
2025-02-16,Referral,50,41,23,28,3,2,1,49.98
2025-02-16,Email,52,45,5,37,13,6,1,39.98
2025-02-16,Paid Search,186,165,95,109,22,10,7,271.89
2025-02-16,Paid Social,143,121,94,55,3,3,3,160.95
2025-02-17,Organic Search,492,424,245,296,51,21,12,545.81
2025-02-17,Direct,218,188,65,142,33,16,5,359.89
2025-02-17,Organic Social,122,103,63,54,4,3,1,39.98
2025-02-17,Referral,48,41,23,26,3,3,2,122.94
2025-02-17,Email,35,30,3,25,7,5,0,0.0
2025-02-17,Paid Search,173,153,88,102,13,7,7,352.87
2025-02-17,Paid Social,121,104,81,45,9,3,1,84.97
2025-02-18,Organic Search,421,372,215,247,28,15,12,563.8
2025-02-18,Direct,240,208,72,156,33,15,15,799.72
2025-02-18,Organic Social,100,89,55,46,7,3,0,0.0
2025-02-18,Referral,49,43,24,27,4,3,0,0.0
2025-02-18,Email,23,20,2,16,5,3,3,107.96
2025-02-18,Paid Search,187,158,91,114,16,9,7,290.89
2025-02-18,Paid Social,149,129,100,55,8,4,4,249.93
2025-02-19,Organic Search,437,380,220,245,39,22,6,234.89
2025-02-19,Direct,203,181,63,130,24,11,5,212.92
2025-02-19,Organic Social,111,96,59,48,2,2,2,52.98
2025-02-19,Referral,47,39,22,26,3,1,1,32.99
2025-02-19,Email,38,33,3,27,5,2,2,72.97
2025-02-19,Paid Search,196,165,95,112,25,11,7,317.86
2025-02-19,Paid Social,131,112,87,50,6,6,6,337.87
2025-02-20,Organic Search,373,316,183,225,29,17,14,827.73
2025-02-20,Direct,216,190,66,145,25,14,9,478.82
2025-02-20,Organic Social,93,80,49,40,5,3,0,0.0
2025-02-20,Referral,45,38,22,26,6,6,1,24.99
2025-02-20,Email,445,382,45,313,82,39,33,1375.48
2025-02-20,Paid Search,181,150,87,109,20,8,3,189.92
2025-02-20,Paid Social,135,117,91,52,6,5,5,281.89
2025-02-21,Organic Search,362,307,178,201,34,16,11,525.79
2025-02-21,Direct,184,157,54,123,29,16,7,322.87
2025-02-21,Organic Social,105,91,56,47,2,1,0,0.0
2025-02-21,Referral,37,30,17,20,2,1,1,29.99
2025-02-21,Email,51,44,5,37,6,5,5,210.93
2025-02-21,Paid Search,168,145,84,98,22,13,8,373.86
2025-02-21,Paid Social,140,118,92,54,8,6,6,513.83
2025-02-22,Organic Search,382,325,188,211,36,15,11,693.72
2025-02-22,Direct,186,160,56,121,20,11,6,305.88
2025-02-22,Organic Social,100,88,54,45,4,2,0,0.0
2025-02-22,Referral,36,31,17,20,4,2,0,0.0
2025-02-22,Email,28,23,2,19,3,3,3,83.95
2025-02-22,Paid Search,171,147,85,97,16,9,6,322.88
2025-02-22,Paid Social,139,123,95,53,5,4,4,159.94
2025-02-23,Organic Search,457,387,224,268,34,19,8,323.86
2025-02-23,Direct,211,177,61,141,29,17,6,330.88
2025-02-23,Organic Social,111,96,59,51,1,1,1,79.97
2025-02-23,Referral,43,36,20,25,6,2,1,6.99
2025-02-23,Email,28,23,2,21,6,2,1,77.97
2025-02-23,Paid Search,180,160,92,96,11,5,4,197.93
2025-02-23,Paid Social,133,113,88,50,3,3,3,117.96
2025-02-24,Organic Search,532,452,262,317,37,20,17,733.73
2025-02-24,Direct,256,212,74,175,35,18,11,392.83
2025-02-24,Organic Social,111,93,57,51,2,1,0,0.0
2025-02-24,Referral,55,46,26,33,4,4,4,165.93
2025-02-24,Email,27,23,2,19,4,4,4,224.91
2025-02-24,Paid Search,159,139,80,89,13,9,6,321.86
2025-02-24,Paid Social,139,116,90,53,4,3,2,177.93
2025-02-25,Organic Search,423,370,214,258,31,11,8,440.83
2025-02-25,Direct,243,209,73,158,37,18,9,400.81
2025-02-25,Organic Social,127,106,65,54,5,5,1,62.97
2025-02-25,Referral,52,44,25,30,4,3,3,209.93
2025-02-25,Email,38,32,3,27,3,2,2,66.96
2025-02-25,Paid Search,175,154,89,102,27,16,9,423.85
2025-02-25,Paid Social,165,148,115,60,9,3,2,114.96
2025-02-26,Organic Search,403,334,193,242,40,18,15,1146.62
2025-02-26,Direct,261,229,80,166,35,17,14,511.76
2025-02-26,Organic Social,112,91,56,53,4,2,1,29.99
2025-02-26,Referral,45,39,22,27,5,2,0,0.0
2025-02-26,Email,28,24,2,20,6,3,2,162.94
2025-02-26,Paid Search,173,148,85,98,17,7,7,237.9
2025-02-26,Paid Social,160,140,109,58,3,2,0,0.0
2025-02-27,Organic Search,429,361,209,242,33,17,16,985.65
2025-02-27,Direct,198,174,60,134,25,17,4,264.91
2025-02-27,Organic Social,93,79,48,42,1,1,0,0.0
2025-02-27,Referral,51,43,24,28,4,3,2,204.93
2025-02-27,Email,483,414,49,343,79,39,20,1062.64
2025-02-27,Paid Search,170,152,88,95,16,8,8,266.9
2025-02-27,Paid Social,124,102,79,46,3,2,2,107.96
2025-02-28,Organic Search,363,323,187,220,30,11,7,320.89
2025-02-28,Direct,216,181,63,148,41,20,8,352.85
2025-02-28,Organic Social,106,92,57,48,4,4,4,217.94
2025-02-28,Referral,47,39,22,27,3,1,1,27.99
2025-02-28,Email,31,25,3,22,5,3,2,99.96
2025-02-28,Paid Search,182,159,92,106,23,11,6,459.85
2025-02-28,Paid Social,121,107,83,45,6,6,6,263.91
2025-03-01,Organic Search,331,269,156,202,29,11,5,206.91
2025-03-01,Direct,155,132,46,101,18,11,4,139.94
2025-03-01,Organic Social,85,73,45,39,3,2,0,0.0
2025-03-01,Referral,38,33,19,20,4,1,1,107.97
2025-03-01,Email,21,17,2,14,4,1,1,9.99
2025-03-01,Paid Search,174,148,85,100,14,11,11,519.8
2025-03-01,Paid Social,123,109,85,46,4,3,3,199.93
2025-03-02,Organic Search,354,310,179,217,37,21,12,485.83
2025-03-02,Direct,150,130,45,99,17,7,6,197.92
2025-03-02,Organic Social,96,84,52,43,4,2,1,6.99
2025-03-02,Referral,42,36,20,24,2,2,2,59.98
2025-03-02,Email,33,29,3,22,7,4,0,0.0
2025-03-02,Paid Search,183,154,89,103,22,12,4,106.94
2025-03-02,Paid Social,130,109,85,49,7,7,7,447.87
2025-03-03,Organic Search,423,363,210,237,37,20,12,447.81
2025-03-03,Direct,208,174,60,135,26,13,6,172.94
2025-03-03,Organic Social,115,102,63,49,3,1,1,37.98
2025-03-03,Referral,51,42,24,28,6,2,2,74.97
2025-03-03,Email,39,33,3,28,8,6,4,207.91
2025-03-03,Paid Search,187,157,91,106,14,7,6,327.9
2025-03-03,Paid Social,132,113,88,50,8,3,3,198.91
2025-03-04,Organic Search,371,319,185,215,24,11,11,560.8
2025-03-04,Direct,210,180,62,133,25,12,9,392.85
2025-03-04,Organic Social,102,90,55,45,3,2,0,0.0
2025-03-04,Referral,48,41,23,29,3,1,1,54.98
2025-03-04,Email,24,20,2,16,4,3,1,84.97
2025-03-04,Paid Search,152,130,75,88,14,10,9,593.79
2025-03-04,Paid Social,122,101,78,42,6,3,3,85.96
2025-03-05,Organic Search,398,342,198,235,41,25,10,407.84
2025-03-05,Direct,213,176,61,139,31,12,6,264.91
2025-03-05,Organic Social,97,80,49,45,3,1,0,0.0
2025-03-05,Referral,52,45,26,30,2,0,0,0.0
2025-03-05,Email,36,31,3,25,3,2,2,69.98
2025-03-05,Paid Search,173,154,89,100,12,8,8,354.84
2025-03-05,Paid Social,143,126,98,52,5,4,4,131.94
2025-03-06,Organic Search,363,305,176,215,28,13,9,561.83
2025-03-06,Direct,198,170,59,130,22,11,10,460.83
2025-03-06,Organic Social,95,82,50,42,3,2,2,167.96
2025-03-06,Referral,49,40,23,28,2,2,2,184.95
2025-03-06,Email,416,357,42,305,63,33,28,1339.49
2025-03-06,Paid Search,184,157,91,104,22,12,8,280.88
2025-03-06,Paid Social,137,120,93,51,7,3,3,110.96
2025-03-07,Organic Search,348,289,167,204,30,18,8,264.9
2025-03-07,Direct,207,177,61,138,32,18,11,315.85
2025-03-07,Organic Social,97,83,51,46,5,3,1,19.99
2025-03-07,Referral,47,40,23,26,5,3,0,0.0
2025-03-07,Email,39,34,4,26,4,3,3,187.93
2025-03-07,Paid Search,163,145,84,95,13,9,3,115.95
2025-03-07,Paid Social,120,104,81,46,5,5,2,42.98
2025-03-08,Organic Search,358,311,180,209,25,14,13,645.74
2025-03-08,Direct,182,160,56,122,23,11,8,349.86
2025-03-08,Organic Social,75,65,40,32,2,1,1,67.97
2025-03-08,Referral,40,34,19,23,4,0,0,0.0
2025-03-08,Email,34,29,3,24,2,2,2,119.96
2025-03-08,Paid Search,165,143,82,99,19,10,3,150.95
2025-03-08,Paid Social,147,123,95,56,5,5,5,171.93
2025-03-09,Organic Search,402,344,199,222,37,18,12,620.78
2025-03-09,Direct,172,147,51,110,15,8,7,383.84
2025-03-09,Organic Social,92,76,47,38,4,4,4,152.94
2025-03-09,Referral,42,35,20,23,3,0,0,0.0
2025-03-09,Email,45,38,4,31,7,4,1,31.98
2025-03-09,Paid Search,189,162,93,114,16,10,6,347.89
2025-03-09,Paid Social,148,127,99,56,5,4,3,101.95
2025-03-10,Organic Search,456,384,222,259,28,15,9,415.82
2025-03-10,Direct,202,175,61,133,18,10,7,378.87
2025-03-10,Organic Social,104,89,55,46,3,2,1,49.98
2025-03-10,Referral,52,44,25,32,5,1,0,0.0
2025-03-10,Email,40,35,4,30,8,2,2,49.98
2025-03-10,Paid Search,163,140,81,93,13,7,5,223.91
2025-03-10,Paid Social,140,122,95,53,6,4,3,164.95
2025-03-11,Organic Search,336,285,165,189,28,11,4,162.94
2025-03-11,Direct,190,157,54,124,24,18,14,694.75
2025-03-11,Organic Social,106,90,55,49,3,1,1,49.98
2025-03-11,Referral,45,39,22,25,5,3,1,89.96
2025-03-11,Email,32,27,3,22,7,3,1,6.99
2025-03-11,Paid Search,168,146,84,91,12,6,6,309.91
2025-03-11,Paid Social,131,115,89,49,5,5,5,241.91
2025-03-12,Organic Search,436,367,212,264,39,17,14,1012.67
2025-03-12,Direct,175,148,51,110,27,12,7,301.9
2025-03-12,Organic Social,92,79,48,39,6,3,2,204.93
2025-03-12,Referral,42,36,20,24,2,2,2,34.98
2025-03-12,Email,43,36,4,31,10,4,2,119.95
2025-03-12,Paid Search,182,155,89,108,12,6,6,337.88
2025-03-12,Paid Social,138,117,91,51,6,2,2,126.96
2025-03-13,Organic Search,396,341,197,231,26,10,7,236.91
2025-03-13,Direct,204,176,61,131,28,13,7,435.85
2025-03-13,Organic Social,104,87,53,47,4,4,1,29.99
2025-03-13,Referral,44,37,21,24,7,4,1,24.99
2025-03-13,Email,337,293,35,236,68,32,21,1192.57
2025-03-13,Paid Search,169,142,82,96,22,13,8,492.84
2025-03-13,Paid Social,124,107,83,48,3,3,3,209.93
2025-03-14,Organic Search,389,330,191,223,28,18,8,317.87
2025-03-14,Direct,196,167,58,133,29,14,10,513.81
2025-03-14,Organic Social,90,78,48,40,1,0,0,0.0
2025-03-14,Referral,42,36,20,25,2,0,0,0.0
2025-03-14,Email,37,31,3,27,7,4,1,29.99
2025-03-14,Paid Search,176,148,85,103,23,12,3,161.93
2025-03-14,Paid Social,135,114,88,50,6,6,6,186.92
2025-03-15,Organic Search,330,278,161,193,24,17,11,604.76
2025-03-15,Direct,182,156,54,120,28,14,8,576.81
2025-03-15,Organic Social,89,75,46,40,3,2,0,0.0
2025-03-15,Referral,36,31,17,21,1,1,1,69.97
2025-03-15,Email,37,32,3,26,5,2,0,0.0
2025-03-15,Paid Search,165,135,78,93,17,10,5,314.88
2025-03-15,Paid Social,137,114,88,52,8,5,5,293.88
2025-03-16,Organic Search,434,378,219,255,35,20,6,330.88
2025-03-16,Direct,172,142,49,110,22,7,7,336.88
2025-03-16,Organic Social,93,76,47,40,3,2,2,103.95
2025-03-16,Referral,42,34,19,24,2,2,2,76.96
2025-03-16,Email,35,29,3,23,4,3,2,109.97
2025-03-16,Paid Search,171,142,82,101,15,8,7,292.9
2025-03-16,Paid Social,156,138,107,58,4,2,1,29.99
2025-03-17,Organic Search,471,402,233,277,32,13,8,430.84
2025-03-17,Direct,210,174,60,137,29,14,7,249.89
2025-03-17,Organic Social,121,109,67,54,2,2,2,148.95
2025-03-17,Referral,44,40,23,24,4,3,0,0.0
2025-03-17,Email,34,30,3,23,4,4,3,114.95
2025-03-17,Paid Search,183,159,92,108,12,8,8,316.89
2025-03-17,Paid Social,134,111,86,49,5,5,5,230.92
2025-03-18,Organic Search,464,393,227,273,31,15,15,750.71
2025-03-18,Direct,189,157,54,127,24,15,10,731.78
2025-03-18,Organic Social,112,94,58,51,3,3,3,214.93
2025-03-18,Referral,38,32,18,21,4,4,1,54.99
2025-03-18,Email,38,32,3,27,6,3,3,74.96
2025-03-18,Paid Search,193,167,96,114,29,13,9,522.81
2025-03-18,Paid Social,145,127,99,54,4,4,4,222.91
2025-03-19,Organic Search,360,297,172,198,23,10,8,460.86
2025-03-19,Direct,205,177,61,136,29,17,4,182.94
2025-03-19,Organic Social,105,91,56,45,2,2,2,99.96
2025-03-19,Referral,47,40,23,27,5,1,0,0.0
2025-03-19,Email,35,29,3,23,8,4,4,221.93
2025-03-19,Paid Search,152,132,76,93,16,7,6,285.89
2025-03-19,Paid Social,129,113,88,49,7,7,7,394.84
2025-03-20,Organic Search,416,347,201,240,27,14,11,425.84
2025-03-20,Direct,180,159,55,116,25,14,6,275.88
2025-03-20,Organic Social,100,86,53,45,8,5,3,95.96
2025-03-20,Referral,41,34,19,25,5,4,2,144.95
2025-03-20,Email,326,277,33,234,57,31,22,828.68
2025-03-20,Paid Search,163,139,80,94,19,10,10,461.85
2025-03-20,Paid Social,152,135,105,51,5,4,2,147.93
2025-03-21,Organic Search,376,333,193,217,31,15,7,274.89
2025-03-21,Direct,179,148,51,121,24,10,6,257.9
2025-03-21,Organic Social,108,94,58,48,2,1,0,0.0
2025-03-21,Referral,38,34,19,22,7,6,0,0.0
2025-03-21,Email,43,37,4,33,11,5,3,264.92
2025-03-21,Paid Search,192,163,94,114,21,11,8,242.9
2025-03-21,Paid Social,137,120,93,52,4,4,4,134.95
2025-03-22,Organic Search,350,307,178,209,26,16,9,709.75
2025-03-22,Direct,180,154,53,117,15,8,8,543.81
2025-03-22,Organic Social,76,67,41,33,2,1,0,0.0
2025-03-22,Referral,44,38,22,25,3,1,1,139.97
2025-03-22,Email,43,36,4,29,4,1,1,27.99
2025-03-22,Paid Search,159,138,80,91,16,9,9,388.84
2025-03-22,Paid Social,143,121,94,54,5,5,5,146.93
2025-03-23,Organic Search,398,339,196,232,31,16,12,547.78
2025-03-23,Direct,217,187,65,139,25,16,10,581.78
2025-03-23,Organic Social,113,97,60,48,2,1,0,0.0
2025-03-23,Referral,39,33,19,23,2,1,1,32.99
2025-03-23,Email,33,27,3,23,8,4,0,0.0
2025-03-23,Paid Search,188,171,99,106,19,10,4,174.95
2025-03-23,Paid Social,114,95,74,41,3,3,3,99.96
2025-03-24,Organic Search,414,359,208,237,37,15,8,343.85
2025-03-24,Direct,223,193,67,148,21,12,8,420.84
2025-03-24,Organic Social,110,97,60,46,3,3,2,74.97
2025-03-24,Referral,45,37,21,25,3,3,3,171.93
2025-03-24,Email,29,26,3,21,8,5,4,159.96
2025-03-24,Paid Search,171,142,82,95,17,9,5,205.92
2025-03-24,Paid Social,138,121,94,50,6,6,2,99.96
2025-03-25,Organic Search,385,332,192,223,38,17,7,280.9
2025-03-25,Direct,226,198,69,151,31,13,7,339.88
2025-03-25,Organic Social,106,92,57,47,2,1,0,0.0
2025-03-25,Referral,46,39,22,26,3,1,1,12.99
2025-03-25,Email,35,29,3,25,4,2,2,37.98
2025-03-25,Paid Search,162,138,80,96,21,11,7,498.86
2025-03-25,Paid Social,117,99,77,45,7,4,2,117.96
2025-03-26,Organic Search,352,308,178,196,25,12,6,269.92
2025-03-26,Direct,210,185,64,137,27,12,9,420.85
2025-03-26,Organic Social,94,81,50,44,6,5,1,9.99
2025-03-26,Referral,38,31,17,22,2,0,0,0.0
2025-03-26,Email,25,21,2,18,4,3,1,29.99
2025-03-26,Paid Search,159,136,78,88,16,8,8,328.87
2025-03-26,Paid Social,123,104,81,44,6,3,1,6.99
2025-03-27,Organic Search,372,323,187,219,33,15,13,920.7
2025-03-27,Direct,199,168,58,129,16,9,9,337.87
2025-03-27,Organic Social,99,85,52,44,1,1,1,29.99
2025-03-27,Referral,36,31,17,20,2,2,2,39.98
2025-03-27,Email,430,371,44,300,85,50,24,1547.44
2025-03-27,Paid Search,175,147,85,99,14,6,4,189.93
2025-03-27,Paid Social,151,126,98,56,8,5,4,289.89
2025-03-28,Organic Search,376,326,189,217,31,20,9,465.79
2025-03-28,Direct,174,145,50,112,30,15,7,371.86
2025-03-28,Organic Social,83,73,45,38,3,1,0,0.0
2025-03-28,Referral,47,39,22,25,3,2,0,0.0
2025-03-28,Email,31,25,3,22,10,2,1,122.95
2025-03-28,Paid Search,158,133,77,91,17,12,8,203.91
2025-03-28,Paid Social,133,111,86,51,5,5,5,223.91
2025-03-29,Organic Search,354,308,178,206,16,9,9,558.81
2025-03-29,Direct,149,123,43,91,17,13,13,601.76
2025-03-29,Organic Social,85,70,43,39,6,4,1,87.98
2025-03-29,Referral,35,30,17,20,2,2,1,6.99
2025-03-29,Email,51,44,5,37,10,6,1,27.99
2025-03-29,Paid Search,177,145,84,104,18,10,10,524.83
2025-03-29,Paid Social,146,117,91,56,5,5,5,262.9
2025-03-30,Organic Search,346,298,172,198,29,15,8,533.85
2025-03-30,Direct,181,150,52,129,19,8,8,470.8
2025-03-30,Organic Social,102,87,53,46,1,1,0,0.0
2025-03-30,Referral,39,32,18,23,0,0,0,0.0
2025-03-30,Email,31,26,3,22,5,2,2,84.97
2025-03-30,Paid Search,178,157,91,102,19,8,7,409.81
2025-03-30,Paid Social,130,109,85,49,4,2,0,0.0
2025-03-31,Organic Search,479,406,235,276,32,18,14,554.77
2025-03-31,Direct,212,181,63,136,24,13,13,704.75
2025-03-31,Organic Social,122,103,63,56,3,3,1,134.95
2025-03-31,Referral,46,39,22,26,3,2,1,29.99
2025-03-31,Email,38,31,3,26,7,3,2,109.96
2025-03-31,Paid Search,166,141,81,97,18,8,6,347.86
2025-03-31,Paid Social,121,106,82,47,6,4,4,193.91
2025-04-01,Organic Search,404,350,203,237,33,16,8,494.82
2025-04-01,Direct,197,171,59,126,36,17,11,604.78
2025-04-01,Organic Social,97,85,52,43,2,2,2,74.98
2025-04-01,Referral,43,37,21,26,3,3,0,0.0
2025-04-01,Email,41,35,4,29,6,2,2,94.97
2025-04-01,Paid Search,172,154,89,96,23,15,6,175.94
2025-04-01,Paid Social,126,111,86,46,3,3,1,54.99
2025-04-02,Organic Search,363,312,180,212,28,13,13,558.81
2025-04-02,Direct,189,156,54,130,26,16,16,738.72
2025-04-02,Organic Social,100,84,52,44,5,1,1,19.99
2025-04-02,Referral,39,33,19,22,3,2,1,54.99
2025-04-02,Email,32,27,3,23,7,4,0,0.0
2025-04-02,Paid Search,167,138,80,99,19,9,9,533.79
2025-04-02,Paid Social,124,103,80,47,6,6,3,139.94
2025-04-03,Organic Search,314,266,154,182,26,12,3,109.95
2025-04-03,Direct,211,185,64,139,30,16,7,365.84
2025-04-03,Organic Social,79,66,40,37,5,2,0,0.0
2025-04-03,Referral,42,34,19,23,2,1,1,14.99
2025-04-03,Email,519,441,52,357,97,53,24,1272.57
2025-04-03,Paid Search,154,134,77,86,15,11,10,356.86
2025-04-03,Paid Social,123,107,83,46,2,1,0,0.0
2025-04-04,Organic Search,320,283,164,187,19,8,8,363.86
2025-04-04,Direct,192,158,55,130,28,12,10,467.83
2025-04-04,Organic Social,102,87,53,45,4,2,1,29.99
2025-04-04,Referral,39,34,19,21,1,1,1,54.98
2025-04-04,Email,39,33,3,27,7,4,1,116.97
2025-04-04,Paid Search,188,159,92,105,9,8,8,379.86
2025-04-04,Paid Social,163,142,110,61,5,5,5,319.9
2025-04-05,Organic Search,328,295,171,186,26,15,7,236.89
2025-04-05,Direct,153,137,47,102,15,7,7,487.84
2025-04-05,Organic Social,76,65,40,34,4,2,2,69.97
2025-04-05,Referral,35,30,17,20,1,1,0,0.0
2025-04-05,Email,46,40,4,33,7,4,1,19.99
2025-04-05,Paid Search,169,148,85,97,15,10,6,247.91
2025-04-05,Paid Social,146,126,98,55,12,7,6,418.85
2025-04-06,Organic Search,431,364,211,255,37,19,13,629.75
2025-04-06,Direct,191,164,57,130,24,14,8,276.91
2025-04-06,Organic Social,100,87,53,44,2,1,0,0.0
2025-04-06,Referral,42,36,20,23,1,1,1,84.97
2025-04-06,Email,24,20,2,17,8,5,1,54.98
2025-04-06,Paid Search,174,145,84,105,20,12,9,357.86
2025-04-06,Paid Social,114,103,80,43,6,3,1,49.98
2025-04-07,Organic Search,382,330,191,209,38,22,6,301.88
2025-04-07,Direct,188,162,56,127,15,7,7,207.93
2025-04-07,Organic Social,94,78,48,43,1,1,1,6.99
2025-04-07,Referral,41,35,20,24,2,1,1,99.96
2025-04-07,Email,48,40,4,33,12,7,4,141.95
2025-04-07,Paid Search,181,152,88,101,20,9,9,490.81
2025-04-07,Paid Social,118,101,78,43,5,4,3,181.92
2025-04-08,Organic Search,407,370,214,225,32,17,7,302.89
2025-04-08,Direct,199,172,60,134,23,13,13,577.77
2025-04-08,Organic Social,90,76,47,41,4,2,1,39.99
2025-04-08,Referral,44,38,22,27,3,1,0,0.0
2025-04-08,Email,38,34,4,26,8,5,3,146.94
2025-04-08,Paid Search,195,169,98,118,24,11,8,473.81
2025-04-08,Paid Social,133,114,88,49,5,4,4,145.94
2025-04-09,Organic Search,363,322,186,212,23,10,9,585.78
2025-04-09,Direct,175,150,52,121,18,10,5,214.94
2025-04-09,Organic Social,106,91,56,46,3,1,1,42.98
2025-04-09,Referral,40,33,19,22,3,1,0,0.0
2025-04-09,Email,29,24,2,20,5,5,5,340.9
2025-04-09,Paid Search,175,148,85,97,17,11,9,522.8
2025-04-09,Paid Social,119,102,79,46,7,7,7,410.85
2025-04-10,Organic Search,340,305,176,201,27,13,10,489.84
2025-04-10,Direct,185,157,54,121,31,13,3,89.96
2025-04-10,Organic Social,84,75,46,38,3,3,0,0.0
2025-04-10,Referral,40,34,19,23,2,2,2,166.93
2025-04-10,Email,576,484,58,396,111,58,32,1244.48
2025-04-10,Paid Search,154,132,76,92,17,9,7,204.92
2025-04-10,Paid Social,124,108,84,46,3,3,3,122.95
2025-04-11,Organic Search,328,289,167,184,18,11,9,481.82
2025-04-11,Direct,185,154,53,117,24,4,4,115.95
2025-04-11,Organic Social,97,85,52,46,2,1,0,0.0
2025-04-11,Referral,38,31,17,21,2,1,0,0.0
2025-04-11,Email,42,34,4,29,3,3,3,119.95
2025-04-11,Paid Search,180,156,90,101,18,9,7,205.91
2025-04-11,Paid Social,148,131,102,53,4,4,4,248.89
2025-04-12,Organic Search,342,295,171,206,24,12,3,84.97
2025-04-12,Direct,163,140,49,108,18,11,11,462.8
2025-04-12,Organic Social,75,66,40,34,2,2,1,42.98
2025-04-12,Referral,41,34,19,23,2,1,0,0.0
2025-04-12,Email,37,31,3,25,7,3,1,94.97
2025-04-12,Paid Search,209,186,107,120,12,9,9,458.84
2025-04-12,Paid Social,151,129,100,58,10,6,2,102.96
2025-04-13,Organic Search,323,290,168,186,25,13,5,219.93
2025-04-13,Direct,190,163,57,115,20,11,11,524.78
2025-04-13,Organic Social,81,69,42,35,3,1,0,0.0
2025-04-13,Referral,35,29,16,20,2,2,1,24.99
2025-04-13,Email,25,22,2,17,3,2,2,49.98
2025-04-13,Paid Search,179,156,90,109,16,6,2,99.96
2025-04-13,Paid Social,126,108,84,48,2,1,1,19.99
2025-04-14,Organic Search,415,349,202,239,33,17,17,866.63
2025-04-14,Direct,198,171,59,131,26,14,13,707.75
2025-04-14,Organic Social,108,89,55,46,5,1,1,29.99
2025-04-14,Referral,47,39,22,27,2,2,2,176.94
2025-04-14,Email,39,33,3,27,4,3,3,107.94
2025-04-14,Paid Search,179,152,88,105,12,7,7,387.88
2025-04-14,Paid Social,119,101,78,44,6,2,1,9.99
2025-04-15,Organic Search,353,302,175,204,31,18,12,564.79
2025-04-15,Direct,195,170,59,132,21,11,7,171.91
2025-04-15,Organic Social,103,88,54,47,4,1,1,194.95
2025-04-15,Referral,51,44,25,30,1,0,0,0.0
2025-04-15,Email,25,21,2,18,2,2,1,24.99
2025-04-15,Paid Search,194,171,99,109,18,6,6,250.89
2025-04-15,Paid Social,134,116,90,51,5,4,4,153.93
2025-04-16,Organic Search,349,302,175,205,31,14,5,314.88
2025-04-16,Direct,158,133,46,104,14,9,9,398.83
2025-04-16,Organic Social,80,68,42,34,2,1,1,134.95
2025-04-16,Referral,41,34,19,24,3,2,0,0.0
2025-04-16,Email,32,28,3,24,6,2,2,72.97
2025-04-16,Paid Search,183,154,89,112,12,7,4,295.9
2025-04-16,Paid Social,139,117,91,49,9,6,4,124.95
2025-04-17,Organic Search,341,285,165,202,23,11,11,527.79
2025-04-17,Direct,168,144,50,112,18,10,8,315.89
2025-04-17,Organic Social,94,82,50,42,4,2,1,24.99
2025-04-17,Referral,35,31,17,19,4,3,0,0.0
2025-04-17,Email,479,411,49,356,70,32,30,1380.46
2025-04-17,Paid Search,173,148,85,98,18,10,2,124.97
2025-04-17,Paid Social,136,113,88,47,6,6,6,278.88
2025-04-18,Organic Search,355,301,174,201,38,15,10,563.76
2025-04-18,Direct,181,156,54,120,28,14,5,245.9
2025-04-18,Organic Social,76,63,39,34,3,2,0,0.0
2025-04-18,Referral,37,31,17,20,5,3,2,42.98
2025-04-18,Email,36,30,3,25,5,3,1,59.98
2025-04-18,Paid Search,198,166,96,114,17,9,6,480.86
2025-04-18,Paid Social,126,108,84,49,8,3,2,69.98
2025-04-19,Organic Search,330,279,161,197,24,11,11,505.8
2025-04-19,Direct,146,128,44,95,19,8,5,276.87
2025-04-19,Organic Social,72,63,39,33,1,0,0,0.0
2025-04-19,Referral,39,32,18,23,3,1,0,0.0
2025-04-19,Email,40,33,3,29,4,4,4,220.93
2025-04-19,Paid Search,176,152,88,100,17,11,10,342.88
2025-04-19,Paid Social,123,103,80,47,6,4,4,196.92
2025-04-20,Organic Search,363,320,185,215,22,13,10,669.74
2025-04-20,Direct,172,148,51,114,22,7,7,525.83
2025-04-20,Organic Social,97,85,52,42,4,4,0,0.0
2025-04-20,Referral,39,33,19,22,4,1,0,0.0
2025-04-20,Email,37,31,3,26,5,3,2,69.97
2025-04-20,Paid Search,157,140,81,93,17,9,5,141.94
2025-04-20,Paid Social,119,99,77,44,3,3,3,127.94
2025-04-21,Organic Search,433,374,216,260,28,15,5,224.9
2025-04-21,Direct,183,151,52,127,27,10,7,312.89
2025-04-21,Organic Social,91,78,48,40,3,1,1,27.99
2025-04-21,Referral,43,37,21,24,2,1,0,0.0
2025-04-21,Email,41,37,4,30,8,4,3,234.92
2025-04-21,Paid Search,174,155,89,100,18,10,7,252.91
2025-04-21,Paid Social,135,122,95,49,6,4,4,201.94
2025-04-22,Organic Search,368,318,184,214,24,18,7,413.85
2025-04-22,Direct,221,191,66,141,35,13,10,482.81
2025-04-22,Organic Social,91,80,49,38,2,0,0,0.0
2025-04-22,Referral,45,39,22,25,1,1,1,24.99
2025-04-22,Email,28,24,2,20,5,2,2,91.96
2025-04-22,Paid Search,188,162,93,110,26,11,3,128.93
2025-04-22,Paid Social,129,109,85,48,7,4,4,192.91
2025-04-23,Organic Search,364,328,190,208,30,21,12,562.79
2025-04-23,Direct,194,161,56,130,29,9,5,308.9
2025-04-23,Organic Social,102,86,53,46,7,4,0,0.0
2025-04-23,Referral,41,35,20,23,4,1,1,29.99
2025-04-23,Email,46,40,4,34,4,3,3,134.95
2025-04-23,Paid Search,172,150,87,101,13,4,3,134.94
2025-04-23,Paid Social,140,119,92,52,6,4,4,247.9
2025-04-24,Organic Search,451,375,217,254,41,20,16,868.72
2025-04-24,Direct,195,162,56,131,33,10,7,212.93
2025-04-24,Organic Social,97,82,50,44,6,3,2,89.96
2025-04-24,Referral,43,36,20,25,2,2,0,0.0
2025-04-24,Email,479,417,50,347,90,45,28,1425.5
2025-04-24,Paid Search,176,152,88,98,20,13,7,285.89
2025-04-24,Paid Social,161,139,108,60,4,4,4,155.94
2025-04-25,Organic Search,384,333,193,212,31,18,18,814.68
2025-04-25,Direct,172,146,51,119,23,11,8,463.83
2025-04-25,Organic Social,87,76,47,39,2,0,0,0.0
2025-04-25,Referral,45,38,22,25,2,1,0,0.0
2025-04-25,Email,42,35,4,30,14,7,2,71.96
2025-04-25,Paid Search,181,156,90,105,18,8,2,102.96
2025-04-25,Paid Social,122,105,81,47,4,3,2,77.97
2025-04-26,Organic Search,309,253,146,182,20,13,6,484.86
2025-04-26,Direct,162,147,51,106,26,19,3,96.96
2025-04-26,Organic Social,80,68,42,37,3,3,3,99.95
2025-04-26,Referral,34,29,16,19,2,1,1,6.99
2025-04-26,Email,30,25,3,22,2,2,2,55.97
2025-04-26,Paid Search,190,165,95,109,21,10,10,335.86
2025-04-26,Paid Social,140,123,95,53,3,2,2,122.95
2025-04-27,Organic Search,353,302,175,200,31,13,12,523.8
2025-04-27,Direct,206,178,62,136,19,6,5,234.91
2025-04-27,Organic Social,78,65,40,34,4,2,0,0.0
2025-04-27,Referral,43,36,20,23,2,2,2,57.98
2025-04-27,Email,33,28,3,23,4,4,4,122.95
2025-04-27,Paid Search,205,179,103,124,24,13,10,605.77
2025-04-27,Paid Social,146,125,97,54,7,4,2,77.97
2025-04-28,Organic Search,351,297,172,219,36,16,6,399.89
2025-04-28,Direct,201,174,60,131,21,9,4,265.89
2025-04-28,Organic Social,114,99,61,51,2,1,0,0.0
2025-04-28,Referral,54,46,26,31,2,2,2,89.97
2025-04-28,Email,35,29,3,24,5,3,2,123.94
2025-04-28,Paid Search,193,165,95,110,25,15,9,340.86
2025-04-28,Paid Social,133,118,92,50,6,4,2,194.95
2025-04-29,Organic Search,395,336,194,240,30,15,7,380.85
2025-04-29,Direct,210,171,59,138,16,10,10,296.86
2025-04-29,Organic Social,109,90,55,51,3,2,2,22.98
2025-04-29,Referral,45,38,22,25,2,2,2,77.96
2025-04-29,Email,18,14,1,11,4,1,0,0.0
2025-04-29,Paid Search,176,142,82,100,19,8,4,120.93
2025-04-29,Paid Social,135,116,90,49,5,3,3,117.95
2025-04-30,Organic Search,372,309,179,204,30,17,7,282.9
2025-04-30,Direct,180,151,52,117,17,11,11,553.78
2025-04-30,Organic Social,93,77,47,41,0,0,0,0.0
2025-04-30,Referral,39,32,18,21,3,1,0,0.0
2025-04-30,Email,36,29,3,27,7,4,4,200.93
2025-04-30,Paid Search,180,154,89,99,17,7,5,237.9
2025-04-30,Paid Social,137,118,92,51,8,6,4,184.93
2025-05-01,Organic Search,409,349,202,244,24,15,15,740.73
2025-05-01,Direct,223,195,68,144,30,12,6,199.91
2025-05-01,Organic Social,106,87,53,44,1,1,1,19.99
2025-05-01,Referral,45,37,21,27,3,1,1,54.98
2025-05-01,Email,510,443,53,366,88,47,29,1336.46
2025-05-01,Paid Search,182,152,88,109,17,9,9,420.86
2025-05-01,Paid Social,152,126,98,58,8,8,8,266.87
2025-05-02,Organic Search,371,321,186,212,30,15,15,765.69
2025-05-02,Direct,171,148,51,114,22,9,7,318.88
2025-05-02,Organic Social,99,86,53,44,3,2,0,0.0
2025-05-02,Referral,46,39,22,24,5,2,2,132.95
2025-05-02,Email,34,29,3,24,2,2,1,49.98
2025-05-02,Paid Search,161,134,77,91,18,11,8,407.86
2025-05-02,Paid Social,130,113,88,48,5,5,5,161.93
2025-05-03,Organic Search,289,240,139,164,21,12,3,110.96
2025-05-03,Direct,178,153,53,124,20,10,6,369.86
2025-05-03,Organic Social,86,73,45,37,1,0,0,0.0
2025-05-03,Referral,37,33,19,21,3,3,3,174.95
2025-05-03,Email,31,27,3,21,2,1,1,24.99
2025-05-03,Paid Search,207,176,102,115,29,14,12,629.78
2025-05-03,Paid Social,126,106,82,48,5,4,4,230.92
2025-05-04,Organic Search,287,252,146,160,22,10,7,399.83
2025-05-04,Direct,213,187,65,137,33,16,10,419.84
2025-05-04,Organic Social,91,77,47,39,4,2,1,79.97
2025-05-04,Referral,45,39,22,25,2,2,2,64.97
2025-05-04,Email,40,34,4,28,4,4,4,170.93
2025-05-04,Paid Search,159,138,80,88,17,12,12,623.78
2025-05-04,Paid Social,143,130,101,55,7,7,7,240.91
2025-05-05,Organic Search,433,372,215,252,35,18,18,1074.63
2025-05-05,Direct,253,220,77,160,32,15,8,448.83
2025-05-05,Organic Social,113,95,58,47,0,0,0,0.0
2025-05-05,Referral,51,44,25,28,4,2,1,54.99
2025-05-05,Email,46,39,4,33,10,4,3,107.96
2025-05-05,Paid Search,178,155,89,101,16,10,10,560.81
2025-05-05,Paid Social,139,119,92,54,9,6,1,24.99
2025-05-06,Organic Search,381,322,186,233,31,15,14,758.71
2025-05-06,Direct,198,173,60,132,31,8,3,104.96
2025-05-06,Organic Social,98,85,52,42,3,1,1,12.99
2025-05-06,Referral,52,45,26,28,3,2,0,0.0
2025-05-06,Email,27,22,2,19,4,2,0,0.0
2025-05-06,Paid Search,186,163,94,109,18,8,8,387.86
2025-05-06,Paid Social,122,105,81,48,7,4,2,34.98
2025-05-07,Organic Search,376,322,186,217,30,17,5,177.93
2025-05-07,Direct,209,174,60,131,20,10,7,297.9
2025-05-07,Organic Social,105,90,55,47,7,4,0,0.0
2025-05-07,Referral,43,38,22,25,2,1,0,0.0
2025-05-07,Email,39,34,4,27,4,3,3,124.95
2025-05-07,Paid Search,175,151,87,101,18,13,2,85.96
2025-05-07,Paid Social,141,123,95,55,10,8,1,34.98
2025-05-08,Organic Search,354,301,174,209,28,12,6,419.84
2025-05-08,Direct,223,198,69,155,26,13,7,266.88
2025-05-08,Organic Social,90,80,49,43,2,1,1,12.99
2025-05-08,Referral,41,36,20,24,2,0,0,0.0
2025-05-08,Email,428,371,44,301,66,31,24,1139.53
2025-05-08,Paid Search,168,139,80,95,20,9,5,227.92
2025-05-08,Paid Social,118,97,75,46,6,4,4,156.94
2025-05-09,Organic Search,377,334,193,222,30,14,9,509.81
2025-05-09,Direct,211,184,64,140,31,12,6,252.91
2025-05-09,Organic Social,87,75,46,38,3,3,3,59.97
2025-05-09,Referral,39,32,18,23,2,0,0,0.0
2025-05-09,Email,31,25,3,20,3,2,0,0.0
2025-05-09,Paid Search,182,152,88,105,17,10,5,240.89
2025-05-09,Paid Social,146,122,95,55,5,3,2,84.97
2025-05-10,Organic Search,320,276,160,184,22,10,9,448.83
2025-05-10,Direct,177,152,53,118,23,9,5,210.9
2025-05-10,Organic Social,94,83,51,43,2,1,1,29.99
2025-05-10,Referral,41,35,20,24,1,1,1,54.99
2025-05-10,Email,29,24,2,21,4,2,2,64.97
2025-05-10,Paid Search,157,134,77,89,13,13,13,689.72
2025-05-10,Paid Social,133,110,85,52,7,6,6,321.87
2025-05-11,Organic Search,363,301,174,219,28,15,12,617.76
2025-05-11,Direct,186,159,55,126,23,9,8,299.89
2025-05-11,Organic Social,101,90,55,45,7,7,0,0.0
2025-05-11,Referral,42,35,20,24,1,0,0,0.0
2025-05-11,Email,43,36,4,28,7,6,6,279.9
2025-05-11,Paid Search,171,148,85,97,17,8,3,68.95
2025-05-11,Paid Social,121,104,81,46,3,3,3,84.97
2025-05-12,Organic Search,422,353,204,235,26,15,11,480.78
2025-05-12,Direct,214,183,64,139,26,14,12,652.77
2025-05-12,Organic Social,113,102,63,49,5,1,1,59.98
2025-05-12,Referral,47,40,23,27,4,3,3,119.94
2025-05-12,Email,37,31,3,27,6,3,1,62.98
2025-05-12,Paid Search,158,129,74,92,28,11,1,59.98
2025-05-12,Paid Social,135,116,90,50,7,3,3,122.95
2025-05-13,Organic Search,396,342,198,235,37,15,15,815.72
2025-05-13,Direct,184,156,54,119,21,11,5,109.94
2025-05-13,Organic Social,111,94,58,48,3,1,1,32.98
2025-05-13,Referral,46,40,23,27,5,3,0,0.0
2025-05-13,Email,43,37,4,31,7,4,0,0.0
2025-05-13,Paid Search,173,150,87,98,18,7,7,352.87
2025-05-13,Paid Social,135,114,88,49,7,6,5,236.9
2025-05-14,Organic Search,320,275,159,184,24,13,5,119.94
2025-05-14,Direct,184,156,54,123,28,16,6,291.89
2025-05-14,Organic Social,99,83,51,43,4,2,1,84.98
2025-05-14,Referral,44,37,21,25,2,1,1,31.98
2025-05-14,Email,35,31,3,25,10,6,1,32.98
2025-05-14,Paid Search,192,165,95,114,21,11,7,294.91
2025-05-14,Paid Social,119,102,79,45,7,4,4,134.95
2025-05-15,Organic Search,376,315,182,216,29,12,8,354.88
2025-05-15,Direct,171,144,50,106,19,7,5,213.91
2025-05-15,Organic Social,104,85,52,50,4,2,1,29.99
2025-05-15,Referral,44,37,21,26,2,2,2,77.97
2025-05-15,Email,497,437,52,345,90,39,31,1400.49
2025-05-15,Paid Search,164,134,77,96,17,8,8,368.85
2025-05-15,Paid Social,156,125,97,56,9,6,6,300.87
2025-05-16,Organic Search,392,325,188,213,38,23,19,738.61
2025-05-16,Direct,187,155,54,125,34,18,7,184.42
2025-05-16,Organic Social,106,87,53,46,2,2,2,87.26
2025-05-16,Referral,40,34,19,22,3,2,2,103.46
2025-05-16,Email,396,333,39,294,104,59,28,1204.58
2025-05-16,Paid Search,168,142,82,96,21,10,3,202.44
2025-05-16,Paid Social,135,115,89,52,6,6,6,211.4
2025-05-17,Organic Search,292,253,146,162,41,17,9,341.84
2025-05-17,Direct,189,158,55,120,20,12,9,375.14
2025-05-17,Organic Social,104,89,55,43,4,1,0,0.0
2025-05-17,Referral,47,40,23,27,3,2,0,0.0
2025-05-17,Email,410,349,41,296,88,37,26,1059.73
2025-05-17,Paid Search,172,146,84,98,21,13,11,416.52
2025-05-17,Paid Social,137,119,92,48,4,4,4,208.71
2025-05-18,Organic Search,343,288,167,199,33,16,7,218.6
2025-05-18,Direct,208,177,61,135,33,17,16,523.55
2025-05-18,Organic Social,96,77,47,43,4,1,1,22.49
2025-05-18,Referral,47,40,23,28,3,3,3,112.46
2025-05-18,Email,404,347,41,285,80,35,25,1078.63
2025-05-18,Paid Search,167,140,81,97,18,7,7,289.64
2025-05-18,Paid Social,133,115,89,47,6,3,3,257.31
2025-05-19,Organic Search,380,315,182,221,17,11,11,547.78
2025-05-19,Direct,240,210,73,157,33,21,2,62.98
2025-05-19,Organic Social,119,98,60,52,4,2,1,29.99
2025-05-19,Referral,50,41,23,29,2,2,2,59.97
2025-05-19,Email,35,29,3,24,8,3,3,122.95
2025-05-19,Paid Search,190,165,95,115,19,10,4,220.93
2025-05-19,Paid Social,151,133,103,55,4,2,2,62.98
2025-05-20,Organic Search,315,254,147,180,28,14,5,221.92
2025-05-20,Direct,226,198,69,151,29,11,8,357.86
2025-05-20,Organic Social,114,97,60,53,2,1,1,59.98
2025-05-20,Referral,48,42,24,28,3,3,3,72.97
2025-05-20,Email,45,37,4,34,8,4,1,9.99
2025-05-20,Paid Search,201,169,98,115,22,7,3,104.96
2025-05-20,Paid Social,122,107,83,46,10,5,4,222.93
2025-05-21,Organic Search,411,338,196,225,35,20,13,413.81
2025-05-21,Direct,214,181,63,143,27,14,14,591.77
2025-05-21,Organic Social,94,84,52,43,1,1,1,24.99
2025-05-21,Referral,46,40,23,25,2,0,0,0.0
2025-05-21,Email,42,35,4,31,11,5,5,254.92
2025-05-21,Paid Search,184,159,92,108,18,10,8,392.87
2025-05-21,Paid Social,135,119,92,50,3,3,3,166.92
2025-05-22,Organic Search,359,299,173,212,33,18,7,226.9
2025-05-22,Direct,198,171,59,130,28,18,11,484.84
2025-05-22,Organic Social,105,90,55,48,4,2,1,104.97
2025-05-22,Referral,43,36,20,26,2,2,2,177.94
2025-05-22,Email,545,471,56,407,97,54,30,1703.35
2025-05-22,Paid Search,209,182,105,124,19,9,6,288.85
2025-05-22,Paid Social,128,111,86,48,7,7,7,443.84
2025-05-23,Organic Search,353,302,175,202,27,11,4,192.92
2025-05-23,Direct,191,166,58,121,24,11,8,362.87
2025-05-23,Organic Social,85,73,45,39,6,4,1,6.99
2025-05-23,Referral,42,34,19,25,3,2,1,91.97
2025-05-23,Email,27,23,2,19,6,5,2,74.97
2025-05-23,Paid Search,189,167,96,109,12,4,4,169.94
2025-05-23,Paid Social,148,133,103,54,4,3,3,135.95
2025-05-24,Organic Search,275,243,140,165,25,14,7,280.88
2025-05-24,Direct,178,159,55,118,21,10,7,491.83
2025-05-24,Organic Social,89,74,45,40,1,0,0,0.0
2025-05-24,Referral,41,34,19,24,3,2,0,0.0
2025-05-24,Email,37,31,3,26,8,5,1,134.95
2025-05-24,Paid Search,194,159,92,119,20,12,5,237.93
2025-05-24,Paid Social,136,115,89,50,9,6,3,139.94
2025-05-25,Organic Search,335,278,161,190,19,13,4,149.94
2025-05-25,Direct,199,170,59,137,31,9,8,358.84
2025-05-25,Organic Social,90,75,46,41,5,3,0,0.0
2025-05-25,Referral,45,39,22,26,0,0,0,0.0
2025-05-25,Email,25,21,2,18,4,2,2,57.97
2025-05-25,Paid Search,182,158,91,102,17,11,11,686.74
2025-05-25,Paid Social,123,105,81,47,3,3,3,214.95
2025-05-26,Organic Search,399,342,198,218,36,19,8,325.89
2025-05-26,Direct,221,182,63,139,28,11,11,597.79
2025-05-26,Organic Social,103,91,56,45,1,1,1,29.99
2025-05-26,Referral,52,45,26,30,2,1,1,114.95
2025-05-26,Email,38,33,3,28,7,4,4,152.95
2025-05-26,Paid Search,185,157,91,107,18,10,9,365.86
2025-05-26,Paid Social,147,124,96,54,6,4,3,134.96
2025-05-27,Organic Search,380,329,190,223,27,13,7,245.9
2025-05-27,Direct,198,173,60,137,23,10,8,352.88
2025-05-27,Organic Social,109,95,58,48,2,2,2,249.93
2025-05-27,Referral,45,39,22,26,7,6,0,0.0
2025-05-27,Email,31,27,3,22,3,3,3,100.96
2025-05-27,Paid Search,175,144,83,102,14,8,6,294.92
2025-05-27,Paid Social,131,112,87,49,7,4,4,204.93
2025-05-28,Organic Search,368,330,191,218,29,15,12,523.78
2025-05-28,Direct,210,184,64,134,28,15,7,332.89
2025-05-28,Organic Social,95,80,49,42,3,2,1,39.98
2025-05-28,Referral,51,43,24,29,2,2,0,0.0
2025-05-28,Email,35,29,3,24,4,3,3,174.94
2025-05-28,Paid Search,168,146,84,97,14,7,4,199.93
2025-05-28,Paid Social,151,130,101,59,6,4,1,54.98
2025-05-29,Organic Search,412,355,205,244,24,12,5,391.87
2025-05-29,Direct,196,168,58,126,23,12,4,144.95
2025-05-29,Organic Social,93,77,47,40,3,2,1,54.99
2025-05-29,Referral,43,35,20,25,2,1,1,29.99
2025-05-29,Email,478,412,49,337,95,49,21,1178.62
2025-05-29,Paid Search,177,148,85,103,16,11,6,298.88
2025-05-29,Paid Social,123,101,78,44,3,2,2,54.98
2025-05-30,Organic Search,302,267,154,172,20,10,9,595.8
2025-05-30,Direct,177,156,54,118,23,12,12,441.82
2025-05-30,Organic Social,99,85,52,44,5,3,1,29.99
2025-05-30,Referral,47,42,24,27,4,3,0,0.0
2025-05-30,Email,46,39,4,32,10,7,2,49.98
2025-05-30,Paid Search,192,166,96,112,23,13,13,719.76
2025-05-30,Paid Social,132,115,89,49,4,4,4,259.89
2025-05-31,Organic Search,264,222,128,149,20,10,4,200.93
2025-05-31,Direct,183,159,55,119,16,12,6,327.88
2025-05-31,Organic Social,90,77,47,38,6,4,3,246.92
2025-05-31,Referral,36,31,17,20,3,3,0,0.0
2025-05-31,Email,26,23,2,18,7,3,2,49.98
2025-05-31,Paid Search,153,130,75,91,15,7,7,316.87
2025-05-31,Paid Social,156,134,104,62,5,5,5,167.92
2025-06-01,Organic Search,329,283,164,184,28,14,5,282.91
2025-06-01,Direct,182,152,53,121,20,12,10,661.77
2025-06-01,Organic Social,98,81,50,44,3,1,0,0.0
2025-06-01,Referral,33,28,16,18,1,1,1,24.99
2025-06-01,Email,26,22,2,18,6,4,4,277.9
2025-06-01,Paid Search,159,136,78,92,19,11,5,319.88
2025-06-01,Paid Social,135,115,89,50,5,2,0,0.0
2025-06-02,Organic Search,369,323,187,207,42,22,9,322.86
2025-06-02,Direct,205,174,60,133,31,19,7,344.88
2025-06-02,Organic Social,104,87,53,45,4,1,1,139.95
2025-06-02,Referral,50,44,25,29,1,1,1,44.98
2025-06-02,Email,43,36,4,29,9,6,4,154.95
2025-06-02,Paid Search,218,191,110,126,24,12,12,507.81
2025-06-02,Paid Social,121,103,80,45,7,4,4,99.96
2025-06-03,Organic Search,362,312,180,223,31,17,10,380.86
2025-06-03,Direct,194,167,58,127,27,13,9,346.89
2025-06-03,Organic Social,106,93,57,46,3,2,2,92.96
2025-06-03,Referral,45,38,22,25,3,2,2,154.93
2025-06-03,Email,44,37,4,29,10,4,3,92.96
2025-06-03,Paid Search,155,131,75,87,16,8,4,138.93
2025-06-03,Paid Social,130,112,87,50,7,4,1,29.99
2025-06-04,Organic Search,282,235,136,155,19,13,13,603.76
2025-06-04,Direct,198,172,60,135,27,14,5,162.93
2025-06-04,Organic Social,90,77,47,42,5,3,0,0.0
2025-06-04,Referral,42,35,20,24,3,3,3,154.93
2025-06-04,Email,35,28,3,26,5,3,2,119.96
2025-06-04,Paid Search,193,167,96,112,24,9,4,262.91
2025-06-04,Paid Social,131,113,88,47,7,6,2,99.96
2025-06-05,Organic Search,304,257,149,176,21,11,9,345.84
2025-06-05,Direct,184,154,53,119,23,14,11,601.76
2025-06-05,Organic Social,91,79,48,41,2,2,1,134.97
2025-06-05,Referral,43,37,21,25,1,1,1,9.99
2025-06-05,Email,531,450,54,381,82,43,31,1707.4
2025-06-05,Paid Search,186,160,92,107,15,10,7,269.9
2025-06-05,Paid Social,134,111,86,52,4,4,4,169.95
2025-06-06,Organic Search,296,251,145,169,21,11,11,468.81
2025-06-06,Direct,164,141,49,109,23,10,10,420.82
2025-06-06,Organic Social,99,83,51,43,3,2,0,0.0
2025-06-06,Referral,45,37,21,26,1,1,0,0.0
2025-06-06,Email,37,30,3,26,5,4,0,0.0
2025-06-06,Paid Search,175,145,84,100,24,8,2,62.98
2025-06-06,Paid Social,140,116,90,52,7,3,1,62.98
2025-06-07,Organic Search,278,240,139,165,24,13,8,368.85
2025-06-07,Direct,173,145,50,117,19,8,5,239.92
2025-06-07,Organic Social,82,70,43,37,2,1,1,79.97
2025-06-07,Referral,39,34,19,23,4,4,4,138.94
2025-06-07,Email,47,42,5,33,7,1,1,74.97
2025-06-07,Paid Search,196,168,97,116,14,5,5,142.93
2025-06-07,Paid Social,120,99,77,46,7,5,5,169.93
2025-06-08,Organic Search,300,253,146,176,20,10,4,192.93
2025-06-08,Direct,170,143,50,116,21,15,5,244.89
2025-06-08,Organic Social,102,85,52,46,3,2,0,0.0
2025-06-08,Referral,43,37,21,26,5,2,1,65.98
2025-06-08,Email,36,31,3,25,9,5,1,29.99
2025-06-08,Paid Search,197,177,102,121,20,8,8,345.85
2025-06-08,Paid Social,129,114,88,52,4,3,3,155.94
2025-06-09,Organic Search,379,323,187,228,32,13,9,462.84
2025-06-09,Direct,206,174,60,139,36,12,7,389.87
2025-06-09,Organic Social,103,90,55,45,0,0,0,0.0
2025-06-09,Referral,49,42,24,27,2,1,1,34.98
2025-06-09,Email,26,22,2,19,2,1,1,27.99
2025-06-09,Paid Search,167,140,81,94,23,13,9,395.83
2025-06-09,Paid Social,125,105,81,46,5,3,3,192.94
2025-06-10,Organic Search,293,253,146,173,23,13,8,334.85
2025-06-10,Direct,212,177,61,137,33,13,9,419.82
2025-06-10,Organic Social,103,85,52,48,4,2,1,149.97
2025-06-10,Referral,46,38,22,26,3,2,0,0.0
2025-06-10,Email,38,31,3,27,10,5,0,0.0
2025-06-10,Paid Search,180,155,89,102,20,11,6,288.89
2025-06-10,Paid Social,139,121,94,50,8,3,3,188.91
2025-06-11,Organic Search,328,274,158,198,23,11,5,187.94
2025-06-11,Direct,195,170,59,132,23,13,13,672.73
2025-06-11,Organic Social,99,84,52,44,5,3,2,59.98
2025-06-11,Referral,42,38,22,25,4,2,2,59.98
2025-06-11,Email,21,17,2,14,6,1,1,49.98
2025-06-11,Paid Search,184,163,94,112,15,7,7,429.87
2025-06-11,Paid Social,129,109,85,48,2,2,2,44.98
2025-06-12,Organic Search,316,272,157,183,27,11,7,336.88
2025-06-12,Direct,238,203,71,154,32,13,6,367.86
2025-06-12,Organic Social,95,80,49,43,3,3,3,159.93
2025-06-12,Referral,43,37,21,24,4,1,1,9.99
2025-06-12,Email,449,388,46,302,75,42,29,1444.47
2025-06-12,Paid Search,165,133,77,94,15,7,2,61.98
2025-06-12,Paid Social,150,124,96,59,4,3,3,173.91
2025-06-13,Organic Search,218,186,107,121,16,8,8,254.89
2025-06-13,Direct,178,153,53,123,24,11,7,192.91
2025-06-13,Organic Social,97,81,50,44,7,4,1,79.97
2025-06-13,Referral,39,31,17,22,2,1,1,114.97
2025-06-13,Email,35,31,3,24,10,7,3,175.94
2025-06-13,Paid Search,182,153,88,104,20,9,6,343.87
2025-06-13,Paid Social,144,121,94,52,5,3,3,192.95
2025-06-14,Organic Search,253,216,125,147,23,8,2,82.97
2025-06-14,Direct,164,140,49,111,24,12,7,312.91
2025-06-14,Organic Social,75,64,39,31,5,2,2,145.96
2025-06-14,Referral,38,32,18,22,3,1,1,32.99
2025-06-14,Email,35,29,3,25,8,5,3,129.94
2025-06-14,Paid Search,179,146,84,103,13,4,4,167.94
2025-06-14,Paid Social,133,108,84,51,7,4,4,271.91
2025-06-15,Organic Search,325,293,169,189,20,10,9,331.84
2025-06-15,Direct,207,176,61,141,30,18,2,126.96
2025-06-15,Organic Social,98,83,51,45,5,2,1,84.98
2025-06-15,Referral,43,36,20,23,4,3,0,0.0
2025-06-15,Email,33,27,3,24,7,1,1,29.99
2025-06-15,Paid Search,192,162,93,108,18,11,8,319.87
2025-06-15,Paid Social,133,112,87,48,6,6,6,392.87
2025-06-16,Organic Search,361,314,182,208,19,11,11,488.78
2025-06-16,Direct,218,187,65,147,24,8,8,340.87
2025-06-16,Organic Social,105,93,57,49,1,1,1,19.99
2025-06-16,Referral,41,34,19,24,5,1,0,0.0
2025-06-16,Email,35,29,3,25,5,4,1,29.99
2025-06-16,Paid Search,164,145,84,92,15,9,6,194.92
2025-06-16,Paid Social,117,99,77,44,5,5,5,279.91
2025-06-17,Organic Search,355,306,177,200,41,20,11,668.78
2025-06-17,Direct,201,175,61,130,27,10,7,412.83
2025-06-17,Organic Social,115,95,58,52,3,2,1,24.99
2025-06-17,Referral,42,36,20,24,3,3,0,0.0
2025-06-17,Email,32,27,3,23,4,4,4,201.92
2025-06-17,Paid Search,170,148,85,99,17,10,7,251.89
2025-06-17,Paid Social,127,104,81,46,10,3,1,19.99
2025-06-18,Organic Search,325,279,161,190,19,10,8,449.84
2025-06-18,Direct,198,172,60,128,22,9,5,318.89
2025-06-18,Organic Social,104,88,54,44,2,1,1,54.98
2025-06-18,Referral,40,35,20,23,3,3,3,202.94
2025-06-18,Email,30,25,3,21,7,7,7,254.9
2025-06-18,Paid Search,176,158,91,110,12,10,10,496.81
2025-06-18,Paid Social,131,116,90,49,8,4,2,89.97
2025-06-19,Organic Search,276,244,141,155,20,10,5,300.86
2025-06-19,Direct,206,176,61,134,31,18,9,435.83
2025-06-19,Organic Social,102,86,53,44,5,4,3,70.97
2025-06-19,Referral,48,42,24,28,9,5,0,0.0
2025-06-19,Email,451,401,48,319,75,32,21,827.69
2025-06-19,Paid Search,165,142,82,99,21,14,14,711.71
2025-06-19,Paid Social,132,117,91,49,5,5,3,101.95
2025-06-20,Organic Search,322,276,160,185,28,13,3,56.97
2025-06-20,Direct,191,162,56,129,26,14,9,357.86
2025-06-20,Organic Social,99,82,50,47,4,1,1,54.99
2025-06-20,Referral,44,37,21,25,1,1,0,0.0
2025-06-20,Email,34,29,3,24,2,2,2,104.96
2025-06-20,Paid Search,169,145,84,100,17,7,2,165.95
2025-06-20,Paid Social,119,103,80,45,3,3,3,144.96
2025-06-21,Organic Search,293,250,145,171,27,18,4,229.92
2025-06-21,Direct,200,173,60,132,20,12,3,129.95
2025-06-21,Organic Social,81,69,42,37,0,0,0,0.0
2025-06-21,Referral,43,37,21,24,2,2,0,0.0
2025-06-21,Email,31,27,3,22,4,3,1,55.98
2025-06-21,Paid Search,191,165,95,112,16,8,6,367.9
2025-06-21,Paid Social,121,100,78,47,4,4,4,124.95
2025-06-22,Organic Search,302,262,151,174,24,14,6,287.91
2025-06-22,Direct,156,129,45,107,23,10,7,447.86
2025-06-22,Organic Social,90,78,48,40,2,1,1,214.94
2025-06-22,Referral,38,33,19,22,2,1,0,0.0
2025-06-22,Email,36,31,3,26,9,4,2,147.95
2025-06-22,Paid Search,171,148,85,96,19,9,9,504.83
2025-06-22,Paid Social,128,109,85,46,6,4,1,57.95
2025-06-23,Organic Search,388,331,191,224,35,19,13,690.75
2025-06-23,Direct,212,178,62,136,35,20,7,342.84
2025-06-23,Organic Social,106,94,58,49,3,3,3,114.95
2025-06-23,Referral,45,38,22,26,3,1,0,0.0
2025-06-23,Email,43,36,4,29,8,5,5,164.94
2025-06-23,Paid Search,174,149,86,103,18,9,9,569.78
2025-06-23,Paid Social,125,105,81,44,5,2,1,24.99
2025-06-24,Organic Search,406,342,198,235,36,16,11,617.77
2025-06-24,Direct,199,173,60,136,25,12,7,276.87
2025-06-24,Organic Social,105,90,55,46,3,3,1,55.98
2025-06-24,Referral,43,36,20,26,1,1,1,94.96
2025-06-24,Email,27,23,2,19,6,3,0,0.0
2025-06-24,Paid Search,181,160,92,98,12,6,6,219.91
2025-06-24,Paid Social,143,120,93,53,5,2,2,49.98
2025-06-25,Organic Search,266,221,128,153,17,9,4,192.92
2025-06-25,Direct,186,159,55,120,23,11,6,221.91
2025-06-25,Organic Social,93,81,50,40,1,0,0,0.0
2025-06-25,Referral,43,37,21,24,2,2,1,27.99
2025-06-25,Email,35,29,3,24,2,2,2,109.97
2025-06-25,Paid Search,178,159,92,104,18,12,4,232.92
2025-06-25,Paid Social,128,113,88,46,7,4,4,129.94
2025-06-26,Organic Search,346,298,172,206,33,15,14,780.7
2025-06-26,Direct,184,160,56,120,25,9,8,405.84
2025-06-26,Organic Social,97,84,52,44,4,2,0,0.0
2025-06-26,Referral,42,35,20,24,5,3,0,0.0
2025-06-26,Email,376,328,39,263,74,43,20,1199.58
2025-06-26,Paid Search,172,146,84,97,13,5,5,187.92
2025-06-26,Paid Social,126,114,88,47,5,4,3,168.94
2025-06-27,Organic Search,278,231,133,162,19,11,6,347.87
2025-06-27,Direct,172,146,51,108,28,17,9,578.8
2025-06-27,Organic Social,105,90,55,45,2,2,0,0.0
2025-06-27,Referral,39,34,19,21,3,2,0,0.0
2025-06-27,Email,39,33,3,27,4,2,2,97.96
2025-06-27,Paid Search,185,157,91,110,23,12,2,185.93
2025-06-27,Paid Social,147,126,98,54,6,6,6,162.93
2025-06-28,Organic Search,264,234,135,157,26,14,9,374.86
2025-06-28,Direct,167,143,50,108,22,11,6,171.92
2025-06-28,Organic Social,86,75,46,37,2,0,0,0.0
2025-06-28,Referral,35,28,16,20,4,1,1,54.98
2025-06-28,Email,24,19,2,18,7,2,1,54.98
2025-06-28,Paid Search,155,136,78,92,15,8,4,219.89
2025-06-28,Paid Social,133,113,88,50,8,4,4,147.94
2025-06-29,Organic Search,335,289,167,199,24,10,10,473.84
2025-06-29,Direct,181,158,55,114,30,14,11,535.82
2025-06-29,Organic Social,89,74,45,41,2,1,0,0.0
2025-06-29,Referral,37,31,17,20,1,1,0,0.0
2025-06-29,Email,27,22,2,20,3,2,1,24.99
2025-06-29,Paid Search,178,155,89,101,9,6,6,270.89
2025-06-29,Paid Social,129,106,82,48,3,3,3,94.96
2025-06-30,Organic Search,312,267,154,179,27,17,5,254.91
2025-06-30,Direct,225,196,68,150,28,16,8,385.85
2025-06-30,Organic Social,103,86,53,45,1,1,0,0.0
2025-06-30,Referral,48,42,24,28,2,1,0,0.0
2025-06-30,Email,40,35,4,28,9,3,1,19.99
2025-06-30,Paid Search,168,139,80,93,13,7,7,342.83
2025-06-30,Paid Social,159,136,106,59,7,3,2,97.97
2025-07-01,Organic Search,245,221,128,138,24,17,6,197.91
2025-07-01,Direct,208,179,62,134,23,14,14,657.77
2025-07-01,Organic Social,95,80,49,43,3,3,2,109.95
2025-07-01,Referral,42,36,20,23,1,1,1,42.98
2025-07-01,Email,26,21,2,18,5,5,5,139.93
2025-07-01,Paid Search,180,157,91,105,17,9,9,509.8
2025-07-01,Paid Social,156,132,102,60,9,3,3,167.94
2025-07-02,Organic Search,242,202,117,144,17,9,3,77.96
2025-07-02,Direct,164,139,48,110,23,15,15,946.69
2025-07-02,Organic Social,87,73,45,37,3,1,1,54.99
2025-07-02,Referral,35,30,17,19,1,0,0,0.0
2025-07-02,Email,39,33,3,27,5,5,5,329.9
2025-07-02,Paid Search,164,141,81,97,16,7,7,219.9
2025-07-02,Paid Social,128,108,84,48,2,2,2,31.98
2025-07-03,Organic Search,218,181,104,130,15,8,2,112.97
2025-07-03,Direct,153,130,45,96,21,13,6,230.89
2025-07-03,Organic Social,93,81,50,39,1,0,0,0.0
2025-07-03,Referral,36,31,17,19,1,1,1,46.97
2025-07-03,Email,464,402,48,334,86,38,27,1296.47
2025-07-03,Paid Search,176,155,89,100,12,8,5,312.9
2025-07-03,Paid Social,137,123,95,49,6,2,2,52.98
2025-07-04,Organic Search,205,173,100,113,24,12,4,159.95
2025-07-04,Direct,184,158,55,126,26,18,5,240.91
2025-07-04,Organic Social,87,73,45,37,2,2,2,302.92
2025-07-04,Referral,37,31,17,21,1,0,0,0.0
2025-07-04,Email,38,31,3,27,12,8,1,29.99
2025-07-04,Paid Search,168,143,82,100,17,8,3,104.96
2025-07-04,Paid Social,124,105,81,48,5,3,3,89.96
2025-07-05,Organic Search,250,203,117,141,17,9,9,450.84
2025-07-05,Direct,164,139,48,111,18,10,10,371.83
2025-07-05,Organic Social,80,69,42,34,1,0,0,0.0
2025-07-05,Referral,27,23,13,15,2,1,0,0.0
2025-07-05,Email,54,46,5,39,9,4,3,99.96
2025-07-05,Paid Search,176,153,88,101,9,7,5,229.92
2025-07-05,Paid Social,134,116,90,52,4,3,3,217.93
2025-07-06,Organic Search,223,188,109,134,19,9,4,282.88
2025-07-06,Direct,138,121,42,96,22,11,5,186.92
2025-07-06,Organic Social,88,76,47,38,4,2,1,134.95
2025-07-06,Referral,36,30,17,20,4,2,1,19.99
2025-07-06,Email,34,28,3,24,9,3,2,79.98
2025-07-06,Paid Search,184,162,93,105,15,9,5,262.9
2025-07-06,Paid Social,125,107,83,46,6,4,3,154.94
2025-07-07,Organic Search,284,243,140,163,22,14,7,423.83
2025-07-07,Direct,189,157,54,125,18,9,6,202.93
2025-07-07,Organic Social,96,83,51,45,5,2,2,38.97
2025-07-07,Referral,46,38,22,27,2,2,2,87.97
2025-07-07,Email,42,35,4,31,7,4,4,129.95
2025-07-07,Paid Search,182,158,91,105,20,10,8,459.85
2025-07-07,Paid Social,114,95,74,44,6,5,5,160.93
2025-07-08,Organic Search,223,193,111,125,25,11,5,408.86
2025-07-08,Direct,197,177,61,129,29,17,6,404.85
2025-07-08,Organic Social,82,71,44,37,4,2,0,0.0
2025-07-08,Referral,37,31,17,20,4,3,0,0.0
2025-07-08,Email,43,37,4,30,5,3,3,74.97
2025-07-08,Paid Search,146,128,74,83,12,5,5,372.88
2025-07-08,Paid Social,117,101,78,42,2,2,2,97.96
2025-07-09,Organic Search,243,210,121,136,18,6,2,54.98
2025-07-09,Direct,172,140,49,113,25,15,6,277.9
2025-07-09,Organic Social,102,86,53,43,4,0,0,0.0
2025-07-09,Referral,35,30,17,21,1,1,0,0.0
2025-07-09,Email,32,27,3,24,3,2,2,84.97
2025-07-09,Paid Search,190,160,92,114,16,9,7,463.82
2025-07-09,Paid Social,144,121,94,54,11,2,2,278.92
2025-07-10,Organic Search,247,217,125,141,32,13,7,224.92
2025-07-10,Direct,187,154,53,117,25,10,7,240.87
2025-07-10,Organic Social,86,74,45,39,2,2,2,179.94
2025-07-10,Referral,37,32,18,21,2,1,1,54.99
2025-07-10,Email,587,497,59,418,104,52,21,1206.54
2025-07-10,Paid Search,194,171,99,111,16,13,8,425.84
2025-07-10,Paid Social,125,106,82,46,6,2,0,0.0
2025-07-11,Organic Search,247,206,119,143,25,9,9,259.89
2025-07-11,Direct,180,156,54,125,22,14,4,137.95
2025-07-11,Organic Social,80,67,41,34,1,1,0,0.0
2025-07-11,Referral,37,31,17,21,2,2,0,0.0
2025-07-11,Email,21,18,2,14,5,2,1,36.98
2025-07-11,Paid Search,173,151,87,100,15,6,2,98.95
2025-07-11,Paid Social,140,122,95,53,6,6,6,207.91
2025-07-12,Organic Search,210,179,103,128,22,12,3,229.94
2025-07-12,Direct,158,139,48,97,10,5,5,152.93
2025-07-12,Organic Social,70,61,37,30,3,3,3,164.94
2025-07-12,Referral,25,21,12,14,0,0,0,0.0
2025-07-12,Email,31,27,3,21,5,4,4,204.92
2025-07-12,Paid Search,171,149,86,103,16,9,2,114.95
2025-07-12,Paid Social,134,118,92,50,7,7,7,212.9
2025-07-13,Organic Search,207,166,96,117,10,7,7,307.87
2025-07-13,Direct,176,144,50,119,31,13,6,309.89
2025-07-13,Organic Social,74,63,39,33,1,0,0,0.0
2025-07-13,Referral,40,33,19,22,4,3,3,159.93
2025-07-13,Email,29,24,2,19,4,3,3,140.94
2025-07-13,Paid Search,163,147,85,95,17,8,8,407.83
2025-07-13,Paid Social,123,102,79,46,5,1,1,49.98
2025-07-14,Organic Search,300,258,149,175,26,14,10,545.8
2025-07-14,Direct,190,163,57,125,22,10,9,427.86
2025-07-14,Organic Social,103,87,53,47,6,2,2,177.94
2025-07-14,Referral,39,33,19,20,2,2,2,159.94
2025-07-14,Email,37,31,3,26,7,4,2,131.96
2025-07-14,Paid Search,146,129,74,82,15,7,7,392.86
2025-07-14,Paid Social,111,94,73,43,4,3,3,164.94
2025-07-15,Organic Search,251,213,123,144,17,10,4,247.92
2025-07-15,Direct,185,159,55,120,33,19,8,183.91
2025-07-15,Organic Social,79,66,40,35,2,1,1,12.99
2025-07-15,Referral,41,34,19,24,2,2,0,0.0
2025-07-15,Email,43,37,4,30,5,4,2,49.98
2025-07-15,Paid Search,179,153,88,100,18,9,4,215.93
2025-07-15,Paid Social,141,119,92,55,4,3,3,213.94
2025-07-16,Organic Search,253,228,132,145,24,11,10,488.82
2025-07-16,Direct,170,145,50,106,20,7,3,210.92
2025-07-16,Organic Social,94,81,50,43,3,2,2,129.97
2025-07-16,Referral,41,34,19,24,1,1,1,29.99
2025-07-16,Email,43,37,4,33,9,6,1,13.98
2025-07-16,Paid Search,172,141,81,100,10,7,7,462.82
2025-07-16,Paid Social,130,112,87,47,8,5,4,100.95
2025-07-17,Organic Search,246,215,124,145,18,10,8,468.84
2025-07-17,Direct,173,145,50,117,20,10,6,231.92
2025-07-17,Organic Social,86,76,47,38,2,1,1,32.98
2025-07-17,Referral,36,30,17,20,3,2,0,0.0
2025-07-17,Email,559,465,55,409,86,43,25,930.66
2025-07-17,Paid Search,153,130,75,90,14,13,13,626.74
2025-07-17,Paid Social,133,117,91,49,5,3,3,107.95
2025-07-18,Organic Search,223,199,115,126,22,9,3,109.95
2025-07-18,Direct,168,143,50,109,30,15,7,365.86
2025-07-18,Organic Social,71,63,39,30,3,2,1,55.97
2025-07-18,Referral,37,32,18,22,2,2,2,200.94
2025-07-18,Email,49,42,5,34,13,8,2,52.97
2025-07-18,Paid Search,174,149,86,101,16,8,8,575.79
2025-07-18,Paid Social,130,108,84,49,6,3,2,104.97
2025-07-19,Organic Search,239,202,117,133,20,9,6,255.89
2025-07-19,Direct,97,86,30,64,14,7,5,279.89
2025-07-19,Organic Social,78,68,42,36,1,1,1,19.99
2025-07-19,Referral,24,20,11,13,1,1,1,139.96
2025-07-19,Email,46,39,4,32,6,5,4,228.9
2025-07-19,Paid Search,161,139,80,95,14,8,8,357.86
2025-07-19,Paid Social,119,100,78,43,6,2,2,114.96
2025-07-20,Organic Search,199,176,102,115,8,5,5,414.85
2025-07-20,Direct,151,128,44,104,18,9,6,265.91
2025-07-20,Organic Social,86,72,44,39,3,2,0,0.0
2025-07-20,Referral,33,28,16,20,1,1,0,0.0
2025-07-20,Email,41,35,4,30,4,3,1,49.98
2025-07-20,Paid Search,190,160,92,109,24,9,6,294.92
2025-07-20,Paid Social,141,124,96,53,7,3,1,24.99
2025-07-21,Organic Search,218,187,108,126,13,5,3,84.96
2025-07-21,Direct,202,177,61,128,36,17,7,373.88
2025-07-21,Organic Social,84,73,45,37,2,2,1,59.98
2025-07-21,Referral,40,33,19,23,2,1,0,0.0
2025-07-21,Email,37,30,3,25,7,5,3,159.94
2025-07-21,Paid Search,160,143,82,90,10,7,7,267.89
2025-07-21,Paid Social,147,120,93,57,7,2,1,49.98
2025-07-22,Organic Search,227,198,114,136,25,13,6,237.89
2025-07-22,Direct,181,157,54,127,28,13,11,467.79
2025-07-22,Organic Social,92,80,49,41,7,1,1,29.99
2025-07-22,Referral,44,37,21,26,4,3,0,0.0
2025-07-22,Email,38,34,4,27,6,4,1,29.99
2025-07-22,Paid Search,172,150,87,100,20,12,7,281.88
2025-07-22,Paid Social,136,118,92,52,5,3,3,84.97
2025-07-23,Organic Search,239,210,121,138,19,11,1,49.98
2025-07-23,Direct,164,132,46,103,17,10,8,458.85
2025-07-23,Organic Social,94,81,50,39,1,1,1,67.98
2025-07-23,Referral,38,32,18,20,2,2,2,199.92
2025-07-23,Email,20,16,1,14,7,4,2,187.94
2025-07-23,Paid Search,170,151,87,99,19,8,6,207.91
2025-07-23,Paid Social,134,114,88,51,5,3,2,80.97
2025-07-24,Organic Search,228,197,114,137,17,10,4,228.89
2025-07-24,Direct,172,148,51,120,19,11,4,221.91
2025-07-24,Organic Social,70,58,35,30,3,2,1,107.97
2025-07-24,Referral,36,30,17,20,1,1,0,0.0
2025-07-24,Email,456,401,48,342,79,38,26,1105.56
2025-07-24,Paid Search,193,164,95,111,17,7,2,62.97
2025-07-24,Paid Social,128,108,84,47,8,2,1,105.96
2025-07-25,Organic Search,239,210,121,135,19,9,8,486.8
2025-07-25,Direct,151,131,45,101,18,10,2,67.97
2025-07-25,Organic Social,83,71,44,38,1,0,0,0.0
2025-07-25,Referral,40,33,19,22,1,1,1,29.99
2025-07-25,Email,45,39,4,32,9,5,5,259.91
2025-07-25,Paid Search,164,142,82,97,16,7,1,54.99
2025-07-25,Paid Social,125,107,83,47,2,2,2,209.95
2025-07-26,Organic Search,197,172,99,115,17,12,3,104.97
2025-07-26,Direct,146,132,46,97,22,15,2,177.95
2025-07-26,Organic Social,93,80,49,40,1,1,1,29.99
2025-07-26,Referral,32,28,16,18,1,0,0,0.0
2025-07-26,Email,43,36,4,30,5,2,2,59.98
2025-07-26,Paid Search,167,149,86,101,18,10,9,514.83
2025-07-26,Paid Social,118,102,79,46,9,5,5,406.87
2025-07-27,Organic Search,285,249,144,163,23,10,8,313.85
2025-07-27,Direct,136,116,40,91,12,9,1,19.99
2025-07-27,Organic Social,81,70,43,35,4,2,0,0.0
2025-07-27,Referral,38,32,18,22,5,2,0,0.0
2025-07-27,Email,27,23,2,20,5,2,2,57.98
2025-07-27,Paid Search,173,152,88,101,10,7,7,272.91
2025-07-27,Paid Social,136,115,89,47,6,5,5,239.92
2025-07-28,Organic Search,276,240,139,154,24,14,7,391.84
2025-07-28,Direct,202,177,61,136,17,8,6,531.85
2025-07-28,Organic Social,90,78,48,40,4,2,2,69.97
2025-07-28,Referral,38,34,19,21,2,2,1,29.99
2025-07-28,Email,40,35,4,27,7,3,2,49.98
2025-07-28,Paid Search,188,163,94,109,22,11,9,443.83
2025-07-28,Paid Social,115,96,74,42,4,1,1,29.99
2025-07-29,Organic Search,220,187,108,131,11,8,8,482.85
2025-07-29,Direct,187,162,56,125,21,12,6,249.91
2025-07-29,Organic Social,92,79,48,42,3,3,1,49.98
2025-07-29,Referral,36,30,17,21,4,1,1,19.99
2025-07-29,Email,33,27,3,23,5,2,1,114.97
2025-07-29,Paid Search,198,174,100,111,19,10,4,210.9
2025-07-29,Paid Social,130,112,87,50,5,3,1,74.97
2025-07-30,Organic Search,223,187,108,123,13,6,4,203.92
2025-07-30,Direct,153,129,45,100,21,8,7,359.87
2025-07-30,Organic Social,78,68,42,36,3,2,2,121.94
2025-07-30,Referral,30,26,15,16,2,1,1,39.97
2025-07-30,Email,25,21,2,17,4,4,4,239.92
2025-07-30,Paid Search,170,146,84,95,20,13,13,605.78
2025-07-30,Paid Social,137,115,89,53,4,4,4,213.91
2025-07-31,Organic Search,254,221,128,147,18,11,6,267.91
2025-07-31,Direct,186,165,57,126,23,9,8,340.86
2025-07-31,Organic Social,89,75,46,40,2,1,0,0.0
2025-07-31,Referral,36,30,17,21,3,3,3,117.97
2025-07-31,Email,537,449,53,358,98,47,29,1536.45
2025-07-31,Paid Search,167,140,81,93,14,12,9,401.84
2025-07-31,Paid Social,120,98,76,48,4,3,3,194.93
2025-08-01,Organic Search,208,172,99,119,23,16,8,425.83
2025-08-01,Direct,167,145,50,107,22,13,13,568.78
2025-08-01,Organic Social,72,61,37,33,4,2,1,29.99
2025-08-01,Referral,33,28,16,19,6,4,0,0.0
2025-08-01,Email,35,28,3,26,4,2,0,0.0
2025-08-01,Paid Search,159,137,79,93,21,12,4,277.9
2025-08-01,Paid Social,137,117,91,53,7,7,7,271.87
2025-08-02,Organic Search,180,152,88,101,10,6,6,490.83
2025-08-02,Direct,142,115,40,92,20,10,4,137.94
2025-08-02,Organic Social,71,62,38,30,0,0,0,0.0
2025-08-02,Referral,28,24,13,16,1,1,0,0.0
2025-08-02,Email,26,21,2,19,5,3,2,169.96
2025-08-02,Paid Search,185,159,92,105,10,6,6,252.9
2025-08-02,Paid Social,143,126,98,54,8,5,2,134.94
2025-08-03,Organic Search,189,158,91,110,17,9,5,156.93
2025-08-03,Direct,148,129,45,93,19,11,8,445.85
2025-08-03,Organic Social,81,66,40,36,4,3,2,69.97
2025-08-03,Referral,34,29,16,19,6,2,1,66.97
2025-08-03,Email,29,25,3,20,4,3,2,87.96
2025-08-03,Paid Search,166,144,83,94,20,11,7,431.85
2025-08-03,Paid Social,123,104,81,44,6,6,6,209.91
2025-08-04,Organic Search,218,177,102,123,14,7,5,217.92
2025-08-04,Direct,192,164,57,122,28,15,6,404.89
2025-08-04,Organic Social,82,68,42,37,5,2,1,39.98
2025-08-04,Referral,41,34,19,22,2,2,1,6.99
2025-08-04,Email,29,24,2,20,5,2,1,29.99
2025-08-04,Paid Search,174,146,84,105,24,16,9,426.85
2025-08-04,Paid Social,111,98,76,42,4,3,3,52.96
2025-08-05,Organic Search,218,190,110,126,13,8,6,286.88
2025-08-05,Direct,177,157,54,115,23,12,12,528.81
2025-08-05,Organic Social,87,74,45,39,2,1,0,0.0
2025-08-05,Referral,39,33,19,22,2,1,1,49.98
2025-08-05,Email,33,29,3,23,5,2,2,130.95
2025-08-05,Paid Search,192,169,98,109,20,10,7,277.89
2025-08-05,Paid Social,122,103,80,48,4,4,4,254.92
2025-08-06,Organic Search,211,188,109,124,12,8,8,260.85
2025-08-06,Direct,188,156,54,118,25,18,5,277.9
2025-08-06,Organic Social,95,84,52,44,2,2,2,49.98
2025-08-06,Referral,35,30,17,20,1,1,1,59.98
2025-08-06,Email,35,30,3,25,9,7,3,139.96
2025-08-06,Paid Search,186,160,92,104,19,9,7,339.87
2025-08-06,Paid Social,140,119,92,53,10,5,1,54.99
2025-08-07,Organic Search,196,169,98,115,13,8,3,225.9
2025-08-07,Direct,166,134,46,105,22,13,6,359.91
2025-08-07,Organic Social,82,71,44,37,1,0,0,0.0
2025-08-07,Referral,32,27,15,18,3,2,2,45.98
2025-08-07,Email,410,358,42,294,56,23,18,1063.64
2025-08-07,Paid Search,172,147,85,98,13,11,6,339.89
2025-08-07,Paid Social,116,98,76,44,6,2,2,79.97
2025-08-08,Organic Search,206,177,102,117,21,10,2,192.96
2025-08-08,Direct,148,126,44,97,21,11,3,121.94
2025-08-08,Organic Social,77,67,41,35,3,2,1,19.99
2025-08-08,Referral,28,24,13,15,2,2,1,42.98
2025-08-08,Email,34,29,3,24,5,2,0,0.0
2025-08-08,Paid Search,213,187,108,121,25,11,4,169.93
2025-08-08,Paid Social,137,111,86,53,9,5,1,44.97
2025-08-09,Organic Search,160,142,82,93,13,9,5,414.85
2025-08-09,Direct,127,106,37,81,13,9,9,419.83
2025-08-09,Organic Social,69,57,35,32,3,3,3,252.93
2025-08-09,Referral,34,29,16,19,3,3,0,0.0
2025-08-09,Email,23,19,2,16,1,1,1,54.99
2025-08-09,Paid Search,152,132,76,85,18,9,4,158.94
2025-08-09,Paid Social,121,108,84,46,7,5,1,24.99
2025-08-10,Organic Search,167,141,81,103,15,9,4,177.92
2025-08-10,Direct,155,134,46,103,17,7,7,445.84
2025-08-10,Organic Social,82,72,44,39,3,2,0,0.0
2025-08-10,Referral,32,26,15,18,2,1,1,57.98
2025-08-10,Email,36,31,3,26,6,5,2,69.97
2025-08-10,Paid Search,173,146,84,102,15,12,12,549.79
2025-08-10,Paid Social,150,126,98,57,6,6,6,180.92
2025-08-11,Organic Search,253,218,126,146,16,8,4,342.89
2025-08-11,Direct,175,149,52,117,23,12,7,504.83
2025-08-11,Organic Social,89,73,45,40,3,2,0,0.0
2025-08-11,Referral,41,35,20,24,2,2,2,37.98
2025-08-11,Email,35,29,3,24,7,6,2,117.97
2025-08-11,Paid Search,164,143,82,94,16,8,8,429.85
2025-08-11,Paid Social,119,100,78,46,4,3,2,79.96
2025-08-12,Organic Search,237,203,117,137,20,8,3,176.94
2025-08-12,Direct,172,150,52,104,23,13,4,197.92
2025-08-12,Organic Social,93,79,48,41,3,3,0,0.0
2025-08-12,Referral,39,34,19,22,4,3,1,29.99
2025-08-12,Email,33,28,3,23,4,4,2,139.96
2025-08-12,Paid Search,170,144,83,97,13,7,6,184.94
2025-08-12,Paid Social,124,105,81,48,5,3,3,226.91
2025-08-13,Organic Search,221,187,108,131,17,10,8,349.85
2025-08-13,Direct,173,149,52,115,19,8,8,307.87
2025-08-13,Organic Social,89,77,47,40,3,0,0,0.0
2025-08-13,Referral,38,31,17,22,2,2,2,89.97
2025-08-13,Email,43,38,4,31,6,3,2,89.97
2025-08-13,Paid Search,191,164,95,101,24,13,6,317.87
2025-08-13,Paid Social,129,114,88,47,9,9,9,372.88
2025-08-14,Organic Search,212,181,104,120,13,6,6,143.92
2025-08-14,Direct,164,138,48,108,23,12,6,199.91
2025-08-14,Organic Social,84,71,44,38,4,2,1,49.98
2025-08-14,Referral,39,34,19,22,3,2,2,49.98
2025-08-14,Email,416,352,42,292,60,33,22,833.67
2025-08-14,Paid Search,188,164,95,112,19,10,10,564.79
2025-08-14,Paid Social,150,131,102,56,8,5,3,183.94
2025-08-15,Organic Search,193,165,95,110,14,7,2,44.98
2025-08-15,Direct,159,134,46,105,23,11,7,395.86
2025-08-15,Organic Social,69,60,37,31,2,2,0,0.0
2025-08-15,Referral,38,33,19,21,1,0,0,0.0
2025-08-15,Email,48,42,5,35,7,5,2,144.96
2025-08-15,Paid Search,183,162,93,110,20,11,11,536.81
2025-08-15,Paid Social,133,113,88,49,4,4,2,165.92
2025-08-16,Organic Search,214,176,102,124,11,4,4,137.95
2025-08-16,Direct,153,131,45,99,14,5,2,144.96
2025-08-16,Organic Social,83,73,45,38,2,1,0,0.0
2025-08-16,Referral,36,30,17,20,2,2,2,101.96
2025-08-16,Email,37,32,3,26,6,3,3,147.95
2025-08-16,Paid Search,180,157,91,106,23,14,5,292.9
2025-08-16,Paid Social,120,99,77,46,7,3,1,122.97
2025-08-17,Organic Search,182,156,90,108,16,5,5,172.92
2025-08-17,Direct,155,138,48,104,18,10,4,227.91
2025-08-17,Organic Social,68,58,35,31,2,1,0,0.0
2025-08-17,Referral,32,27,15,18,3,1,0,0.0
2025-08-17,Email,33,28,3,23,12,7,0,0.0
2025-08-17,Paid Search,183,156,90,107,17,7,6,219.92
2025-08-17,Paid Social,141,122,95,54,6,6,6,387.89
2025-08-18,Organic Search,209,184,106,121,12,4,4,154.95
2025-08-18,Direct,194,164,57,129,28,18,10,480.84
2025-08-18,Organic Social,85,72,44,37,2,1,0,0.0
2025-08-18,Referral,36,32,18,20,5,2,2,59.97
2025-08-18,Email,29,24,2,22,8,6,2,46.97
2025-08-18,Paid Search,164,144,83,94,15,15,15,600.78
2025-08-18,Paid Social,147,123,95,58,6,3,2,88.95
2025-08-19,Organic Search,203,172,99,121,14,7,6,348.88
2025-08-19,Direct,192,166,58,127,24,14,9,400.86
2025-08-19,Organic Social,92,80,49,41,2,2,2,79.97
2025-08-19,Referral,37,33,19,19,3,1,0,0.0
2025-08-19,Email,37,32,3,27,6,4,3,149.95
2025-08-19,Paid Search,171,144,83,95,13,13,13,521.79
2025-08-19,Paid Social,145,121,94,57,5,3,2,92.97
2025-08-20,Organic Search,225,203,117,129,18,12,5,332.88
2025-08-20,Direct,159,132,46,102,16,6,5,305.9
2025-08-20,Organic Social,98,84,52,43,2,1,1,109.98
2025-08-20,Referral,38,33,19,22,4,3,1,19.99
2025-08-20,Email,43,35,4,32,5,3,3,102.96
2025-08-20,Paid Search,170,145,84,100,22,13,8,457.85
2025-08-20,Paid Social,142,121,94,53,5,2,1,59.98
2025-08-21,Organic Search,196,168,97,112,14,5,2,44.98
2025-08-21,Direct,182,149,52,118,24,13,8,290.88
2025-08-21,Organic Social,80,71,44,36,2,1,1,24.99
2025-08-21,Referral,37,31,17,21,2,2,2,282.92
2025-08-21,Email,368,305,36,252,72,34,21,971.65
2025-08-21,Paid Search,186,157,91,113,19,15,5,214.93
2025-08-21,Paid Social,124,108,84,47,7,5,4,174.94
2025-08-22,Organic Search,145,124,71,85,8,5,5,121.94
2025-08-22,Direct,119,98,34,79,12,7,2,54.97
2025-08-22,Organic Social,85,76,47,39,1,1,1,19.99
2025-08-22,Referral,39,32,18,22,6,2,1,54.99
2025-08-22,Email,19,16,1,13,4,3,2,37.98
2025-08-22,Paid Search,176,159,92,107,12,7,7,407.83
2025-08-22,Paid Social,129,114,88,48,7,5,4,229.93
2025-08-23,Organic Search,233,194,112,137,17,9,5,212.91
2025-08-23,Direct,128,112,39,82,15,8,2,113.96
2025-08-23,Organic Social,74,62,38,33,3,2,2,52.97
2025-08-23,Referral,36,30,17,20,3,2,0,0.0
2025-08-23,Email,36,30,3,26,8,4,0,0.0
2025-08-23,Paid Search,210,180,104,125,21,14,12,485.83
2025-08-23,Paid Social,120,104,81,44,5,3,2,107.97
2025-08-24,Organic Search,225,195,113,122,20,8,8,430.83
2025-08-24,Direct,151,135,47,106,15,7,7,274.89
2025-08-24,Organic Social,75,63,39,34,5,4,1,19.99
2025-08-24,Referral,29,24,13,16,4,2,0,0.0
2025-08-24,Email,42,35,4,31,10,3,0,0.0
2025-08-24,Paid Search,172,145,84,100,18,8,6,234.93
2025-08-24,Paid Social,131,110,85,49,3,2,2,69.96
2025-08-25,Organic Search,215,185,107,121,14,5,5,220.94
2025-08-25,Direct,219,188,65,150,28,14,11,439.83
2025-08-25,Organic Social,84,73,45,40,2,1,0,0.0
2025-08-25,Referral,39,33,19,22,2,1,1,79.97
2025-08-25,Email,33,28,3,22,7,3,0,0.0
2025-08-25,Paid Search,187,157,91,109,19,10,8,513.82
2025-08-25,Paid Social,150,133,103,57,5,2,2,109.97
2025-08-26,Organic Search,232,197,114,132,20,10,8,547.83
2025-08-26,Direct,157,130,45,105,22,12,6,260.92
2025-08-26,Organic Social,106,91,56,45,6,2,2,34.98
2025-08-26,Referral,37,31,17,21,3,2,1,49.98
2025-08-26,Email,39,32,3,28,6,5,1,24.99
2025-08-26,Paid Search,171,148,85,98,20,11,8,402.87
2025-08-26,Paid Social,124,106,82,46,5,4,4,220.92
2025-08-27,Organic Search,203,178,103,116,13,7,6,246.91
2025-08-27,Direct,175,145,50,113,18,11,2,69.97
2025-08-27,Organic Social,86,75,46,38,1,0,0,0.0
2025-08-27,Referral,33,28,16,19,1,1,1,24.99
2025-08-27,Email,42,34,4,30,5,3,0,0.0
2025-08-27,Paid Search,209,187,108,118,20,13,2,37.98
2025-08-27,Paid Social,145,122,95,52,8,5,5,234.93
2025-08-28,Organic Search,226,187,108,132,13,5,3,124.96
2025-08-28,Direct,160,132,46,105,12,8,4,172.94
2025-08-28,Organic Social,69,62,38,31,5,2,1,19.99
2025-08-28,Referral,39,33,19,22,5,3,1,29.99
2025-08-28,Email,492,410,49,374,86,47,27,1489.41
2025-08-28,Paid Search,147,128,74,84,9,9,9,284.88
2025-08-28,Paid Social,125,108,84,48,4,3,3,161.92
2025-08-29,Organic Search,205,172,99,117,10,6,6,288.89
2025-08-29,Direct,161,132,46,111,16,10,10,711.76
2025-08-29,Organic Social,72,61,37,34,3,3,1,6.99
2025-08-29,Referral,37,31,17,20,3,1,1,29.99
2025-08-29,Email,35,31,3,24,4,2,2,89.97
2025-08-29,Paid Search,162,137,79,93,17,8,7,358.88
2025-08-29,Paid Social,123,105,81,47,8,5,1,39.98
2025-08-30,Organic Search,163,135,78,95,16,10,5,281.88
2025-08-30,Direct,156,135,47,102,19,10,5,194.93
2025-08-30,Organic Social,71,61,37,31,2,0,0,0.0
2025-08-30,Referral,34,29,16,19,2,2,1,6.99
2025-08-30,Email,35,29,3,25,9,6,2,48.96
2025-08-30,Paid Search,169,147,85,101,22,10,6,245.9
2025-08-30,Paid Social,131,114,88,50,9,4,1,19.99
2025-08-31,Organic Search,199,167,96,110,23,9,9,366.88
2025-08-31,Direct,174,149,52,113,20,11,8,286.89
2025-08-31,Organic Social,80,71,44,34,4,3,1,42.98
2025-08-31,Referral,35,29,16,20,1,1,0,0.0
2025-08-31,Email,36,30,3,26,7,4,0,0.0
2025-08-31,Paid Search,182,158,91,99,19,12,8,346.88
2025-08-31,Paid Social,142,124,96,54,10,8,2,59.98
2025-09-01,Organic Search,285,243,140,164,24,13,8,361.84
2025-09-01,Direct,218,181,63,143,34,22,7,363.87
2025-09-01,Organic Social,121,102,63,52,5,4,2,64.98
2025-09-01,Referral,50,43,24,27,1,1,1,24.99
2025-09-01,Email,33,28,3,23,8,5,2,92.96
2025-09-01,Paid Search,227,200,115,140,19,15,15,682.74
2025-09-01,Paid Social,218,184,143,85,10,7,7,283.91
2025-09-02,Organic Search,263,227,131,156,21,12,9,471.84
2025-09-02,Direct,214,186,65,141,35,11,8,318.88
2025-09-02,Organic Social,100,86,53,45,6,2,2,80.96
2025-09-02,Referral,49,42,24,29,2,1,1,13.98
2025-09-02,Email,36,30,3,26,4,3,3,192.93
2025-09-02,Paid Search,239,201,116,138,24,11,7,260.89
2025-09-02,Paid Social,218,185,144,80,8,3,2,134.96
2025-09-03,Organic Search,241,202,117,133,21,15,3,157.95
2025-09-03,Direct,206,175,61,131,23,17,17,914.66
2025-09-03,Organic Social,96,82,50,42,2,1,0,0.0
2025-09-03,Referral,46,40,23,26,1,1,1,84.98
2025-09-03,Email,25,21,2,18,4,4,4,213.93
2025-09-03,Paid Search,284,244,141,155,23,14,14,701.7
2025-09-03,Paid Social,213,177,138,80,4,4,4,267.93
2025-09-04,Organic Search,269,223,129,156,25,12,7,377.85
2025-09-04,Direct,188,167,58,122,29,17,5,302.87
2025-09-04,Organic Social,92,80,49,40,2,2,0,0.0
2025-09-04,Referral,45,40,23,27,6,3,1,29.99
2025-09-04,Email,397,348,41,297,73,33,25,1148.58
2025-09-04,Paid Search,254,223,129,148,21,11,11,362.85
2025-09-04,Paid Social,211,179,139,76,5,5,5,186.93
2025-09-05,Organic Search,266,214,124,153,15,7,3,164.95
2025-09-05,Direct,193,157,54,126,27,12,5,200.92
2025-09-05,Organic Social,92,77,47,41,3,1,1,29.98
2025-09-05,Referral,46,39,22,26,4,4,2,39.98
2025-09-05,Email,39,33,3,27,6,3,2,89.96
2025-09-05,Paid Search,256,213,123,140,27,10,8,320.89
2025-09-05,Paid Social,185,157,122,72,12,7,1,62.98
2025-09-06,Organic Search,238,204,118,137,14,8,5,207.93
2025-09-06,Direct,165,150,52,110,13,12,12,513.81
2025-09-06,Organic Social,83,72,44,35,3,1,0,0.0
2025-09-06,Referral,35,30,17,20,2,2,2,128.95
2025-09-06,Email,40,35,4,28,8,7,1,84.98
2025-09-06,Paid Search,225,192,111,128,25,13,8,355.85
2025-09-06,Paid Social,197,167,130,80,12,7,7,285.88
2025-09-07,Organic Search,262,227,131,152,22,13,6,382.86
2025-09-07,Direct,196,167,58,129,26,14,5,234.93
2025-09-07,Organic Social,100,85,52,46,2,2,1,69.98
2025-09-07,Referral,38,32,18,21,5,5,0,0.0
2025-09-07,Email,37,31,3,26,6,3,2,72.97
2025-09-07,Paid Search,229,190,110,136,20,10,9,382.84
2025-09-07,Paid Social,208,172,134,81,5,4,1,59.98
2025-09-08,Organic Search,291,244,141,175,27,9,7,470.86
2025-09-08,Direct,202,172,60,138,23,12,8,299.88
2025-09-08,Organic Social,100,89,55,46,6,3,1,19.99
2025-09-08,Referral,43,37,21,24,5,4,2,95.97
2025-09-08,Email,31,27,3,22,6,3,3,159.95
2025-09-08,Paid Search,277,234,135,163,29,16,13,723.74
2025-09-08,Paid Social,226,198,154,86,7,7,7,443.83
2025-09-09,Organic Search,290,247,143,170,31,15,12,688.73
2025-09-09,Direct,198,160,56,135,19,11,11,438.83
2025-09-09,Organic Social,113,96,59,50,6,3,1,6.99
2025-09-09,Referral,47,38,22,27,7,2,2,99.96
2025-09-09,Email,27,22,2,20,5,3,3,168.93
2025-09-09,Paid Search,243,198,114,140,28,19,10,369.87
2025-09-09,Paid Social,208,168,131,82,7,5,3,119.95
2025-09-10,Organic Search,244,216,125,145,23,11,6,332.9
2025-09-10,Direct,200,170,59,131,36,15,7,380.83
2025-09-10,Organic Social,100,86,53,46,3,1,1,24.99
2025-09-10,Referral,40,34,19,21,1,1,0,0.0
2025-09-10,Email,29,24,2,20,8,4,2,31.98
2025-09-10,Paid Search,245,208,120,136,22,14,10,485.82
2025-09-10,Paid Social,209,183,142,83,14,7,5,234.92
2025-09-11,Organic Search,248,213,123,141,20,12,5,355.87
2025-09-11,Direct,203,172,60,135,21,9,6,251.9
2025-09-11,Organic Social,97,84,52,42,4,1,0,0.0
2025-09-11,Referral,41,34,19,24,4,1,1,159.95
2025-09-11,Email,379,325,39,285,63,30,23,886.64
2025-09-11,Paid Search,248,207,120,141,25,14,11,677.78
2025-09-11,Paid Social,187,154,120,68,6,6,6,466.83
2025-09-12,Organic Search,207,181,104,120,13,6,6,284.88
2025-09-12,Direct,191,160,56,131,21,16,7,212.92
2025-09-12,Organic Social,97,84,52,42,4,1,1,29.99
2025-09-12,Referral,38,31,17,21,3,0,0,0.0
2025-09-12,Email,33,28,3,22,5,2,1,29.99
2025-09-12,Paid Search,286,243,140,167,30,14,13,670.72
2025-09-12,Paid Social,225,188,146,87,8,8,8,472.82
2025-09-13,Organic Search,241,212,122,141,24,12,3,260.9
2025-09-13,Direct,156,132,46,102,19,8,4,429.87
2025-09-13,Organic Social,72,60,37,33,4,1,1,79.97
2025-09-13,Referral,36,30,17,21,2,2,2,39.98
2025-09-13,Email,32,26,3,22,5,3,3,189.93
2025-09-13,Paid Search,266,228,132,153,28,13,6,263.9
2025-09-13,Paid Social,204,171,133,81,8,6,6,338.87
2025-09-14,Organic Search,225,189,109,130,16,10,4,292.91
2025-09-14,Direct,168,145,50,115,19,13,8,644.79
2025-09-14,Organic Social,86,74,45,38,3,0,0,0.0
2025-09-14,Referral,40,35,20,23,2,2,2,197.92
2025-09-14,Email,36,31,3,25,4,2,2,109.97
2025-09-14,Paid Search,265,229,132,154,39,25,14,799.72
2025-09-14,Paid Social,186,161,125,71,4,3,3,164.95
2025-09-15,Organic Search,294,257,149,170,26,13,3,205.91
2025-09-15,Direct,231,202,70,146,21,13,13,592.77
2025-09-15,Organic Social,104,88,54,45,4,2,1,25.98
2025-09-15,Referral,45,37,21,27,4,3,3,175.93
2025-09-15,Email,38,31,3,27,3,3,3,234.93
2025-09-15,Paid Search,282,240,139,161,30,16,11,804.69
2025-09-15,Paid Social,223,192,149,85,10,6,3,227.92
2025-09-16,Organic Search,258,228,132,151,23,15,7,339.88
2025-09-16,Direct,214,187,65,138,29,18,11,701.74
2025-09-16,Organic Social,101,87,53,44,3,3,3,114.96
2025-09-16,Referral,51,43,24,28,7,4,0,0.0
2025-09-16,Email,38,31,3,27,5,5,3,92.97
2025-09-16,Paid Search,280,248,143,161,25,13,9,331.87
2025-09-16,Paid Social,202,179,139,79,9,6,6,302.89
2025-09-17,Organic Search,242,213,123,145,23,11,6,194.91
2025-09-17,Direct,189,160,56,125,30,11,6,227.91
2025-09-17,Organic Social,100,84,52,43,3,2,2,139.97
2025-09-17,Referral,44,39,22,25,2,1,0,0.0
2025-09-17,Email,26,22,2,19,5,3,0,0.0
2025-09-17,Paid Search,254,222,128,142,27,17,6,315.88
2025-09-17,Paid Social,220,188,146,79,6,5,3,124.96
2025-09-18,Organic Search,262,234,135,152,15,7,7,335.88
2025-09-18,Direct,179,150,52,124,31,14,12,379.85
2025-09-18,Organic Social,92,81,50,41,6,3,0,0.0
2025-09-18,Referral,37,33,19,20,1,1,0,0.0
2025-09-18,Email,417,367,44,302,83,38,22,1257.55
2025-09-18,Paid Search,263,232,134,153,25,13,12,633.77
2025-09-18,Paid Social,227,198,154,86,14,10,2,54.98
2025-09-19,Organic Search,209,181,104,122,11,4,3,115.94
2025-09-19,Direct,183,162,56,122,23,11,4,113.95
2025-09-19,Organic Social,88,77,47,39,2,1,1,49.98
2025-09-19,Referral,39,33,19,22,2,2,2,52.98
2025-09-19,Email,25,21,2,18,4,4,4,168.93
2025-09-19,Paid Search,270,237,137,158,27,14,9,502.79
2025-09-19,Paid Social,243,212,165,90,14,6,6,416.85
2025-09-20,Organic Search,229,201,116,133,23,12,5,295.89
2025-09-20,Direct,167,139,48,108,17,7,4,153.93
2025-09-20,Organic Social,87,74,45,39,6,2,0,0.0
2025-09-20,Referral,38,32,18,21,1,1,0,0.0
2025-09-20,Email,36,31,3,26,4,2,2,49.98
2025-09-20,Paid Search,301,256,148,178,40,21,13,492.78
2025-09-20,Paid Social,230,199,155,86,11,10,10,811.75
2025-09-21,Organic Search,217,187,108,122,16,8,4,125.94
2025-09-21,Direct,203,178,62,129,21,12,4,263.91
2025-09-21,Organic Social,83,72,44,36,1,1,1,14.99
2025-09-21,Referral,40,34,19,23,2,1,0,0.0
2025-09-21,Email,31,26,3,21,5,2,2,299.93
2025-09-21,Paid Search,257,214,124,144,24,12,10,612.76
2025-09-21,Paid Social,235,201,156,89,12,9,6,262.9
2025-09-22,Organic Search,271,231,133,161,18,9,8,318.87
2025-09-22,Direct,227,201,70,152,24,13,9,463.83
2025-09-22,Organic Social,103,89,55,46,9,4,0,0.0
2025-09-22,Referral,47,42,24,27,3,1,1,24.99
2025-09-22,Email,41,35,4,28,11,7,1,21.98
2025-09-22,Paid Search,273,232,134,155,25,13,13,443.83
2025-09-22,Paid Social,192,162,126,70,6,3,3,79.97
2025-09-23,Organic Search,274,237,137,152,29,11,9,246.89
2025-09-23,Direct,199,167,58,134,28,15,7,272.91
2025-09-23,Organic Social,108,92,57,46,3,1,0,0.0
2025-09-23,Referral,48,41,23,27,2,1,0,0.0
2025-09-23,Email,38,32,3,29,7,4,1,24.99
2025-09-23,Paid Search,265,224,129,147,33,23,12,467.83
2025-09-23,Paid Social,229,198,154,87,15,7,5,313.89
2025-09-24,Organic Search,249,223,129,146,10,6,6,382.87
2025-09-24,Direct,196,170,59,124,28,14,11,518.77
2025-09-24,Organic Social,95,84,52,45,2,1,1,59.98
2025-09-24,Referral,40,34,19,24,5,2,2,155.94
2025-09-24,Email,41,36,4,29,7,4,0,0.0
2025-09-24,Paid Search,259,218,126,147,26,14,10,425.84
2025-09-24,Paid Social,221,190,148,85,10,6,3,144.94
2025-09-25,Organic Search,227,204,118,133,22,15,2,41.97
2025-09-25,Direct,193,168,58,120,24,14,7,372.87
2025-09-25,Organic Social,93,77,47,42,3,1,1,32.98
2025-09-25,Referral,35,29,16,19,3,2,0,0.0
2025-09-25,Email,444,395,47,332,74,34,17,794.7
2025-09-25,Paid Search,257,218,126,144,25,15,15,674.73
2025-09-25,Paid Social,171,150,117,63,5,5,5,239.92
2025-09-26,Organic Search,261,225,130,148,29,20,9,604.76
2025-09-26,Direct,158,136,47,107,16,9,4,232.89
2025-09-26,Organic Social,99,85,52,45,1,1,1,64.97
2025-09-26,Referral,41,34,19,24,2,1,1,24.99
2025-09-26,Email,44,37,4,31,6,4,2,244.92
2025-09-26,Paid Search,231,201,116,135,27,14,10,446.81
2025-09-26,Paid Social,183,157,122,67,8,5,5,174.93
2025-09-27,Organic Search,189,165,95,107,17,9,7,425.85
2025-09-27,Direct,165,142,49,109,20,10,8,332.87
2025-09-27,Organic Social,80,70,43,35,3,2,0,0.0
2025-09-27,Referral,38,33,19,22,5,2,1,39.98
2025-09-27,Email,33,28,3,23,8,3,3,144.96
2025-09-27,Paid Search,269,221,128,159,23,17,6,442.84
2025-09-27,Paid Social,194,162,126,71,6,6,6,380.89
2025-09-28,Organic Search,228,203,117,138,15,9,5,399.86
2025-09-28,Direct,198,169,59,129,22,10,5,384.87
2025-09-28,Organic Social,82,68,42,37,2,1,1,24.99
2025-09-28,Referral,42,35,20,23,4,4,1,24.99
2025-09-28,Email,30,26,3,22,3,1,1,29.99
2025-09-28,Paid Search,248,211,122,136,21,10,8,321.88
2025-09-28,Paid Social,231,196,152,90,9,6,4,162.93
2025-09-29,Organic Search,279,237,137,164,22,12,9,398.82
2025-09-29,Direct,196,165,57,122,21,10,7,397.84
2025-09-29,Organic Social,93,80,49,41,4,1,1,29.99
2025-09-29,Referral,45,37,21,27,4,2,1,29.99
2025-09-29,Email,28,24,2,20,8,8,0,0.0
2025-09-29,Paid Search,236,202,117,143,20,8,8,309.9
2025-09-29,Paid Social,196,171,133,71,7,6,6,475.82
2025-09-30,Organic Search,251,207,120,145,20,10,5,224.92
2025-09-30,Direct,193,169,59,119,26,16,5,147.94
2025-09-30,Organic Social,95,82,50,42,3,2,1,29.99
2025-09-30,Referral,43,38,22,24,3,3,3,124.96
2025-09-30,Email,35,30,3,25,11,9,2,145.95
2025-09-30,Paid Search,273,231,133,156,27,14,8,293.88
2025-09-30,Paid Social,185,155,120,70,7,3,3,189.93
2025-10-01,Organic Search,244,215,124,140,19,8,8,319.87
2025-10-01,Direct,194,165,57,132,18,8,8,273.88
2025-10-01,Organic Social,88,75,46,42,3,2,2,109.97
2025-10-01,Referral,40,34,19,22,1,1,1,24.99
2025-10-01,Email,53,46,5,38,10,8,2,49.98
2025-10-01,Paid Search,261,221,128,150,32,17,9,440.85
2025-10-01,Paid Social,200,174,135,75,5,4,4,214.93
2025-10-02,Organic Search,222,192,111,133,10,5,2,57.98
2025-10-02,Direct,181,152,53,124,20,10,3,61.97
2025-10-02,Organic Social,112,94,58,50,1,1,0,0.0
2025-10-02,Referral,37,30,17,21,1,1,0,0.0
2025-10-02,Email,545,469,56,387,104,47,29,1370.42
2025-10-02,Paid Search,297,255,147,166,27,14,14,713.72
2025-10-02,Paid Social,174,150,117,64,5,5,5,261.88
2025-10-03,Organic Search,235,211,122,131,21,9,5,191.91
2025-10-03,Direct,190,160,56,129,21,9,9,536.83
2025-10-03,Organic Social,75,66,40,33,2,2,2,101.96
2025-10-03,Referral,37,32,18,20,3,2,1,24.99
2025-10-03,Email,32,28,3,21,3,2,2,159.94
2025-10-03,Paid Search,296,264,153,178,26,16,11,417.78
2025-10-03,Paid Social,230,194,151,89,8,5,5,229.9
2025-10-04,Organic Search,184,157,91,109,16,6,5,260.88
2025-10-04,Direct,148,127,44,97,14,10,6,239.9
2025-10-04,Organic Social,80,67,41,35,3,1,1,29.99
2025-10-04,Referral,36,32,18,20,4,3,0,0.0
2025-10-04,Email,18,15,1,12,3,3,1,57.98
2025-10-04,Paid Search,311,275,159,184,34,13,11,335.83
2025-10-04,Paid Social,212,185,144,82,9,7,7,304.87
2025-10-05,Organic Search,245,215,124,136,24,10,5,177.93
2025-10-05,Direct,188,157,54,121,28,14,4,256.92
2025-10-05,Organic Social,83,72,44,37,2,1,1,34.98
2025-10-05,Referral,38,31,17,22,4,1,1,24.99
2025-10-05,Email,34,29,3,24,5,4,1,12.99
2025-10-05,Paid Search,265,226,131,156,32,18,10,385.86
2025-10-05,Paid Social,226,198,154,89,9,6,6,273.89
2025-10-06,Organic Search,278,239,138,168,21,10,8,397.88
2025-10-06,Direct,233,207,72,152,28,14,14,702.74
2025-10-06,Organic Social,95,82,50,41,4,3,2,75.97
2025-10-06,Referral,49,43,24,27,2,2,2,79.97
2025-10-06,Email,26,21,2,17,2,1,1,49.98
2025-10-06,Paid Search,308,269,156,175,23,11,10,568.79
2025-10-06,Paid Social,223,195,152,85,5,5,5,282.9
2025-10-07,Organic Search,264,226,131,156,30,16,5,292.9
2025-10-07,Direct,223,187,65,144,28,12,6,277.9
2025-10-07,Organic Social,98,87,53,41,2,0,0,0.0
2025-10-07,Referral,45,37,21,26,4,2,1,24.99
2025-10-07,Email,31,27,3,22,4,2,0,0.0
2025-10-07,Paid Search,310,265,153,175,29,16,7,180.93
2025-10-07,Paid Social,181,156,121,71,5,4,4,173.94
2025-10-08,Organic Search,230,199,115,140,23,11,1,109.97
2025-10-08,Direct,203,169,59,129,19,11,11,654.77
2025-10-08,Organic Social,94,83,51,41,3,3,3,179.92
2025-10-08,Referral,41,35,20,25,4,2,0,0.0
2025-10-08,Email,24,21,2,17,4,3,3,129.94
2025-10-08,Paid Search,296,256,148,166,22,11,9,407.84
2025-10-08,Paid Social,230,195,152,87,13,7,7,479.85
2025-10-09,Organic Search,235,207,120,144,17,8,8,459.83
2025-10-09,Direct,210,181,63,134,21,9,4,175.93
2025-10-09,Organic Social,93,77,47,45,8,2,1,69.98
2025-10-09,Referral,45,37,21,25,1,1,0,0.0
2025-10-09,Email,489,405,48,361,95,43,24,1029.57
2025-10-09,Paid Search,231,200,115,128,32,14,10,598.78
2025-10-09,Paid Social,183,167,130,66,7,7,7,314.85
2025-10-10,Organic Search,218,187,108,125,24,15,4,243.92
2025-10-10,Direct,183,156,54,123,20,8,6,352.89
2025-10-10,Organic Social,89,77,47,38,5,3,1,44.98
2025-10-10,Referral,40,34,19,22,1,1,1,29.99
2025-10-10,Email,37,31,3,27,9,6,3,141.95
2025-10-10,Paid Search,262,226,131,151,23,12,10,620.79
2025-10-10,Paid Social,208,178,138,76,8,7,3,189.91
2025-10-11,Organic Search,207,170,98,116,13,7,4,174.92
2025-10-11,Direct,150,128,44,102,22,7,7,322.87
2025-10-11,Organic Social,70,57,35,33,4,1,1,19.99
2025-10-11,Referral,38,31,17,22,3,1,0,0.0
2025-10-11,Email,36,30,3,25,6,5,0,0.0
2025-10-11,Paid Search,305,261,151,173,25,13,8,454.84
2025-10-11,Paid Social,188,162,126,71,5,3,3,89.95
2025-10-12,Organic Search,217,186,107,122,17,4,1,70.97
2025-10-12,Direct,177,155,54,116,28,12,8,460.85
2025-10-12,Organic Social,89,76,47,39,3,1,0,0.0
2025-10-12,Referral,38,32,18,22,3,2,1,24.99
2025-10-12,Email,43,37,4,31,10,6,1,121.96
2025-10-12,Paid Search,271,232,134,159,33,16,10,485.8
2025-10-12,Paid Social,219,189,147,85,10,7,7,245.88
2025-10-13,Organic Search,225,192,111,132,14,8,4,149.94
2025-10-13,Direct,223,199,69,152,32,13,8,296.88
2025-10-13,Organic Social,93,79,48,42,5,0,0,0.0
2025-10-13,Referral,41,35,20,24,3,2,0,0.0
2025-10-13,Email,25,21,2,17,6,3,3,127.95
2025-10-13,Paid Search,234,203,117,135,25,16,2,104.97
2025-10-13,Paid Social,199,173,134,77,9,9,9,337.86
2025-10-14,Organic Search,262,227,131,148,20,10,4,94.96
2025-10-14,Direct,206,173,60,138,24,14,7,367.87
2025-10-14,Organic Social,101,85,52,44,2,1,1,29.99
2025-10-14,Referral,45,39,22,26,3,2,0,0.0
2025-10-14,Email,32,26,3,23,7,4,1,119.96
2025-10-14,Paid Search,251,217,125,143,20,13,13,731.73
2025-10-14,Paid Social,198,166,129,75,10,9,9,256.84
2025-10-15,Organic Search,256,220,127,149,19,10,10,351.86
2025-10-15,Direct,187,157,54,116,24,12,8,279.88
2025-10-15,Organic Social,101,86,53,46,3,1,1,27.99
2025-10-15,Referral,38,31,17,22,6,5,0,0.0
2025-10-15,Email,20,17,2,14,5,4,1,44.98
2025-10-15,Paid Search,244,206,119,141,35,16,14,533.82
2025-10-15,Paid Social,193,171,133,70,13,7,5,256.92
2025-10-16,Organic Search,295,254,147,161,27,19,7,305.88
2025-10-16,Direct,155,129,45,105,20,8,5,192.92
2025-10-16,Organic Social,89,77,47,41,2,2,1,59.98
2025-10-16,Referral,38,32,18,20,2,2,2,90.96
2025-10-16,Email,550,480,57,397,99,51,19,917.63
2025-10-16,Paid Search,279,244,141,157,30,14,9,372.86
2025-10-16,Paid Social,230,200,156,89,9,2,2,79.97
2025-10-17,Organic Search,240,211,122,140,15,10,6,230.89
2025-10-17,Direct,193,162,56,125,18,12,6,255.89
2025-10-17,Organic Social,96,83,51,45,1,1,1,38.97
2025-10-17,Referral,34,29,16,18,0,0,0,0.0
2025-10-17,Email,19,16,1,13,5,1,0,0.0
2025-10-17,Paid Search,252,222,128,154,22,12,9,464.83
2025-10-17,Paid Social,221,190,148,82,11,4,4,167.95
2025-10-18,Organic Search,211,184,106,119,12,9,2,77.97
2025-10-18,Direct,148,127,44,100,15,7,6,277.87
2025-10-18,Organic Social,77,67,41,33,2,2,0,0.0
2025-10-18,Referral,32,27,15,17,4,3,0,0.0
2025-10-18,Email,36,31,3,27,9,3,3,69.97
2025-10-18,Paid Search,249,205,118,146,25,16,8,230.9
2025-10-18,Paid Social,205,175,136,78,7,7,7,392.86
2025-10-19,Organic Search,230,197,114,137,18,9,7,319.86
2025-10-19,Direct,184,156,54,115,23,10,7,505.82
2025-10-19,Organic Social,108,94,58,47,1,0,0,0.0
2025-10-19,Referral,44,37,21,25,2,0,0,0.0
2025-10-19,Email,48,41,4,32,9,6,3,194.94
2025-10-19,Paid Search,263,228,132,154,26,10,8,392.83
2025-10-19,Paid Social,238,202,157,93,8,4,4,202.91
2025-10-20,Organic Search,259,222,128,142,22,13,7,312.89
2025-10-20,Direct,218,188,65,146,24,12,9,502.81
2025-10-20,Organic Social,102,91,56,43,1,1,1,9.99
2025-10-20,Referral,43,36,20,22,3,3,3,172.95
2025-10-20,Email,34,29,3,24,6,3,1,43.97
2025-10-20,Paid Search,258,225,130,144,23,14,14,648.77
2025-10-20,Paid Social,207,173,134,81,11,7,7,424.83
2025-10-21,Organic Search,295,263,152,165,22,10,6,319.89
2025-10-21,Direct,210,180,62,137,34,21,8,260.87
2025-10-21,Organic Social,82,69,42,37,4,1,1,120.95
2025-10-21,Referral,41,33,19,25,5,2,1,19.98
2025-10-21,Email,36,31,3,24,5,2,1,54.98
2025-10-21,Paid Search,284,250,145,167,31,14,13,483.82
2025-10-21,Paid Social,189,158,123,72,9,9,9,472.78
2025-10-22,Organic Search,255,219,127,150,21,10,4,169.95
2025-10-22,Direct,173,144,50,114,31,14,5,239.91
2025-10-22,Organic Social,102,89,55,47,4,2,0,0.0
2025-10-22,Referral,40,33,19,22,3,1,1,99.97
2025-10-22,Email,19,16,1,13,4,2,0,0.0
2025-10-22,Paid Search,260,214,124,151,26,17,8,352.86
2025-10-22,Paid Social,218,187,145,84,8,4,4,129.96
2025-10-23,Organic Search,255,221,128,149,24,15,2,127.95
2025-10-23,Direct,175,152,53,113,18,8,8,576.78
2025-10-23,Organic Social,85,73,45,36,2,2,2,51.97
2025-10-23,Referral,38,32,18,20,3,1,1,29.99
2025-10-23,Email,316,273,32,221,46,21,8,342.89
2025-10-23,Paid Search,226,195,113,121,18,16,16,661.73
2025-10-23,Paid Social,237,197,153,91,11,11,11,534.81
2025-10-24,Organic Search,274,236,136,155,14,8,3,169.96
2025-10-24,Direct,129,109,38,87,13,6,5,204.92
2025-10-24,Organic Social,94,80,49,42,4,4,4,258.9
2025-10-24,Referral,42,37,21,24,4,3,0,0.0
2025-10-24,Email,49,42,5,35,5,2,0,0.0
2025-10-24,Paid Search,285,249,144,167,31,14,4,229.93
2025-10-24,Paid Social,197,167,130,76,5,5,5,240.93
2025-10-25,Organic Search,226,197,114,136,13,9,6,207.91
2025-10-25,Direct,188,158,55,123,24,13,4,176.93
2025-10-25,Organic Social,85,74,45,38,3,3,3,178.93
2025-10-25,Referral,42,35,20,24,5,1,0,0.0
2025-10-25,Email,47,40,4,35,6,5,1,29.99
2025-10-25,Paid Search,302,267,154,165,30,13,13,663.76
2025-10-25,Paid Social,206,172,134,80,6,5,3,109.95
2025-10-26,Organic Search,228,198,114,137,18,7,2,98.96
2025-10-26,Direct,208,174,60,136,21,13,13,525.81
2025-10-26,Organic Social,88,79,48,38,1,1,1,59.98
2025-10-26,Referral,34,29,16,19,2,1,1,99.96
2025-10-26,Email,48,40,4,33,11,6,3,222.93
2025-10-26,Paid Search,303,263,152,174,38,13,12,707.71
2025-10-26,Paid Social,224,185,144,84,11,10,1,89.97
2025-10-27,Organic Search,238,209,121,136,17,6,5,229.91
2025-10-27,Direct,210,176,61,135,24,8,7,296.87
2025-10-27,Organic Social,97,80,49,44,4,1,1,24.99
2025-10-27,Referral,50,44,25,29,4,3,1,27.99
2025-10-27,Email,31,26,3,22,3,3,3,56.96
2025-10-27,Paid Search,283,246,142,157,33,16,10,613.76
2025-10-27,Paid Social,200,169,131,76,9,5,4,174.94
2025-10-28,Organic Search,245,213,123,143,13,7,7,159.93
2025-10-28,Direct,190,161,56,119,16,13,8,389.84
2025-10-28,Organic Social,95,81,50,40,4,4,0,0.0
2025-10-28,Referral,38,31,17,20,1,1,0,0.0
2025-10-28,Email,29,26,3,20,5,5,1,109.96
2025-10-28,Paid Search,261,225,130,149,24,13,13,530.78
2025-10-28,Paid Social,194,174,135,73,8,5,3,229.93
2025-10-29,Organic Search,265,229,132,152,24,10,7,272.9
2025-10-29,Direct,186,164,57,123,21,11,1,54.99
2025-10-29,Organic Social,85,73,45,39,1,1,1,19.99
2025-10-29,Referral,41,36,20,23,6,2,1,29.99
2025-10-29,Email,20,17,2,13,3,2,1,79.97
2025-10-29,Paid Search,281,246,142,168,28,10,9,450.85
2025-10-29,Paid Social,197,170,132,74,5,5,5,344.86
2025-10-30,Organic Search,252,212,122,147,19,11,3,213.94
2025-10-30,Direct,193,173,60,122,30,17,4,177.94
2025-10-30,Organic Social,89,75,46,39,5,3,0,0.0
2025-10-30,Referral,44,36,20,25,2,2,2,49.98
2025-10-30,Email,357,315,37,253,63,28,12,598.78
2025-10-30,Paid Search,282,232,134,162,35,18,8,439.81
2025-10-30,Paid Social,214,186,145,82,10,4,3,114.96
2025-10-31,Organic Search,207,180,104,119,21,11,3,117.96
2025-10-31,Direct,191,168,58,128,23,10,10,325.85
2025-10-31,Organic Social,90,76,47,39,5,3,3,124.95
2025-10-31,Referral,41,36,20,24,1,0,0,0.0
2025-10-31,Email,38,34,4,27,6,4,1,34.98
2025-10-31,Paid Search,278,225,130,161,20,10,8,391.86
2025-10-31,Paid Social,196,173,134,75,5,4,4,192.92
2025-11-01,Organic Search,264,221,128,155,17,14,7,254.88
2025-11-01,Direct,170,145,50,110,18,10,10,473.85
2025-11-01,Organic Social,92,79,48,41,1,1,1,54.98
2025-11-01,Referral,38,32,18,22,0,0,0,0.0
2025-11-01,Email,29,24,2,20,5,3,1,119.96
2025-11-01,Paid Search,199,170,98,121,17,8,5,187.92
2025-11-01,Paid Social,246,216,168,89,11,7,3,156.93
2025-11-02,Organic Search,284,247,143,162,17,11,4,327.88
2025-11-02,Direct,203,171,59,134,26,13,6,274.91
2025-11-02,Organic Social,93,79,48,40,3,1,1,110.95
2025-11-02,Referral,41,36,20,24,4,1,1,54.99
2025-11-02,Email,18,14,1,13,2,2,2,84.97
2025-11-02,Paid Search,189,158,91,116,18,13,6,197.93
2025-11-02,Paid Social,258,224,174,103,15,7,5,294.89
2025-11-03,Organic Search,339,299,173,201,31,10,5,340.87
2025-11-03,Direct,233,201,70,161,29,17,13,655.75
2025-11-03,Organic Social,111,95,58,50,3,1,1,19.98
2025-11-03,Referral,55,45,26,33,4,2,2,87.96
2025-11-03,Email,29,25,3,21,3,2,1,19.99
2025-11-03,Paid Search,228,200,115,133,28,15,15,935.65
2025-11-03,Paid Social,239,210,163,91,9,7,7,255.9
2025-11-04,Organic Search,248,223,129,142,16,8,3,79.97
2025-11-04,Direct,238,208,72,155,29,15,5,205.89
2025-11-04,Organic Social,120,105,65,56,3,3,2,96.96
2025-11-04,Referral,51,43,24,29,5,2,1,12.99
2025-11-04,Email,18,15,1,13,5,2,2,54.98
2025-11-04,Paid Search,194,164,95,108,30,18,4,251.91
2025-11-04,Paid Social,241,213,166,96,9,9,9,520.79
2025-11-05,Organic Search,265,230,133,156,23,11,3,194.93
2025-11-05,Direct,221,183,64,141,21,10,4,196.94
2025-11-05,Organic Social,102,85,52,44,7,5,2,192.94
2025-11-05,Referral,49,41,23,27,2,2,2,57.98
2025-11-05,Email,30,25,3,21,5,5,5,313.9
2025-11-05,Paid Search,208,180,104,114,29,15,9,479.79
2025-11-05,Paid Social,291,245,191,106,11,10,10,422.82
2025-11-06,Organic Search,264,222,128,156,22,12,4,154.95
2025-11-06,Direct,217,178,62,146,27,13,12,469.8
2025-11-06,Organic Social,110,93,57,52,1,1,1,24.99
2025-11-06,Referral,49,41,23,27,4,1,1,59.98
2025-11-06,Email,381,326,39,267,62,36,22,939.57
2025-11-06,Paid Search,200,174,100,117,23,11,3,115.96
2025-11-06,Paid Social,238,211,164,90,12,8,6,175.92
2025-11-07,Organic Search,258,221,128,157,14,10,9,295.9
2025-11-07,Direct,198,158,55,135,24,10,6,278.88
2025-11-07,Organic Social,114,100,62,49,6,2,2,134.95
2025-11-07,Referral,43,36,20,25,3,3,0,0.0
2025-11-07,Email,9,7,0,6,2,0,0,0.0
2025-11-07,Paid Search,201,182,105,110,20,11,6,297.9
2025-11-07,Paid Social,253,220,171,92,9,4,4,192.9
2025-11-08,Organic Search,252,218,126,146,28,16,6,267.92
2025-11-08,Direct,196,163,57,132,32,14,9,508.81
2025-11-08,Organic Social,106,88,54,45,4,2,0,0.0
2025-11-08,Referral,45,38,22,26,2,2,0,0.0
2025-11-08,Email,27,23,2,20,3,2,0,0.0
2025-11-08,Paid Search,221,187,108,129,25,14,14,710.72
2025-11-08,Paid Social,231,200,156,89,9,8,8,448.84
2025-11-09,Organic Search,251,222,128,150,24,9,7,191.91
2025-11-09,Direct,191,162,56,122,30,18,11,434.83
2025-11-09,Organic Social,98,83,51,46,2,1,1,59.98
2025-11-09,Referral,41,35,20,23,3,1,1,54.99
2025-11-09,Email,40,33,3,29,8,5,4,172.93
2025-11-09,Paid Search,200,164,95,119,20,11,8,285.88
2025-11-09,Paid Social,207,177,138,81,8,8,8,441.8
2025-11-10,Organic Search,318,287,166,185,27,14,7,229.91
2025-11-10,Direct,233,201,70,158,26,18,9,429.81
2025-11-10,Organic Social,107,90,55,50,4,3,1,27.99
2025-11-10,Referral,47,41,23,27,3,3,0,0.0
2025-11-10,Email,45,40,4,33,8,2,1,6.99
2025-11-10,Paid Search,206,183,106,125,17,12,5,324.92
2025-11-10,Paid Social,236,196,152,90,8,4,2,109.96
2025-11-11,Organic Search,323,272,157,194,29,17,6,229.91
2025-11-11,Direct,223,189,66,144,33,14,9,517.82
2025-11-11,Organic Social,106,95,58,45,5,3,1,62.98
2025-11-11,Referral,50,43,24,27,5,3,0,0.0
2025-11-11,Email,32,28,3,23,3,2,2,85.97
2025-11-11,Paid Search,214,191,110,122,15,7,7,254.9
2025-11-11,Paid Social,202,179,139,78,7,7,7,510.81
2025-11-12,Organic Search,316,264,153,180,30,12,6,241.9
2025-11-12,Direct,206,179,62,135,33,16,5,307.86
2025-11-12,Organic Social,98,83,51,42,0,0,0,0.0
2025-11-12,Referral,46,39,22,25,2,2,2,225.93
2025-11-12,Email,32,27,3,22,6,6,1,14.99
2025-11-12,Paid Search,203,170,98,120,15,9,7,380.88
2025-11-12,Paid Social,245,212,165,95,10,7,4,288.91
2025-11-13,Organic Search,314,276,160,178,26,10,7,297.87
2025-11-13,Direct,195,171,59,130,26,14,10,484.79
2025-11-13,Organic Social,110,93,57,47,2,1,1,57.98
2025-11-13,Referral,48,41,23,27,2,1,0,0.0
2025-11-13,Email,449,371,44,306,76,37,22,1070.59
2025-11-13,Paid Search,225,202,117,136,24,11,8,308.87
2025-11-13,Paid Social,263,240,187,96,10,6,6,244.89
2025-11-14,Organic Search,260,226,131,149,18,8,5,169.92
2025-11-14,Direct,203,173,60,130,27,14,14,564.76
2025-11-14,Organic Social,107,90,55,49,3,2,2,64.97
2025-11-14,Referral,42,38,22,24,3,0,0,0.0
2025-11-14,Email,33,28,3,23,4,1,0,0.0
2025-11-14,Paid Search,192,163,94,109,17,7,7,345.87
2025-11-14,Paid Social,253,220,171,99,11,9,9,553.8
2025-11-15,Organic Search,256,229,132,148,20,13,6,305.89
2025-11-15,Direct,184,160,56,121,25,16,7,257.91
2025-11-15,Organic Social,106,94,58,50,3,3,0,0.0
2025-11-15,Referral,39,34,19,22,4,3,3,141.94
2025-11-15,Email,35,31,3,25,9,4,4,189.94
2025-11-15,Paid Search,191,159,92,108,18,10,8,423.88
2025-11-15,Paid Social,256,220,171,101,11,5,4,175.92
2025-11-16,Organic Search,279,237,137,167,26,15,7,305.86
2025-11-16,Direct,204,177,61,132,33,10,3,159.94
2025-11-16,Organic Social,108,89,55,50,2,1,1,19.99
2025-11-16,Referral,45,37,21,25,8,4,0,0.0
2025-11-16,Email,26,22,2,18,2,2,2,59.97
2025-11-16,Paid Search,216,180,104,122,22,13,13,683.75
2025-11-16,Paid Social,249,216,168,89,11,11,11,481.8
2025-11-17,Organic Search,313,269,156,183,31,17,9,375.85
2025-11-17,Direct,213,182,63,137,33,21,13,565.81
2025-11-17,Organic Social,126,108,66,58,1,1,1,129.97
2025-11-17,Referral,54,45,26,32,2,1,0,0.0
2025-11-17,Email,25,21,2,17,3,3,3,181.93
2025-11-17,Paid Search,189,165,95,109,17,6,4,279.92
2025-11-17,Paid Social,220,190,148,83,6,4,4,174.93
2025-11-18,Organic Search,278,245,142,157,24,9,5,146.91
2025-11-18,Direct,207,179,62,146,20,11,2,129.96
2025-11-18,Organic Social,123,105,65,55,4,2,1,89.97
2025-11-18,Referral,54,46,26,31,3,1,0,0.0
2025-11-18,Email,27,23,2,19,1,1,1,112.97
2025-11-18,Paid Search,237,201,116,137,23,11,5,162.93
2025-11-18,Paid Social,230,197,153,87,10,6,3,164.95
2025-11-19,Organic Search,238,202,117,134,20,12,7,362.89
2025-11-19,Direct,202,171,59,135,21,9,7,321.87
2025-11-19,Organic Social,103,88,54,46,4,4,1,84.98
2025-11-19,Referral,49,39,22,28,2,1,1,24.99
2025-11-19,Email,31,26,3,21,6,2,2,116.97
2025-11-19,Paid Search,189,163,94,111,18,10,8,449.84
2025-11-19,Paid Social,273,235,183,100,17,11,11,357.83
2025-11-20,Organic Search,291,247,143,169,25,11,4,269.89
2025-11-20,Direct,208,182,63,136,43,28,9,433.83
2025-11-20,Organic Social,107,91,56,46,2,2,2,54.97
2025-11-20,Referral,47,40,23,27,2,2,0,0.0
2025-11-20,Email,464,413,49,343,92,55,26,1097.6
2025-11-20,Paid Search,217,187,108,130,27,13,2,88.95
2025-11-20,Paid Social,243,206,160,90,9,9,9,367.86
2025-11-21,Organic Search,291,259,150,177,28,15,4,240.91
2025-11-21,Direct,188,162,56,125,23,12,6,189.93
2025-11-21,Organic Social,90,75,46,41,3,3,0,0.0
2025-11-21,Referral,42,35,20,22,1,1,1,94.97
2025-11-21,Email,22,18,2,15,5,3,3,189.93
2025-11-21,Paid Search,225,194,112,130,28,13,7,361.84
2025-11-21,Paid Social,315,272,212,123,9,6,4,159.92
2025-11-22,Organic Search,260,224,129,149,16,11,9,389.86
2025-11-22,Direct,169,144,50,111,21,11,8,545.79
2025-11-22,Organic Social,80,69,42,36,3,3,0,0.0
2025-11-22,Referral,47,41,23,27,1,1,1,124.96
2025-11-22,Email,34,27,3,23,4,3,3,94.95
2025-11-22,Paid Search,199,175,101,116,15,8,3,105.96
2025-11-22,Paid Social,294,251,195,115,10,6,6,283.88
2025-11-23,Organic Search,251,209,121,144,15,7,4,182.92
2025-11-23,Direct,233,200,70,150,28,19,13,572.78
2025-11-23,Organic Social,106,91,56,48,4,3,2,182.94
2025-11-23,Referral,45,36,20,26,2,1,1,32.99
2025-11-23,Email,40,32,3,28,7,4,2,36.98
2025-11-23,Paid Search,202,171,99,119,16,8,5,264.92
2025-11-23,Paid Social,219,184,143,85,7,6,6,210.91
2025-11-24,Organic Search,271,225,130,154,22,11,3,204.93
2025-11-24,Direct,220,188,65,147,24,14,10,427.86
2025-11-24,Organic Social,116,102,63,52,8,3,1,29.99
2025-11-24,Referral,53,43,24,32,4,2,2,119.95
2025-11-24,Email,51,43,5,36,7,5,5,263.87
2025-11-24,Paid Search,227,195,113,128,26,13,7,245.9
2025-11-24,Paid Social,483,418,326,184,19,9,9,623.79
2025-11-25,Organic Search,298,259,150,170,19,15,8,374.85
2025-11-25,Direct,232,194,67,156,36,19,7,389.87
2025-11-25,Organic Social,109,97,60,48,6,2,0,0.0
2025-11-25,Referral,50,42,24,30,7,5,1,49.98
2025-11-25,Email,23,19,2,16,4,1,0,0.0
2025-11-25,Paid Search,193,167,96,111,22,10,10,496.78
2025-11-25,Paid Social,519,448,349,199,25,11,3,123.94
2025-11-26,Organic Search,318,273,158,186,31,19,8,390.84
2025-11-26,Direct,228,198,69,144,29,18,9,590.78
2025-11-26,Organic Social,112,93,57,52,2,1,0,0.0
2025-11-26,Referral,47,39,22,27,4,2,2,27.98
2025-11-26,Email,33,28,3,23,4,3,3,184.94
2025-11-26,Paid Search,213,185,107,122,18,8,8,466.85
2025-11-26,Paid Social,416,366,285,169,16,15,15,645.78
2025-11-27,Organic Search,290,255,147,161,19,8,5,437.87
2025-11-27,Direct,216,179,62,145,34,16,7,254.86
2025-11-27,Organic Social,109,88,54,50,5,1,1,9.99
2025-11-27,Referral,45,38,22,24,3,3,3,124.95
2025-11-27,Email,428,375,45,319,69,33,15,612.77
2025-11-27,Paid Search,233,200,115,138,24,12,7,424.86
2025-11-27,Paid Social,534,459,358,206,27,14,8,334.87
2025-11-28,Organic Search,344,294,170,197,58,28,19,710.73
2025-11-28,Direct,328,279,97,211,105,57,32,1429.76
2025-11-28,Organic Social,165,134,83,72,10,7,2,67.48
2025-11-28,Referral,69,58,33,40,9,4,1,29.99
2025-11-28,Email,673,558,66,491,256,136,66,2347.38
2025-11-28,Paid Search,216,185,107,123,40,22,21,718.98
2025-11-28,Paid Social,468,398,310,181,35,22,22,842.65
2025-11-29,Organic Search,343,296,171,194,58,29,14,432.58
2025-11-29,Direct,289,254,88,194,77,40,24,727.93
2025-11-29,Organic Social,149,129,79,68,9,4,4,100.45
2025-11-29,Referral,63,54,31,36,8,3,1,33.74
2025-11-29,Email,673,568,68,501,223,115,77,2753.6
2025-11-29,Paid Search,240,207,120,134,42,27,27,1034.62
2025-11-29,Paid Social,491,415,323,188,36,25,25,790.94
2025-11-30,Organic Search,386,335,194,216,67,34,19,815.7
2025-11-30,Direct,310,261,91,199,83,51,23,950.63
2025-11-30,Organic Social,155,132,81,67,14,6,2,52.48
2025-11-30,Referral,72,62,35,41,9,5,1,43.48
2025-11-30,Email,660,563,67,477,255,123,73,2574.46
2025-11-30,Paid Search,201,167,96,116,51,24,21,673.22
2025-11-30,Paid Social,489,419,326,180,39,26,26,1022.64
2025-12-01,Organic Search,313,276,160,179,43,19,15,515.03
2025-12-01,Direct,265,222,77,177,53,26,26,1022.58
2025-12-01,Organic Social,134,116,71,56,14,8,2,93.71
2025-12-01,Referral,67,57,33,37,10,5,2,63.73
2025-12-01,Email,659,573,68,474,247,136,74,2462.75
2025-12-01,Paid Search,254,226,131,150,57,30,19,766.96
2025-12-01,Paid Social,445,395,308,185,32,20,20,607.25
2025-12-02,Organic Search,244,203,117,141,28,8,5,381.85
2025-12-02,Direct,176,157,54,112,20,11,7,235.89
2025-12-02,Organic Social,84,70,43,37,0,0,0,0.0
2025-12-02,Referral,39,33,19,21,3,2,2,57.98
2025-12-02,Email,42,35,4,30,11,4,1,39.99
2025-12-02,Paid Search,258,221,128,149,25,9,9,227.9
2025-12-02,Paid Social,219,191,148,85,10,4,3,194.95
2025-12-03,Organic Search,214,179,103,125,17,8,8,323.86
2025-12-03,Direct,169,148,51,120,24,14,8,427.85
2025-12-03,Organic Social,79,68,42,34,4,3,0,0.0
2025-12-03,Referral,37,31,17,22,3,1,0,0.0
2025-12-03,Email,35,30,3,23,6,4,2,99.94
2025-12-03,Paid Search,260,229,132,145,26,13,13,716.74
2025-12-03,Paid Social,158,137,106,59,6,5,5,200.92
2025-12-04,Organic Search,220,186,107,126,19,9,7,334.89
2025-12-04,Direct,167,140,49,111,16,8,5,246.88
2025-12-04,Organic Social,71,60,37,32,2,0,0,0.0
2025-12-04,Referral,32,27,15,19,3,3,1,24.99
2025-12-04,Email,401,336,40,273,96,47,30,1588.39
2025-12-04,Paid Search,253,220,127,142,34,24,14,752.73
2025-12-04,Paid Social,225,188,146,84,16,6,6,260.91
2025-12-05,Organic Search,223,185,107,130,20,10,5,184.92
2025-12-05,Direct,158,132,46,102,21,10,4,111.95
2025-12-05,Organic Social,64,52,32,29,0,0,0,0.0
2025-12-05,Referral,28,23,13,16,3,2,1,42.98
2025-12-05,Email,26,22,2,19,3,2,0,0.0
2025-12-05,Paid Search,260,220,127,152,17,8,5,157.93
2025-12-05,Paid Social,217,183,142,84,12,5,5,238.91
2025-12-06,Organic Search,185,153,88,101,16,9,5,184.92
2025-12-06,Direct,130,109,38,86,24,5,4,269.89
2025-12-06,Organic Social,65,55,34,29,1,1,1,87.98
2025-12-06,Referral,28,23,13,16,3,1,1,57.98
2025-12-06,Email,40,33,3,27,6,4,4,144.94
2025-12-06,Paid Search,262,219,127,154,22,11,7,254.9
2025-12-06,Paid Social,208,175,136,81,9,4,3,141.94
2025-12-07,Organic Search,158,135,78,90,10,3,3,167.95
2025-12-07,Direct,157,137,47,103,16,6,6,287.89
2025-12-07,Organic Social,78,69,42,32,3,3,3,181.91
2025-12-07,Referral,28,24,13,15,1,0,0,0.0
2025-12-07,Email,30,24,2,22,6,3,2,123.96
2025-12-07,Paid Search,236,206,119,135,27,15,11,641.76
2025-12-07,Paid Social,229,197,153,82,13,9,7,297.87
2025-12-08,Organic Search,234,190,110,142,21,9,7,229.91
2025-12-08,Direct,169,141,49,114,23,12,3,214.94
2025-12-08,Organic Social,90,75,46,40,3,2,1,57.98
2025-12-08,Referral,42,38,22,24,2,1,0,0.0
2025-12-08,Email,14,12,1,9,1,0,0,0.0
2025-12-08,Paid Search,291,256,148,168,32,21,7,400.84
2025-12-08,Paid Social,191,162,126,73,11,7,6,282.89
2025-12-09,Organic Search,240,207,120,138,20,12,5,194.93
2025-12-09,Direct,140,120,42,97,13,7,6,262.9
2025-12-09,Organic Social,82,70,43,35,4,2,1,57.98
2025-12-09,Referral,34,30,17,20,2,1,0,0.0
2025-12-09,Email,45,37,4,33,8,2,2,99.97
2025-12-09,Paid Search,222,186,107,130,26,15,8,447.85
2025-12-09,Paid Social,216,183,142,83,6,6,6,513.85
2025-12-10,Organic Search,193,160,92,109,14,8,3,192.9
2025-12-10,Direct,138,117,40,91,23,7,3,159.93
2025-12-10,Organic Social,68,60,37,29,2,2,0,0.0
2025-12-10,Referral,40,36,20,23,2,1,0,0.0
2025-12-10,Email,32,27,3,23,7,2,2,37.98
2025-12-10,Paid Search,286,230,133,164,28,14,14,574.76
2025-12-10,Paid Social,268,238,185,102,11,10,10,377.83
2025-12-11,Organic Search,168,144,83,106,12,6,3,137.95
2025-12-11,Direct,160,135,47,106,26,13,8,274.89
2025-12-11,Organic Social,71,58,35,32,5,3,1,6.99
2025-12-11,Referral,29,24,13,17,1,1,1,52.98
2025-12-11,Email,438,368,44,299,81,43,27,1172.55
2025-12-11,Paid Search,234,204,118,137,21,13,8,262.87
2025-12-11,Paid Social,190,167,130,77,10,6,6,161.91
2025-12-12,Organic Search,176,146,84,99,11,8,8,365.87
2025-12-12,Direct,148,127,44,94,20,12,3,158.94
2025-12-12,Organic Social,64,53,32,27,2,2,2,74.97
2025-12-12,Referral,31,26,15,17,3,2,2,59.98
2025-12-12,Email,34,28,3,25,9,3,3,112.95
2025-12-12,Paid Search,225,194,112,129,18,10,10,557.79
2025-12-12,Paid Social,188,165,128,71,9,7,7,226.89
2025-12-13,Organic Search,187,164,95,109,17,8,5,215.9
2025-12-13,Direct,136,116,40,86,23,11,7,321.87
2025-12-13,Organic Social,63,55,34,27,1,1,1,49.98
2025-12-13,Referral,28,24,13,15,4,1,0,0.0
2025-12-13,Email,25,21,2,17,8,5,1,24.99
2025-12-13,Paid Search,231,194,112,133,19,12,6,304.89
2025-12-13,Paid Social,204,170,132,76,8,5,5,223.92
2025-12-14,Organic Search,209,172,99,121,14,9,3,57.97
2025-12-14,Direct,155,132,46,97,20,10,5,239.92
2025-12-14,Organic Social,65,55,34,29,4,2,1,72.97
2025-12-14,Referral,31,26,15,17,5,2,1,79.98
2025-12-14,Email,33,28,3,23,6,4,1,29.99
2025-12-14,Paid Search,260,223,129,147,34,16,6,414.88
2025-12-14,Paid Social,229,196,152,86,7,4,4,177.93
2025-12-15,Organic Search,253,218,126,149,17,11,5,277.9
2025-12-15,Direct,171,152,53,111,18,8,3,167.94
2025-12-15,Organic Social,98,83,51,46,1,1,0,0.0
2025-12-15,Referral,35,29,16,20,4,2,1,9.99
2025-12-15,Email,35,29,3,24,3,2,1,61.98
2025-12-15,Paid Search,258,222,128,143,19,12,9,368.85
2025-12-15,Paid Social,189,156,121,68,10,5,4,134.95
2025-12-16,Organic Search,178,153,88,108,12,4,3,224.93
2025-12-16,Direct,153,128,44,101,14,8,8,515.8
2025-12-16,Organic Social,82,70,43,38,2,0,0,0.0
2025-12-16,Referral,29,25,14,17,0,0,0,0.0
2025-12-16,Email,29,24,2,21,4,2,2,81.96
2025-12-16,Paid Search,273,231,133,162,30,16,12,628.74
2025-12-16,Paid Social,188,163,127,72,7,7,7,353.89
2025-12-17,Organic Search,187,164,95,107,15,7,4,215.93
2025-12-17,Direct,177,154,53,120,28,10,10,375.83
2025-12-17,Organic Social,93,80,49,41,3,2,1,24.99
2025-12-17,Referral,39,33,19,24,2,2,1,42.98
2025-12-17,Email,33,27,3,23,3,3,3,121.94
2025-12-17,Paid Search,233,198,114,135,21,11,11,586.74
2025-12-17,Paid Social,221,193,150,84,10,10,10,302.85
2025-12-18,Organic Search,207,177,102,119,10,5,5,290.9
2025-12-18,Direct,168,141,49,112,21,11,7,320.87
2025-12-18,Organic Social,85,71,44,37,2,2,1,29.99
2025-12-18,Referral,39,33,19,22,1,1,1,77.96
2025-12-18,Email,515,425,51,372,75,36,23,1421.5
2025-12-18,Paid Search,261,229,132,153,30,16,6,378.87
2025-12-18,Paid Social,201,179,139,79,6,4,4,217.93
2025-12-19,Organic Search,195,171,99,113,19,10,2,84.98
2025-12-19,Direct,129,110,38,86,12,7,3,119.95
2025-12-19,Organic Social,68,58,35,29,3,2,0,0.0
2025-12-19,Referral,35,31,17,20,2,0,0,0.0
2025-12-19,Email,30,27,3,21,8,3,1,19.99
2025-12-19,Paid Search,289,253,146,163,36,21,7,428.88
2025-12-19,Paid Social,187,156,121,68,4,4,4,127.93
2025-12-20,Organic Search,192,165,95,110,10,3,2,32.97
2025-12-20,Direct,134,113,39,89,28,16,9,329.86
2025-12-20,Organic Social,63,55,34,28,3,1,0,0.0
2025-12-20,Referral,33,28,16,18,3,1,1,104.97
2025-12-20,Email,33,28,3,24,7,4,3,69.97
2025-12-20,Paid Search,291,253,146,165,22,11,11,543.77
2025-12-20,Paid Social,226,198,154,86,8,8,8,481.84
2025-12-21,Organic Search,208,185,107,118,13,7,3,230.91
2025-12-21,Direct,160,130,45,107,19,12,12,828.72
2025-12-21,Organic Social,66,57,35,30,1,0,0,0.0
2025-12-21,Referral,33,27,15,19,2,2,1,19.99
2025-12-21,Email,23,20,2,17,3,1,0,0.0
2025-12-21,Paid Search,271,243,140,156,21,11,11,496.84
2025-12-21,Paid Social,212,191,148,80,12,8,3,67.97
2025-12-22,Organic Search,239,204,118,137,20,12,6,438.86
2025-12-22,Direct,187,170,59,122,27,13,10,532.83
2025-12-22,Organic Social,85,72,44,37,2,2,2,82.97
2025-12-22,Referral,38,32,18,20,3,3,0,0.0
2025-12-22,Email,35,30,3,25,4,3,3,96.95
2025-12-22,Paid Search,276,231,133,159,28,13,7,183.92
2025-12-22,Paid Social,218,189,147,84,10,6,6,270.89
2025-12-23,Organic Search,189,160,92,108,10,6,5,144.94
2025-12-23,Direct,160,134,46,104,20,8,5,324.89
2025-12-23,Organic Social,79,67,41,35,5,1,0,0.0
2025-12-23,Referral,34,29,16,19,2,1,0,0.0
2025-12-23,Email,34,28,3,24,8,2,2,174.95
2025-12-23,Paid Search,256,219,127,144,24,10,6,244.91
2025-12-23,Paid Social,193,162,126,69,7,7,7,283.91
2025-12-24,Organic Search,204,177,102,117,10,8,5,172.93
2025-12-24,Direct,143,122,42,98,18,9,9,366.84
2025-12-24,Organic Social,66,57,35,30,3,2,1,33.97
2025-12-24,Referral,35,30,17,19,4,1,0,0.0
2025-12-24,Email,29,25,3,21,4,2,2,67.97
2025-12-24,Paid Search,232,201,116,130,26,13,5,214.93
2025-12-24,Paid Social,196,172,134,77,4,4,4,112.94
2025-12-25,Organic Search,236,207,120,138,20,8,6,226.9
2025-12-25,Direct,122,108,37,82,18,9,4,100.95
2025-12-25,Organic Social,80,67,41,35,6,3,0,0.0
2025-12-25,Referral,35,29,16,20,1,0,0,0.0
2025-12-25,Email,582,497,59,428,104,57,43,2057.23
2025-12-25,Paid Search,273,239,138,154,28,13,13,627.75
2025-12-25,Paid Social,184,162,126,70,7,4,4,173.93
2025-12-26,Organic Search,190,169,98,112,18,9,1,120.97
2025-12-26,Direct,133,118,41,89,12,8,8,392.88
2025-12-26,Organic Social,77,66,40,33,4,4,4,212.92
2025-12-26,Referral,32,26,15,19,2,2,1,62.98
2025-12-26,Email,28,23,2,19,5,2,1,9.99
2025-12-26,Paid Search,258,219,127,152,23,13,10,475.82
2025-12-26,Paid Social,221,186,145,83,10,4,4,262.89
2025-12-27,Organic Search,194,164,95,112,19,9,7,304.89
2025-12-27,Direct,144,122,42,93,23,11,5,159.92
2025-12-27,Organic Social,60,52,32,27,1,0,0,0.0
2025-12-27,Referral,24,20,11,14,1,1,0,0.0
2025-12-27,Email,35,29,3,26,10,4,0,0.0
2025-12-27,Paid Search,284,250,145,167,29,12,11,544.81
2025-12-27,Paid Social,208,179,139,75,7,4,4,277.89
2025-12-28,Organic Search,182,158,91,101,14,9,4,211.91
2025-12-28,Direct,138,119,41,92,15,6,5,107.95
2025-12-28,Organic Social,87,71,44,38,2,2,1,49.98
2025-12-28,Referral,31,26,15,18,1,1,1,29.99
2025-12-28,Email,19,16,1,13,2,2,2,190.92
2025-12-28,Paid Search,258,215,124,155,23,11,8,269.86
2025-12-28,Paid Social,251,211,164,91,5,3,3,179.93
2025-12-29,Organic Search,241,216,125,131,15,5,4,149.93
2025-12-29,Direct,196,164,57,131,22,10,4,265.91
2025-12-29,Organic Social,89,78,48,39,1,1,1,36.98
2025-12-29,Referral,38,32,18,22,6,2,0,0.0
2025-12-29,Email,42,35,4,29,11,6,2,72.97
2025-12-29,Paid Search,261,225,130,149,23,12,7,341.88
2025-12-29,Paid Social,205,179,139,75,4,3,3,144.95
2025-12-30,Organic Search,226,195,113,124,21,12,5,186.92
2025-12-30,Direct,192,162,56,132,26,10,9,488.81
2025-12-30,Organic Social,80,70,43,35,1,1,0,0.0
2025-12-30,Referral,36,31,17,20,2,2,1,44.98
2025-12-30,Email,37,31,3,25,5,3,1,29.99
2025-12-30,Paid Search,289,255,147,168,34,20,7,453.86
2025-12-30,Paid Social,247,220,171,92,11,9,8,333.88
2025-12-31,Organic Search,181,152,88,104,19,9,2,46.97
2025-12-31,Direct,171,142,49,115,18,8,8,305.86
2025-12-31,Organic Social,82,69,42,36,2,1,1,84.97
2025-12-31,Referral,36,31,17,21,3,1,1,49.98
2025-12-31,Email,33,27,3,24,6,2,2,69.97
2025-12-31,Paid Search,244,214,124,145,17,14,14,796.71
2025-12-31,Paid Social,199,168,131,71,13,7,1,92.97
