OrderDate,SKU,Units,NetRevenue,COGS,DropShipUnits,DropShipRevenue,DropShipCOGS
2025-01-01,ACC-SHK,9,53.46,15.3,0,0.0,0.0
2025-01-01,BAR-CHO-12,7,148.68,92.4,0,0.0,0.0
2025-01-01,BAR-PNB-12,1,21.24,13.2,0,0.0,0.0
2025-01-01,CRE-300,14,237.86,78.4,0,0.0,0.0
2025-01-01,CRE-500,6,142.74,52.2,0,0.0,0.0
2025-01-01,GAI-CHO-25,1,33.99,18.4,0,0.0,0.0
2025-01-01,OMG-3-90,5,63.7,24.5,0,0.0,0.0
2025-01-01,PRE-BRA,2,42.48,17.8,0,0.0,0.0
2025-01-01,PRE-COL,3,63.72,26.7,0,0.0,0.0
2025-01-01,PRE-FPU,6,127.44,53.4,0,0.0,0.0
2025-01-01,VEG-CHO-1K,2,56.08,31.8,0,0.0,0.0
2025-01-01,VIT-D3-120,6,50.94,12.6,0,0.0,0.0
2025-01-01,VIT-MUL-90,10,110.4,34.0,0,0.0,0.0
2025-01-01,WHY-CHO-1K,25,637.25,320.0,0,0.0,0.0
2025-01-01,WHY-CHO-25,7,327.18,178.5,0,0.0,0.0
2025-01-01,WHY-SCA-1K,10,254.9,128.0,0,0.0,0.0
2025-01-01,WHY-STR-1K,2,50.98,25.6,0,0.0,0.0
2025-01-01,WHY-VAN-1K,7,178.43,89.6,0,0.0,0.0
2025-01-01,WHY-VAN-25,4,186.96,102.0,0,0.0,0.0
2025-01-02,ACC-SHK,12,71.28,20.4,0,0.0,0.0
2025-01-02,BAR-CHO-12,7,148.68,92.4,0,0.0,0.0
2025-01-02,BAR-PNB-12,3,63.72,39.6,0,0.0,0.0
2025-01-02,BCA-LEM,4,67.96,27.2,0,0.0,0.0
2025-01-02,BCA-WAT,6,101.94,40.8,0,0.0,0.0
2025-01-02,CRE-300,15,254.85,84.0,0,0.0,0.0
2025-01-02,CRE-500,11,261.69,95.7,0,0.0,0.0
2025-01-02,GAI-CHO-25,8,271.92,147.2,0,0.0,0.0
2025-01-02,OMG-3-90,8,101.92,39.2,0,0.0,0.0
2025-01-02,PRE-BRA,8,169.92,71.2,0,0.0,0.0
2025-01-02,PRE-COL,2,42.48,17.8,0,0.0,0.0
2025-01-02,PRE-FPU,8,169.92,71.2,0,0.0,0.0
2025-01-02,VEG-BER-1K,4,112.16,63.6,0,0.0,0.0
2025-01-02,VEG-CHO-1K,3,84.12,47.7,0,0.0,0.0
2025-01-02,VIT-D3-120,19,161.31,39.9,0,0.0,0.0
2025-01-02,VIT-MUL-90,6,66.24,20.4,0,0.0,0.0
2025-01-02,WHY-CHO-1K,36,917.64,460.8,0,0.0,0.0
2025-01-02,WHY-CHO-25,11,514.14,280.5,0,0.0,0.0
2025-01-02,WHY-SCA-1K,14,356.86,179.2,0,0.0,0.0
2025-01-02,WHY-STR-1K,16,407.84,204.8,0,0.0,0.0
2025-01-02,WHY-VAN-1K,19,484.31,243.2,0,0.0,0.0
2025-01-02,WHY-VAN-25,9,420.66,229.5,0,0.0,0.0
2025-01-03,ACC-SHK,4,23.76,6.8,0,0.0,0.0
2025-01-03,BAR-CHO-12,9,191.16,118.8,0,0.0,0.0
2025-01-03,BAR-PNB-12,3,63.72,39.6,0,0.0,0.0
2025-01-03,BCA-LEM,5,84.95,34.0,0,0.0,0.0
2025-01-03,BCA-WAT,2,33.98,13.6,0,0.0,0.0
2025-01-03,CRE-300,12,203.88,67.2,0,0.0,0.0
2025-01-03,CRE-500,7,166.53,60.9,0,0.0,0.0
2025-01-03,GAI-CHO-25,8,271.92,147.2,0,0.0,0.0
2025-01-03,OMG-3-90,7,89.18,34.3,0,0.0,0.0
2025-01-03,PRE-BRA,4,84.96,35.6,0,0.0,0.0
2025-01-03,PRE-COL,1,21.24,8.9,0,0.0,0.0
2025-01-03,PRE-FPU,9,191.16,80.1,0,0.0,0.0
2025-01-03,VEG-BER-1K,1,28.04,15.9,0,0.0,0.0
2025-01-03,VEG-CHO-1K,9,252.36,143.1,0,0.0,0.0
2025-01-03,VIT-D3-120,10,84.9,21.0,0,0.0,0.0
2025-01-03,VIT-MUL-90,7,77.28,23.8,0,0.0,0.0
2025-01-03,WHY-CHO-1K,25,637.25,320.0,0,0.0,0.0
2025-01-03,WHY-CHO-25,6,280.44,153.0,0,0.0,0.0
2025-01-03,WHY-SCA-1K,6,152.94,76.8,0,0.0,0.0
2025-01-03,WHY-STR-1K,7,178.43,89.6,0,0.0,0.0
2025-01-03,WHY-VAN-1K,20,509.8,256.0,0,0.0,0.0
2025-01-03,WHY-VAN-25,8,373.92,204.0,0,0.0,0.0
2025-01-04,ACC-SHK,10,59.4,17.0,0,0.0,0.0
2025-01-04,BAR-CHO-12,7,148.68,92.4,0,0.0,0.0
2025-01-04,BAR-PNB-12,3,63.72,39.6,0,0.0,0.0
2025-01-04,BCA-LEM,4,67.96,27.2,0,0.0,0.0
2025-01-04,BCA-WAT,1,16.99,6.8,0,0.0,0.0
2025-01-04,CRE-300,20,339.8,112.0,0,0.0,0.0
2025-01-04,CRE-500,6,142.74,52.2,0,0.0,0.0
2025-01-04,OMG-3-90,5,63.7,24.5,0,0.0,0.0
2025-01-04,PRE-BRA,5,106.2,44.5,0,0.0,0.0
2025-01-04,PRE-FPU,2,42.48,17.8,0,0.0,0.0
2025-01-04,VEG-BER-1K,2,56.08,31.8,0,0.0,0.0
2025-01-04,VEG-CHO-1K,6,168.24,95.4,0,0.0,0.0
2025-01-04,VIT-D3-120,9,76.41,18.9,0,0.0,0.0
2025-01-04,VIT-MUL-90,6,66.24,20.4,0,0.0,0.0
2025-01-04,WHY-CHO-1K,27,688.23,345.6,0,0.0,0.0
2025-01-04,WHY-CHO-25,9,420.66,229.5,0,0.0,0.0
2025-01-04,WHY-SCA-1K,8,203.92,102.4,0,0.0,0.0
2025-01-04,WHY-STR-1K,8,203.92,102.4,0,0.0,0.0
2025-01-04,WHY-VAN-1K,9,229.41,115.2,0,0.0,0.0
2025-01-04,WHY-VAN-25,4,186.96,102.0,0,0.0,0.0
2025-01-05,ACC-SHK,10,59.4,17.0,0,0.0,0.0
2025-01-05,BAR-CHO-12,6,127.44,79.2,0,0.0,0.0
2025-01-05,BAR-PNB-12,6,127.44,79.2,0,0.0,0.0
2025-01-05,BCA-LEM,6,101.94,40.8,0,0.0,0.0
2025-01-05,BCA-WAT,5,84.95,34.0,0,0.0,0.0
2025-01-05,CRE-300,14,237.86,78.4,0,0.0,0.0
2025-01-05,CRE-500,9,214.11,78.3,0,0.0,0.0
2025-01-05,GAI-CHO-25,1,33.99,18.4,0,0.0,0.0
2025-01-05,OMG-3-90,5,63.7,24.5,0,0.0,0.0
2025-01-05,PRE-BRA,8,169.92,71.2,0,0.0,0.0
2025-01-05,PRE-COL,1,21.24,8.9,0,0.0,0.0
2025-01-05,PRE-FPU,11,233.64,97.9,0,0.0,0.0
2025-01-05,VEG-CHO-1K,3,84.12,47.7,0,0.0,0.0
2025-01-05,VIT-D3-120,13,110.37,27.3,0,0.0,0.0
2025-01-05,VIT-MUL-90,5,55.2,17.0,0,0.0,0.0
2025-01-05,WHY-CHO-1K,18,458.82,230.4,0,0.0,0.0
2025-01-05,WHY-CHO-25,6,280.44,153.0,0,0.0,0.0
2025-01-05,WHY-SCA-1K,4,101.96,51.2,0,0.0,0.0
2025-01-05,WHY-STR-1K,6,152.94,76.8,0,0.0,0.0
2025-01-05,WHY-VAN-1K,12,305.88,153.6,0,0.0,0.0
2025-01-05,WHY-VAN-25,8,373.92,204.0,0,0.0,0.0
2025-01-06,ACC-SHK,8,47.52,13.6,0,0.0,0.0
2025-01-06,BAR-CHO-12,3,63.72,39.6,0,0.0,0.0
2025-01-06,BAR-PNB-12,4,84.96,52.8,0,0.0,0.0
2025-01-06,BCA-LEM,2,33.98,13.6,0,0.0,0.0
2025-01-06,BCA-WAT,2,33.98,13.6,0,0.0,0.0
2025-01-06,CRE-300,22,373.78,123.2,0,0.0,0.0
2025-01-06,CRE-500,7,166.53,60.9,0,0.0,0.0
2025-01-06,OMG-3-90,2,25.48,9.8,0,0.0,0.0
2025-01-06,PRE-BRA,9,191.16,80.1,0,0.0,0.0
2025-01-06,PRE-COL,2,42.48,17.8,0,0.0,0.0
2025-01-06,VEG-BER-1K,1,28.04,15.9,0,0.0,0.0
2025-01-06,VEG-CHO-1K,5,140.2,79.5,0,0.0,0.0
2025-01-06,VIT-D3-120,7,59.43,14.7,0,0.0,0.0
2025-01-06,VIT-MUL-90,9,99.36,30.6,0,0.0,0.0
2025-01-06,WHY-CHO-1K,23,586.27,294.4,0,0.0,0.0
2025-01-06,WHY-CHO-25,8,373.92,204.0,0,0.0,0.0
2025-01-06,WHY-SCA-1K,9,229.41,115.2,0,0.0,0.0
2025-01-06,WHY-STR-1K,4,101.96,51.2,0,0.0,0.0
2025-01-06,WHY-VAN-1K,6,152.94,76.8,0,0.0,0.0
2025-01-06,WHY-VAN-25,3,140.22,76.5,0,0.0,0.0
2025-01-07,ACC-SHK,9,53.46,15.3,0,0.0,0.0
2025-01-07,BAR-CHO-12,4,84.96,52.8,0,0.0,0.0
2025-01-07,BAR-PNB-12,2,42.48,26.4,0,0.0,0.0
2025-01-07,BCA-LEM,2,33.98,13.6,0,0.0,0.0
2025-01-07,BCA-WAT,2,33.98,13.6,0,0.0,0.0
2025-01-07,CRE-300,13,220.87,72.8,0,0.0,0.0
2025-01-07,CRE-500,7,166.53,60.9,0,0.0,0.0
2025-01-07,GAI-CHO-25,2,67.98,36.8,0,0.0,0.0
2025-01-07,OMG-3-90,1,12.74,4.9,0,0.0,0.0
2025-01-07,PRE-BRA,5,106.2,44.5,0,0.0,0.0
2025-01-07,PRE-COL,4,84.96,35.6,0,0.0,0.0
2025-01-07,PRE-FPU,6,127.44,53.4,0,0.0,0.0
2025-01-07,VEG-CHO-1K,6,168.24,95.4,0,0.0,0.0
2025-01-07,VIT-D3-120,9,76.41,18.9,0,0.0,0.0
2025-01-07,VIT-MUL-90,3,33.12,10.2,0,0.0,0.0
2025-01-07,WHY-CHO-1K,11,280.39,140.8,0,0.0,0.0
2025-01-07,WHY-CHO-25,7,327.18,178.5,0,0.0,0.0
2025-01-07,WHY-SCA-1K,6,152.94,76.8,0,0.0,0.0
2025-01-07,WHY-STR-1K,6,152.94,76.8,0,0.0,0.0
2025-01-07,WHY-VAN-1K,9,229.41,115.2,0,0.0,0.0
2025-01-07,WHY-VAN-25,4,186.96,102.0,0,0.0,0.0
2025-01-08,ACC-SHK,5,29.7,8.5,0,0.0,0.0
2025-01-08,BAR-CHO-12,8,169.92,105.6,0,0.0,0.0
2025-01-08,BAR-PNB-12,6,127.44,79.2,0,0.0,0.0
2025-01-08,BCA-LEM,1,16.99,6.8,0,0.0,0.0
2025-01-08,BCA-WAT,3,50.97,20.4,0,0.0,0.0
2025-01-08,CRE-300,13,220.87,72.8,0,0.0,0.0
2025-01-08,CRE-500,9,214.11,78.3,0,0.0,0.0
2025-01-08,GAI-CHO-25,5,169.95,92.0,0,0.0,0.0
2025-01-08,OMG-3-90,2,25.48,9.8,0,0.0,0.0
2025-01-08,PRE-BRA,5,106.2,44.5,0,0.0,0.0
2025-01-08,PRE-COL,1,21.24,8.9,0,0.0,0.0
2025-01-08,PRE-FPU,3,63.72,26.7,0,0.0,0.0
2025-01-08,VEG-BER-1K,1,28.04,15.9,0,0.0,0.0
2025-01-08,VEG-CHO-1K,1,28.04,15.9,0,0.0,0.0
2025-01-08,VIT-D3-120,11,93.39,23.1,0,0.0,0.0
2025-01-08,VIT-MUL-90,13,143.52,44.2,0,0.0,0.0
2025-01-08,WHY-CHO-1K,24,611.76,307.2,0,0.0,0.0
2025-01-08,WHY-CHO-25,3,140.22,76.5,0,0.0,0.0
2025-01-08,WHY-SCA-1K,7,178.43,89.6,0,0.0,0.0
2025-01-08,WHY-STR-1K,13,331.37,166.4,0,0.0,0.0
2025-01-08,WHY-VAN-1K,15,382.35,192.0,0,0.0,0.0
2025-01-08,WHY-VAN-25,3,140.22,76.5,0,0.0,0.0
2025-01-09,ACC-SHK,5,29.7,8.5,0,0.0,0.0
2025-01-09,BAR-CHO-12,4,84.96,52.8,0,0.0,0.0
2025-01-09,BAR-PNB-12,4,84.96,52.8,0,0.0,0.0
2025-01-09,BCA-LEM,6,101.94,40.8,0,0.0,0.0
2025-01-09,BCA-WAT,1,16.99,6.8,0,0.0,0.0
2025-01-09,CRE-300,16,271.84,89.6,0,0.0,0.0
2025-01-09,CRE-500,6,142.74,52.2,0,0.0,0.0
2025-01-09,GAI-CHO-25,1,33.99,18.4,0,0.0,0.0
2025-01-09,OMG-3-90,5,63.7,24.5,0,0.0,0.0
2025-01-09,PRE-BRA,7,148.68,62.3,0,0.0,0.0
2025-01-09,PRE-COL,1,21.24,8.9,0,0.0,0.0
2025-01-09,PRE-FPU,3,63.72,26.7,0,0.0,0.0
2025-01-09,VEG-BER-1K,3,84.12,47.7,0,0.0,0.0
2025-01-09,VEG-CHO-1K,3,84.12,47.7,0,0.0,0.0
2025-01-09,VIT-D3-120,9,76.41,18.9,0,0.0,0.0
2025-01-09,VIT-MUL-90,5,55.2,17.0,0,0.0,0.0
2025-01-09,WHY-CHO-1K,20,509.8,256.0,0,0.0,0.0
2025-01-09,WHY-CHO-25,8,373.92,204.0,0,0.0,0.0
2025-01-09,WHY-SCA-1K,11,280.39,140.8,0,0.0,0.0
2025-01-09,WHY-STR-1K,10,254.9,128.0,0,0.0,0.0
2025-01-09,WHY-VAN-1K,18,458.82,230.4,0,0.0,0.0
2025-01-09,WHY-VAN-25,4,186.96,102.0,0,0.0,0.0
2025-01-10,ACC-SHK,1,5.94,1.7,0,0.0,0.0
2025-01-10,BAR-CHO-12,6,127.44,79.2,0,0.0,0.0
2025-01-10,BAR-PNB-12,1,21.24,13.2,0,0.0,0.0
2025-01-10,BCA-LEM,3,50.97,20.4,0,0.0,0.0
2025-01-10,BCA-WAT,4,67.96,27.2,0,0.0,0.0
2025-01-10,CRE-300,14,237.86,78.4,0,0.0,0.0
2025-01-10,CRE-500,6,142.74,52.2,0,0.0,0.0
2025-01-10,GAI-CHO-25,2,67.98,36.8,0,0.0,0.0
2025-01-10,OMG-3-90,7,89.18,34.3,0,0.0,0.0
2025-01-10,PRE-BRA,7,148.68,62.3,0,0.0,0.0
2025-01-10,PRE-FPU,9,191.16,80.1,0,0.0,0.0
2025-01-10,VEG-CHO-1K,2,56.08,31.8,0,0.0,0.0
2025-01-10,VIT-D3-120,12,101.88,25.2,0,0.0,0.0
2025-01-10,VIT-MUL-90,8,88.32,27.2,0,0.0,0.0
2025-01-10,WHY-CHO-1K,25,637.25,320.0,0,0.0,0.0
2025-01-10,WHY-CHO-25,11,514.14,280.5,0,0.0,0.0
2025-01-10,WHY-SCA-1K,6,152.94,76.8,0,0.0,0.0
2025-01-10,WHY-STR-1K,2,50.98,25.6,0,0.0,0.0
2025-01-10,WHY-VAN-1K,9,229.41,115.2,0,0.0,0.0
2025-01-10,WHY-VAN-25,4,186.96,102.0,0,0.0,0.0
2025-01-11,ACC-SHK,3,17.82,5.1,0,0.0,0.0
2025-01-11,BAR-CHO-12,4,84.96,52.8,0,0.0,0.0
2025-01-11,BAR-PNB-12,5,106.2,66.0,0,0.0,0.0
2025-01-11,BCA-LEM,2,33.98,13.6,0,0.0,0.0
2025-01-11,BCA-WAT,1,16.99,6.8,0,0.0,0.0
2025-01-11,CRE-300,8,135.92,44.8,0,0.0,0.0
2025-01-11,CRE-500,6,142.74,52.2,0,0.0,0.0
2025-01-11,GAI-CHO-25,2,67.98,36.8,0,0.0,0.0
2025-01-11,OMG-3-90,1,12.74,4.9,0,0.0,0.0
2025-01-11,PRE-BRA,3,63.72,26.7,0,0.0,0.0
2025-01-11,PRE-FPU,4,84.96,35.6,0,0.0,0.0
2025-01-11,VEG-BER-1K,2,56.08,31.8,0,0.0,0.0
2025-01-11,VEG-CHO-1K,4,112.16,63.6,0,0.0,0.0
2025-01-11,VIT-D3-120,4,33.96,8.4,0,0.0,0.0
2025-01-11,VIT-MUL-90,4,44.16,13.6,0,0.0,0.0
2025-01-11,WHY-CHO-1K,28,713.72,358.4,0,0.0,0.0
2025-01-11,WHY-CHO-25,9,420.66,229.5,0,0.0,0.0
2025-01-11,WHY-SCA-1K,12,305.88,153.6,0,0.0,0.0
2025-01-11,WHY-STR-1K,7,178.43,89.6,0,0.0,0.0
2025-01-11,WHY-VAN-1K,10,254.9,128.0,0,0.0,0.0
2025-01-11,WHY-VAN-25,1,46.74,25.5,0,0.0,0.0
2025-01-12,ACC-SHK,6,35.64,10.2,0,0.0,0.0
2025-01-12,BAR-CHO-12,5,106.2,66.0,0,0.0,0.0
2025-01-12,BAR-PNB-12,4,84.96,52.8,0,0.0,0.0
2025-01-12,BCA-LEM,1,16.99,6.8,0,0.0,0.0
2025-01-12,BCA-WAT,5,84.95,34.0,0,0.0,0.0
2025-01-12,CRE-300,13,220.87,72.8,0,0.0,0.0
2025-01-12,CRE-500,15,356.85,130.5,0,0.0,0.0
2025-01-12,GAI-CHO-25,1,33.99,18.4,0,0.0,0.0
2025-01-12,PRE-BRA,3,63.72,26.7,0,0.0,0.0
2025-01-12,PRE-COL,1,21.24,8.9,0,0.0,0.0
2025-01-12,PRE-FPU,5,106.2,44.5,0,0.0,0.0
2025-01-12,VEG-BER-1K,3,84.12,47.7,0,0.0,0.0
2025-01-12,VEG-CHO-1K,3,84.12,47.7,0,0.0,0.0
2025-01-12,VIT-D3-120,9,76.41,18.9,0,0.0,0.0
2025-01-12,VIT-MUL-90,8,88.32,27.2,0,0.0,0.0
2025-01-12,WHY-CHO-1K,21,535.29,268.8,0,0.0,0.0
2025-01-12,WHY-CHO-25,8,373.92,204.0,0,0.0,0.0
2025-01-12,WHY-SCA-1K,8,203.92,102.4,0,0.0,0.0
2025-01-12,WHY-STR-1K,8,203.92,102.4,0,0.0,0.0
2025-01-12,WHY-VAN-1K,14,356.86,179.2,0,0.0,0.0
2025-01-12,WHY-VAN-25,3,140.22,76.5,0,0.0,0.0
2025-01-13,ACC-SHK,6,35.64,10.2,0,0.0,0.0
2025-01-13,BAR-CHO-12,9,191.16,118.8,0,0.0,0.0
2025-01-13,BAR-PNB-12,3,63.72,39.6,0,0.0,0.0
2025-01-13,BCA-LEM,1,16.99,6.8,0,0.0,0.0
2025-01-13,BCA-WAT,7,118.93,47.6,0,0.0,0.0
2025-01-13,CRE-300,15,254.85,84.0,0,0.0,0.0
2025-01-13,CRE-500,14,333.06,121.8,0,0.0,0.0
2025-01-13,GAI-CHO-25,3,101.97,55.2,0,0.0,0.0
2025-01-13,PRE-BRA,7,148.68,62.3,0,0.0,0.0
2025-01-13,PRE-COL,2,42.48,17.8,0,0.0,0.0
2025-01-13,PRE-FPU,10,212.4,89.0,0,0.0,0.0
2025-01-13,VEG-BER-1K,1,28.04,15.9,0,0.0,0.0
2025-01-13,VEG-CHO-1K,7,196.28,111.3,0,0.0,0.0
2025-01-13,VIT-D3-120,13,110.37,27.3,0,0.0,0.0
2025-01-13,VIT-MUL-90,5,55.2,17.0,0,0.0,0.0
2025-01-13,WHY-CHO-1K,22,560.78,281.6,0,0.0,0.0
2025-01-13,WHY-CHO-25,14,654.36,357.0,0,0.0,0.0
2025-01-13,WHY-SCA-1K,8,203.92,102.4,0,0.0,0.0
2025-01-13,WHY-STR-1K,7,178.43,89.6,0,0.0,0.0
2025-01-13,WHY-VAN-1K,19,484.31,243.2,0,0.0,0.0
2025-01-14,ACC-SHK,6,35.64,10.2,0,0.0,0.0
2025-01-14,BAR-CHO-12,4,84.96,52.8,0,0.0,0.0
2025-01-14,BAR-PNB-12,10,212.4,132.0,0,0.0,0.0
2025-01-14,BCA-WAT,2,33.98,13.6,0,0.0,0.0
2025-01-14,CRE-300,14,237.86,78.4,0,0.0,0.0
2025-01-14,CRE-500,12,285.48,104.4,0,0.0,0.0
2025-01-14,GAI-CHO-25,2,67.98,36.8,0,0.0,0.0
2025-01-14,OMG-3-90,5,63.7,24.5,0,0.0,0.0
2025-01-14,PRE-BRA,4,84.96,35.6,0,0.0,0.0
2025-01-14,PRE-COL,1,21.24,8.9,0,0.0,0.0
2025-01-14,PRE-FPU,11,233.64,97.9,0,0.0,0.0
2025-01-14,VEG-BER-1K,1,28.04,15.9,0,0.0,0.0
2025-01-14,VEG-CHO-1K,6,168.24,95.4,0,0.0,0.0
2025-01-14,VIT-D3-120,14,118.86,29.4,0,0.0,0.0
2025-01-14,VIT-MUL-90,6,66.24,20.4,0,0.0,0.0
2025-01-14,WHY-CHO-1K,21,535.29,268.8,0,0.0,0.0
2025-01-14,WHY-CHO-25,11,514.14,280.5,0,0.0,0.0
2025-01-14,WHY-SCA-1K,5,127.45,64.0,0,0.0,0.0
2025-01-14,WHY-STR-1K,9,229.41,115.2,0,0.0,0.0
2025-01-14,WHY-VAN-1K,6,152.94,76.8,0,0.0,0.0
2025-01-14,WHY-VAN-25,5,233.7,127.5,0,0.0,0.0
2025-01-15,ACC-SHK,5,34.95,8.5,0,0.0,0.0
2025-01-15,BAR-CHO-12,1,24.99,13.2,0,0.0,0.0
2025-01-15,BAR-PNB-12,2,49.98,26.4,0,0.0,0.0
2025-01-15,BCA-LEM,3,59.97,20.4,0,0.0,0.0
2025-01-15,BCA-WAT,4,79.96,27.2,0,0.0,0.0
2025-01-15,CRE-300,7,139.93,39.2,0,0.0,0.0
2025-01-15,CRE-500,6,167.94,52.2,0,0.0,0.0
2025-01-15,GAI-CHO-25,1,39.99,18.4,0,0.0,0.0
2025-01-15,OMG-3-90,3,44.97,14.7,0,0.0,0.0
2025-01-15,PRE-BRA,2,49.98,17.8,0,0.0,0.0
2025-01-15,PRE-FPU,2,49.98,17.8,0,0.0,0.0
2025-01-15,VEG-CHO-1K,1,32.99,15.9,0,0.0,0.0
2025-01-15,VIT-D3-120,4,39.96,8.4,0,0.0,0.0
2025-01-15,VIT-MUL-90,2,25.98,6.8,0,0.0,0.0
2025-01-15,WHY-CHO-1K,9,269.91,115.2,0,0.0,0.0
2025-01-15,WHY-CHO-25,6,329.94,153.0,0,0.0,0.0
2025-01-15,WHY-SCA-1K,1,29.99,12.8,0,0.0,0.0
2025-01-15,WHY-STR-1K,2,59.98,25.6,0,0.0,0.0
2025-01-15,WHY-VAN-1K,3,89.97,38.4,0,0.0,0.0
2025-01-15,WHY-VAN-25,4,219.96,102.0,0,0.0,0.0
2025-01-16,ACC-SHK,2,13.98,3.4,0,0.0,0.0
2025-01-16,BAR-CHO-12,6,149.94,79.2,0,0.0,0.0
2025-01-16,BAR-PNB-12,3,74.97,39.6,0,0.0,0.0
2025-01-16,BCA-LEM,4,79.96,27.2,0,0.0,0.0
2025-01-16,BCA-WAT,3,59.97,20.4,0,0.0,0.0
2025-01-16,CRE-300,10,199.9,56.0,0,0.0,0.0
2025-01-16,CRE-500,3,83.97,26.1,0,0.0,0.0
2025-01-16,OMG-3-90,5,74.95,24.5,0,0.0,0.0
2025-01-16,PRE-BRA,1,24.99,8.9,0,0.0,0.0
2025-01-16,PRE-FPU,7,174.93,62.3,0,0.0,0.0
2025-01-16,VEG-BER-1K,1,32.99,15.9,0,0.0,0.0
2025-01-16,VEG-CHO-1K,1,32.99,15.9,0,0.0,0.0
2025-01-16,VIT-D3-120,7,69.93,14.7,0,0.0,0.0
2025-01-16,VIT-MUL-90,1,12.99,3.4,0,0.0,0.0
2025-01-16,WHY-CHO-1K,12,359.88,153.6,0,0.0,0.0
2025-01-16,WHY-CHO-25,8,439.92,204.0,0,0.0,0.0
2025-01-16,WHY-SCA-1K,5,149.95,64.0,0,0.0,0.0
2025-01-16,WHY-STR-1K,5,149.95,64.0,0,0.0,0.0
2025-01-16,WHY-VAN-1K,4,119.96,51.2,0,0.0,0.0
2025-01-16,WHY-VAN-25,4,219.96,102.0,0,0.0,0.0
2025-01-17,BAR-CHO-12,1,24.99,13.2,0,0.0,0.0
2025-01-17,BAR-PNB-12,1,24.99,13.2,0,0.0,0.0
2025-01-17,BCA-LEM,1,19.99,6.8,0,0.0,0.0
2025-01-17,BCA-WAT,1,19.99,6.8,0,0.0,0.0
2025-01-17,CRE-300,3,59.97,16.8,0,0.0,0.0
2025-01-17,CRE-500,5,139.95,43.5,0,0.0,0.0
2025-01-17,GAI-CHO-25,1,39.99,18.4,0,0.0,0.0
2025-01-17,OMG-3-90,1,14.99,4.9,0,0.0,0.0
2025-01-17,PRE-BRA,2,49.98,17.8,0,0.0,0.0
2025-01-17,VIT-D3-120,3,29.97,6.3,0,0.0,0.0
2025-01-17,VIT-MUL-90,1,12.99,3.4,0,0.0,0.0
2025-01-17,WHY-CHO-1K,7,209.93,89.6,0,0.0,0.0
2025-01-17,WHY-CHO-25,2,109.98,51.0,0,0.0,0.0
2025-01-17,WHY-SCA-1K,8,239.92,102.4,0,0.0,0.0
2025-01-17,WHY-STR-1K,1,29.99,12.8,0,0.0,0.0
2025-01-17,WHY-VAN-1K,2,59.98,25.6,0,0.0,0.0
2025-01-17,WHY-VAN-25,2,109.98,51.0,0,0.0,0.0
2025-01-18,ACC-SHK,2,13.98,3.4,0,0.0,0.0
2025-01-18,BAR-CHO-12,1,24.99,13.2,0,0.0,0.0
2025-01-18,BCA-LEM,1,19.99,6.8,0,0.0,0.0
2025-01-18,BCA-WAT,1,19.99,6.8,0,0.0,0.0
2025-01-18,CRE-300,3,59.97,16.8,0,0.0,0.0
2025-01-18,CRE-500,4,111.96,34.8,0,0.0,0.0
2025-01-18,GAI-CHO-25,4,159.96,73.6,0,0.0,0.0
2025-01-18,PRE-BRA,1,24.99,8.9,0,0.0,0.0
2025-01-18,PRE-COL,1,24.99,8.9,0,0.0,0.0
2025-01-18,PRE-FPU,2,49.98,17.8,0,0.0,0.0
2025-01-18,VEG-BER-1K,2,65.98,31.8,0,0.0,0.0
2025-01-18,VEG-CHO-1K,1,32.99,15.9,0,0.0,0.0
2025-01-18,VIT-D3-120,3,29.97,6.3,0,0.0,0.0
2025-01-18,VIT-MUL-90,1,12.99,3.4,0,0.0,0.0
2025-01-18,WHY-CHO-1K,7,209.93,89.6,0,0.0,0.0
2025-01-18,WHY-CHO-25,1,54.99,25.5,0,0.0,0.0
2025-01-18,WHY-STR-1K,2,59.98,25.6,0,0.0,0.0
2025-01-18,WHY-VAN-1K,3,89.97,38.4,0,0.0,0.0
2025-01-18,WHY-VAN-25,4,219.96,102.0,0,0.0,0.0
2025-01-19,ACC-SHK,4,27.96,6.8,0,0.0,0.0
2025-01-19,BAR-CHO-12,1,24.99,13.2,0,0.0,0.0
2025-01-19,BAR-PNB-12,3,74.97,39.6,0,0.0,0.0
2025-01-19,BCA-WAT,3,59.97,20.4,0,0.0,0.0
2025-01-19,CRE-300,10,199.9,56.0,0,0.0,0.0
2025-01-19,CRE-500,2,55.98,17.4,0,0.0,0.0
2025-01-19,OMG-3-90,2,29.98,9.8,0,0.0,0.0
2025-01-19,PRE-BRA,2,49.98,17.8,0,0.0,0.0
2025-01-19,PRE-COL,1,24.99,8.9,0,0.0,0.0
2025-01-19,PRE-FPU,7,174.93,62.3,0,0.0,0.0
2025-01-19,VEG-CHO-1K,2,65.98,31.8,0,0.0,0.0
2025-01-19,VIT-D3-120,3,29.97,6.3,0,0.0,0.0
2025-01-19,VIT-MUL-90,1,12.99,3.4,0,0.0,0.0
2025-01-19,WHY-CHO-1K,8,239.92,102.4,0,0.0,0.0
2025-01-19,WHY-CHO-25,6,329.94,153.0,0,0.0,0.0
2025-01-19,WHY-SCA-1K,4,119.96,51.2,0,0.0,0.0
2025-01-19,WHY-STR-1K,5,149.95,64.0,0,0.0,0.0
2025-01-19,WHY-VAN-1K,6,179.94,76.8,0,0.0,0.0
2025-01-19,WHY-VAN-25,2,109.98,51.0,0,0.0,0.0
2025-01-20,ACC-SHK,3,20.97,5.1,0,0.0,0.0
2025-01-20,BAR-PNB-12,1,24.99,13.2,0,0.0,0.0
2025-01-20,BCA-LEM,4,79.96,27.2,0,0.0,0.0
2025-01-20,BCA-WAT,1,19.99,6.8,0,0.0,0.0
2025-01-20,CRE-300,3,59.97,16.8,0,0.0,0.0
2025-01-20,CRE-500,3,83.97,26.1,0,0.0,0.0
2025-01-20,OMG-3-90,3,44.97,14.7,0,0.0,0.0
2025-01-20,PRE-BRA,2,49.98,17.8,0,0.0,0.0
2025-01-20,PRE-FPU,3,74.97,26.7,0,0.0,0.0
2025-01-20,VEG-BER-1K,1,32.99,15.9,0,0.0,0.0
2025-01-20,VEG-CHO-1K,1,32.99,15.9,0,0.0,0.0
2025-01-20,VIT-D3-120,4,39.96,8.4,0,0.0,0.0
2025-01-20,VIT-MUL-90,6,77.94,20.4,0,0.0,0.0
2025-01-20,WHY-CHO-1K,11,329.89,140.8,0,0.0,0.0
2025-01-20,WHY-CHO-25,10,549.9,255.0,0,0.0,0.0
2025-01-20,WHY-SCA-1K,2,59.98,25.6,0,0.0,0.0
2025-01-20,WHY-STR-1K,2,59.98,25.6,0,0.0,0.0
2025-01-20,WHY-VAN-1K,3,89.97,38.4,0,0.0,0.0
2025-01-20,WHY-VAN-25,2,109.98,51.0,0,0.0,0.0
2025-01-21,ACC-SHK,5,34.95,8.5,0,0.0,0.0
2025-01-21,BAR-CHO-12,1,24.99,13.2,0,0.0,0.0
2025-01-21,BAR-PNB-12,3,74.97,39.6,0,0.0,0.0
2025-01-21,BCA-LEM,1,19.99,6.8,0,0.0,0.0
2025-01-21,BCA-WAT,4,79.96,27.2,0,0.0,0.0
2025-01-21,CRE-300,3,59.97,16.8,0,0.0,0.0
2025-01-21,CRE-500,4,111.96,34.8,0,0.0,0.0
2025-01-21,PRE-BRA,5,124.95,44.5,0,0.0,0.0
2025-01-21,PRE-FPU,2,49.98,17.8,0,0.0,0.0
2025-01-21,VEG-CHO-1K,2,65.98,31.8,0,0.0,0.0
2025-01-21,VIT-D3-120,1,9.99,2.1,0,0.0,0.0
2025-01-21,VIT-MUL-90,2,25.98,6.8,0,0.0,0.0
2025-01-21,WHY-CHO-1K,14,419.86,179.2,0,0.0,0.0
2025-01-21,WHY-CHO-25,2,109.98,51.0,0,0.0,0.0
2025-01-21,WHY-SCA-1K,5,149.95,64.0,0,0.0,0.0
2025-01-21,WHY-VAN-1K,6,179.94,76.8,0,0.0,0.0
2025-01-21,WHY-VAN-25,1,54.99,25.5,0,0.0,0.0
2025-01-22,ACC-SHK,3,20.97,5.1,0,0.0,0.0
2025-01-22,BAR-CHO-12,1,24.99,13.2,0,0.0,0.0
2025-01-22,BAR-PNB-12,1,24.99,13.2,0,0.0,0.0
2025-01-22,CRE-300,3,59.97,16.8,0,0.0,0.0
2025-01-22,CRE-500,4,111.96,34.8,0,0.0,0.0
2025-01-22,GAI-CHO-25,1,39.99,18.4,0,0.0,0.0
2025-01-22,PRE-BRA,4,99.96,35.6,0,0.0,0.0
2025-01-22,PRE-COL,1,24.99,8.9,0,0.0,0.0
2025-01-22,PRE-FPU,2,49.98,17.8,0,0.0,0.0
2025-01-22,VEG-CHO-1K,2,65.98,31.8,0,0.0,0.0
2025-01-22,WHY-CHO-1K,8,239.92,102.4,0,0.0,0.0
2025-01-22,WHY-CHO-25,6,329.94,153.0,0,0.0,0.0
2025-01-22,WHY-SCA-1K,3,89.97,38.4,0,0.0,0.0
2025-01-22,WHY-STR-1K,2,59.98,25.6,0,0.0,0.0
2025-01-22,WHY-VAN-1K,5,149.95,64.0,0,0.0,0.0
2025-01-23,ACC-SHK,3,20.97,5.1,0,0.0,0.0
2025-01-23,BAR-CHO-12,2,49.98,26.4,0,0.0,0.0
2025-01-23,BAR-PNB-12,4,99.96,52.8,0,0.0,0.0
2025-01-23,BCA-LEM,3,59.97,20.4,0,0.0,0.0
2025-01-23,CRE-300,11,219.89,61.6,0,0.0,0.0
2025-01-23,CRE-500,4,111.96,34.8,0,0.0,0.0
2025-01-23,GAI-CHO-25,5,199.95,92.0,0,0.0,0.0
2025-01-23,OMG-3-90,2,29.98,9.8,0,0.0,0.0
2025-01-23,PRE-BRA,3,74.97,26.7,0,0.0,0.0
2025-01-23,PRE-COL,1,24.99,8.9,0,0.0,0.0
2025-01-23,PRE-FPU,3,74.97,26.7,0,0.0,0.0
2025-01-23,VEG-BER-1K,1,32.99,15.9,0,0.0,0.0
2025-01-23,VEG-CHO-1K,9,296.91,143.1,0,0.0,0.0
2025-01-23,VIT-D3-120,7,69.93,14.7,0,0.0,0.0
2025-01-23,VIT-MUL-90,4,51.96,13.6,0,0.0,0.0
2025-01-23,WHY-CHO-1K,16,479.84,204.8,0,0.0,0.0
2025-01-23,WHY-CHO-25,3,164.97,76.5,0,0.0,0.0
2025-01-23,WHY-SCA-1K,8,239.92,102.4,0,0.0,0.0
2025-01-23,WHY-STR-1K,6,179.94,76.8,0,0.0,0.0
2025-01-23,WHY-VAN-1K,5,149.95,64.0,0,0.0,0.0
2025-01-23,WHY-VAN-25,1,54.99,25.5,0,0.0,0.0
2025-01-24,ACC-SHK,1,6.99,1.7,0,0.0,0.0
2025-01-24,BAR-CHO-12,4,99.96,52.8,0,0.0,0.0
2025-01-24,BAR-PNB-12,4,99.96,52.8,0,0.0,0.0
2025-01-24,CRE-300,1,19.99,5.6,0,0.0,0.0
2025-01-24,CRE-500,3,83.97,26.1,0,0.0,0.0
2025-01-24,OMG-3-90,1,14.99,4.9,0,0.0,0.0
2025-01-24,PRE-BRA,3,74.97,26.7,0,0.0,0.0
2025-01-24,PRE-FPU,3,74.97,26.7,0,0.0,0.0
2025-01-24,VEG-CHO-1K,2,65.98,31.8,0,0.0,0.0
2025-01-24,VIT-MUL-90,3,38.97,10.2,0,0.0,0.0
2025-01-24,WHY-CHO-1K,3,89.97,38.4,0,0.0,0.0
2025-01-24,WHY-CHO-25,4,219.96,102.0,0,0.0,0.0
2025-01-24,WHY-SCA-1K,1,29.99,12.8,0,0.0,0.0
2025-01-24,WHY-STR-1K,4,119.96,51.2,0,0.0,0.0
2025-01-24,WHY-VAN-1K,2,59.98,25.6,0,0.0,0.0
2025-01-25,ACC-SHK,4,27.96,6.8,0,0.0,0.0
2025-01-25,BAR-CHO-12,1,24.99,13.2,0,0.0,0.0
2025-01-25,BAR-PNB-12,1,24.99,13.2,0,0.0,0.0
2025-01-25,BCA-LEM,2,39.98,13.6,0,0.0,0.0
2025-01-25,BCA-WAT,2,39.98,13.6,0,0.0,0.0
2025-01-25,CRE-300,6,119.94,33.6,0,0.0,0.0
2025-01-25,CRE-500,4,111.96,34.8,0,0.0,0.0
2025-01-25,GAI-CHO-25,1,39.99,18.4,0,0.0,0.0
2025-01-25,OMG-3-90,1,14.99,4.9,0,0.0,0.0
2025-01-25,PRE-BRA,3,74.97,26.7,0,0.0,0.0
2025-01-25,PRE-COL,1,24.99,8.9,0,0.0,0.0
2025-01-25,PRE-FPU,3,74.97,26.7,0,0.0,0.0
2025-01-25,VEG-BER-1K,2,65.98,31.8,0,0.0,0.0
2025-01-25,VEG-CHO-1K,4,131.96,63.6,0,0.0,0.0
2025-01-25,VIT-D3-120,5,49.95,10.5,0,0.0,0.0
2025-01-25,WHY-CHO-1K,8,239.92,102.4,0,0.0,0.0
2025-01-25,WHY-CHO-25,3,164.97,76.5,0,0.0,0.0
2025-01-25,WHY-SCA-1K,5,149.95,64.0,0,0.0,0.0
2025-01-25,WHY-STR-1K,2,59.98,25.6,0,0.0,0.0
2025-01-25,WHY-VAN-1K,9,269.91,115.2,0,0.0,0.0
2025-01-25,WHY-VAN-25,2,109.98,51.0,0,0.0,0.0
2025-01-26,ACC-SHK,2,13.98,3.4,0,0.0,0.0
2025-01-26,BAR-CHO-12,1,24.99,13.2,0,0.0,0.0
2025-01-26,BAR-PNB-12,3,74.97,39.6,0,0.0,0.0
2025-01-26,BCA-WAT,1,19.99,6.8,0,0.0,0.0
2025-01-26,CRE-300,3,59.97,16.8,0,0.0,0.0
2025-01-26,PRE-BRA,2,49.98,17.8,0,0.0,0.0
2025-01-26,PRE-COL,1,24.99,8.9,0,0.0,0.0
2025-01-26,PRE-FPU,1,24.99,8.9,0,0.0,0.0
2025-01-26,VIT-D3-120,4,39.96,8.4,0,0.0,0.0
2025-01-26,VIT-MUL-90,1,12.99,3.4,0,0.0,0.0
2025-01-26,WHY-CHO-1K,9,269.91,115.2,0,0.0,0.0
2025-01-26,WHY-CHO-25,2,109.98,51.0,0,0.0,0.0
2025-01-26,WHY-SCA-1K,2,59.98,25.6,0,0.0,0.0
2025-01-26,WHY-STR-1K,2,59.98,25.6,0,0.0,0.0
2025-01-26,WHY-VAN-1K,3,89.97,38.4,0,0.0,0.0
2025-01-26,WHY-VAN-25,1,54.99,25.5,0,0.0,0.0
2025-01-27,ACC-SHK,5,34.95,8.5,0,0.0,0.0
2025-01-27,BAR-CHO-12,1,24.99,13.2,0,0.0,0.0
2025-01-27,BCA-LEM,3,59.97,20.4,0,0.0,0.0
2025-01-27,CRE-300,6,119.94,33.6,0,0.0,0.0
2025-01-27,CRE-500,7,195.93,60.9,0,0.0,0.0
2025-01-27,GAI-CHO-25,4,159.96,73.6,0,0.0,0.0
2025-01-27,PRE-COL,2,49.98,17.8,0,0.0,0.0
2025-01-27,PRE-FPU,4,99.96,35.6,0,0.0,0.0
2025-01-27,VEG-CHO-1K,4,131.96,63.6,0,0.0,0.0
2025-01-27,VIT-D3-120,2,19.98,4.2,0,0.0,0.0
2025-01-27,VIT-MUL-90,5,64.95,17.0,0,0.0,0.0
2025-01-27,WHY-CHO-1K,3,89.97,38.4,0,0.0,0.0
2025-01-27,WHY-CHO-25,10,549.9,255.0,0,0.0,0.0
2025-01-27,WHY-SCA-1K,1,29.99,12.8,0,0.0,0.0
2025-01-27,WHY-STR-1K,2,59.98,25.6,0,0.0,0.0
2025-01-27,WHY-VAN-1K,8,239.92,102.4,0,0.0,0.0
2025-01-27,WHY-VAN-25,2,109.98,51.0,0,0.0,0.0
2025-01-28,ACC-SHK,3,20.97,5.1,0,0.0,0.0
2025-01-28,BAR-CHO-12,5,124.95,66.0,0,0.0,0.0
2025-01-28,BAR-PNB-12,2,49.98,26.4,0,0.0,0.0
2025-01-28,BCA-LEM,3,59.97,20.4,0,0.0,0.0
2025-01-28,BCA-WAT,3,59.97,20.4,0,0.0,0.0
2025-01-28,CRE-300,6,119.94,33.6,0,0.0,0.0
2025-01-28,CRE-500,3,83.97,26.1,0,0.0,0.0
2025-01-28,PRE-BRA,1,24.99,8.9,0,0.0,0.0
2025-01-28,PRE-COL,2,49.98,17.8,0,0.0,0.0
2025-01-28,PRE-FPU,6,149.94,53.4,0,0.0,0.0
2025-01-28,VEG-BER-1K,1,32.99,15.9,0,0.0,0.0
2025-01-28,VEG-CHO-1K,6,197.94,95.4,0,0.0,0.0
2025-01-28,VIT-D3-120,8,79.92,16.8,0,0.0,0.0
2025-01-28,VIT-MUL-90,1,12.99,3.4,0,0.0,0.0
2025-01-28,WHY-CHO-1K,15,449.85,192.0,0,0.0,0.0
2025-01-28,WHY-CHO-25,8,439.92,204.0,0,0.0,0.0
2025-01-28,WHY-SCA-1K,5,149.95,64.0,0,0.0,0.0
2025-01-28,WHY-STR-1K,5,149.95,64.0,0,0.0,0.0
2025-01-28,WHY-VAN-1K,4,119.96,51.2,0,0.0,0.0
2025-01-28,WHY-VAN-25,1,54.99,25.5,0,0.0,0.0
2025-01-29,ACC-SHK,1,6.99,1.7,0,0.0,0.0
2025-01-29,BAR-CHO-12,7,174.93,92.4,0,0.0,0.0
2025-01-29,BAR-PNB-12,1,24.99,13.2,0,0.0,0.0
2025-01-29,BCA-WAT,2,39.98,13.6,0,0.0,0.0
2025-01-29,CRE-300,11,219.89,61.6,0,0.0,0.0
2025-01-29,CRE-500,1,27.99,8.7,0,0.0,0.0
2025-01-29,OMG-3-90,1,14.99,4.9,0,0.0,0.0
2025-01-29,PRE-BRA,1,24.99,8.9,0,0.0,0.0
2025-01-29,PRE-FPU,7,174.93,62.3,0,0.0,0.0
2025-01-29,VEG-CHO-1K,1,32.99,15.9,0,0.0,0.0
2025-01-29,VIT-D3-120,4,39.96,8.4,0,0.0,0.0
2025-01-29,VIT-MUL-90,1,12.99,3.4,0,0.0,0.0
2025-01-29,WHY-CHO-1K,4,119.96,51.2,0,0.0,0.0
2025-01-29,WHY-CHO-25,2,109.98,51.0,0,0.0,0.0
2025-01-29,WHY-SCA-1K,2,59.98,25.6,0,0.0,0.0
2025-01-29,WHY-STR-1K,3,89.97,38.4,0,0.0,0.0
2025-01-29,WHY-VAN-1K,5,149.95,64.0,0,0.0,0.0
2025-01-29,WHY-VAN-25,1,54.99,25.5,0,0.0,0.0
2025-01-30,ACC-SHK,1,6.99,1.7,0,0.0,0.0
2025-01-30,BAR-CHO-12,4,99.96,52.8,0,0.0,0.0
2025-01-30,BCA-LEM,4,79.96,27.2,0,0.0,0.0
2025-01-30,BCA-WAT,3,59.97,20.4,0,0.0,0.0
2025-01-30,CRE-300,12,239.88,67.2,0,0.0,0.0
2025-01-30,CRE-500,7,195.93,60.9,0,0.0,0.0
2025-01-30,GAI-CHO-25,2,79.98,36.8,0,0.0,0.0
2025-01-30,OMG-3-90,5,74.95,24.5,0,0.0,0.0
2025-01-30,PRE-BRA,6,149.94,53.4,0,0.0,0.0
2025-01-30,PRE-COL,5,124.95,44.5,0,0.0,0.0
2025-01-30,PRE-FPU,10,249.9,89.0,0,0.0,0.0
2025-01-30,VEG-CHO-1K,2,65.98,31.8,0,0.0,0.0
2025-01-30,VIT-D3-120,5,49.95,10.5,0,0.0,0.0
2025-01-30,VIT-MUL-90,4,51.96,13.6,0,0.0,0.0
2025-01-30,WHY-CHO-1K,9,269.91,115.2,0,0.0,0.0
2025-01-30,WHY-CHO-25,6,329.94,153.0,0,0.0,0.0
2025-01-30,WHY-SCA-1K,5,149.95,64.0,0,0.0,0.0
2025-01-30,WHY-STR-1K,5,149.95,64.0,0,0.0,0.0
2025-01-30,WHY-VAN-1K,8,239.92,102.4,0,0.0,0.0
2025-01-31,ACC-SHK,3,20.97,5.1,0,0.0,0.0
2025-01-31,BAR-CHO-12,3,74.97,39.6,0,0.0,0.0
2025-01-31,BAR-PNB-12,2,49.98,26.4,0,0.0,0.0
2025-01-31,BCA-WAT,2,39.98,13.6,0,0.0,0.0
2025-01-31,CRE-300,9,179.91,50.4,0,0.0,0.0
2025-01-31,CRE-500,4,111.96,34.8,0,0.0,0.0
2025-01-31,GAI-CHO-25,2,79.98,36.8,0,0.0,0.0
2025-01-31,OMG-3-90,3,44.97,14.7,0,0.0,0.0
2025-01-31,PRE-BRA,3,74.97,26.7,0,0.0,0.0
2025-01-31,PRE-FPU,1,24.99,8.9,0,0.0,0.0
2025-01-31,VEG-BER-1K,2,65.98,31.8,0,0.0,0.0
2025-01-31,VEG-CHO-1K,2,65.98,31.8,0,0.0,0.0
2025-01-31,VIT-D3-120,1,9.99,2.1,0,0.0,0.0
2025-01-31,VIT-MUL-90,3,38.97,10.2,0,0.0,0.0
2025-01-31,WHY-CHO-1K,12,359.88,153.6,0,0.0,0.0
2025-01-31,WHY-CHO-25,3,164.97,76.5,0,0.0,0.0
2025-01-31,WHY-SCA-1K,5,149.95,64.0,0,0.0,0.0
2025-01-31,WHY-STR-1K,2,59.98,25.6,0,0.0,0.0
2025-01-31,WHY-VAN-1K,4,119.96,51.2,0,0.0,0.0
2025-01-31,WHY-VAN-25,6,329.94,153.0,0,0.0,0.0
2025-02-01,ACC-SHK,3,20.97,5.1,0,0.0,0.0
2025-02-01,BAR-CHO-12,1,24.99,13.2,0,0.0,0.0
2025-02-01,BAR-PNB-12,2,49.98,26.4,0,0.0,0.0
2025-02-01,BCA-LEM,2,39.98,13.6,0,0.0,0.0
2025-02-01,CRE-300,2,39.98,11.2,0,0.0,0.0
2025-02-01,CRE-500,1,27.99,8.7,0,0.0,0.0
2025-02-01,PRE-BRA,1,24.99,8.9,0,0.0,0.0
2025-02-01,PRE-COL,1,24.99,8.9,0,0.0,0.0
2025-02-01,PRE-FPU,3,74.97,26.7,0,0.0,0.0
2025-02-01,VEG-CHO-1K,1,32.99,15.9,0,0.0,0.0
2025-02-01,VIT-MUL-90,6,77.94,20.4,0,0.0,0.0
2025-02-01,WHY-CHO-1K,5,149.95,64.0,0,0.0,0.0
2025-02-01,WHY-CHO-25,4,219.96,102.0,0,0.0,0.0
2025-02-01,WHY-SCA-1K,5,149.95,64.0,0,0.0,0.0
2025-02-01,WHY-STR-1K,1,29.99,12.8,0,0.0,0.0
2025-02-01,WHY-VAN-1K,7,209.93,89.6,0,0.0,0.0
2025-02-01,WHY-VAN-25,1,54.99,25.5,0,0.0,0.0
2025-02-02,ACC-SHK,7,48.93,11.9,0,0.0,0.0
2025-02-02,BAR-CHO-12,1,24.99,13.2,0,0.0,0.0
2025-02-02,BAR-PNB-12,1,24.99,13.2,0,0.0,0.0
2025-02-02,BCA-LEM,1,19.99,6.8,0,0.0,0.0
2025-02-02,BCA-WAT,1,19.99,6.8,0,0.0,0.0
2025-02-02,CRE-300,6,119.94,33.6,0,0.0,0.0
2025-02-02,CRE-500,3,83.97,26.1,0,0.0,0.0
2025-02-02,PRE-COL,2,49.98,17.8,0,0.0,0.0
2025-02-02,PRE-FPU,1,24.99,8.9,0,0.0,0.0
2025-02-02,VEG-CHO-1K,1,32.99,15.9,0,0.0,0.0
2025-02-02,VIT-MUL-90,2,25.98,6.8,0,0.0,0.0
2025-02-02,WHY-CHO-1K,8,239.92,102.4,0,0.0,0.0
2025-02-02,WHY-CHO-25,5,274.95,127.5,0,0.0,0.0
2025-02-02,WHY-SCA-1K,1,29.99,12.8,0,0.0,0.0
2025-02-02,WHY-STR-1K,3,89.97,38.4,0,0.0,0.0
2025-02-02,WHY-VAN-1K,6,179.94,76.8,0,0.0,0.0
2025-02-02,WHY-VAN-25,1,54.99,25.5,0,0.0,0.0
2025-02-03,ACC-SHK,2,13.98,3.4,0,0.0,0.0
2025-02-03,BAR-CHO-12,2,49.98,26.4,0,0.0,0.0
2025-02-03,BAR-PNB-12,1,24.99,13.2,0,0.0,0.0
2025-02-03,BCA-WAT,3,59.97,20.4,0,0.0,0.0
2025-02-03,CRE-300,5,99.95,28.0,0,0.0,0.0
2025-02-03,CRE-500,5,139.95,43.5,0,0.0,0.0
2025-02-03,GAI-CHO-25,1,39.99,18.4,0,0.0,0.0
2025-02-03,PRE-BRA,3,74.97,26.7,0,0.0,0.0
2025-02-03,PRE-FPU,5,124.95,44.5,0,0.0,0.0
2025-02-03,VEG-CHO-1K,2,65.98,31.8,0,0.0,0.0
2025-02-03,VIT-D3-120,1,9.99,2.1,0,0.0,0.0
2025-02-03,VIT-MUL-90,4,51.96,13.6,0,0.0,0.0
2025-02-03,WHY-CHO-1K,3,89.97,38.4,0,0.0,0.0
2025-02-03,WHY-CHO-25,3,164.97,76.5,0,0.0,0.0
2025-02-03,WHY-SCA-1K,2,59.98,25.6,0,0.0,0.0
2025-02-03,WHY-STR-1K,3,89.97,38.4,0,0.0,0.0
2025-02-03,WHY-VAN-1K,3,89.97,38.4,0,0.0,0.0
2025-02-03,WHY-VAN-25,2,109.98,51.0,0,0.0,0.0
2025-02-04,ACC-SHK,6,41.94,10.2,0,0.0,0.0
2025-02-04,BAR-CHO-12,3,74.97,39.6,0,0.0,0.0
2025-02-04,BAR-PNB-12,2,49.98,26.4,0,0.0,0.0
2025-02-04,BCA-LEM,3,59.97,20.4,0,0.0,0.0
2025-02-04,BCA-WAT,4,79.96,27.2,0,0.0,0.0
2025-02-04,CRE-300,8,159.92,44.8,0,0.0,0.0
2025-02-04,CRE-500,9,251.91,78.3,0,0.0,0.0
2025-02-04,GAI-CHO-25,4,159.96,73.6,0,0.0,0.0
2025-02-04,OMG-3-90,3,44.97,14.7,0,0.0,0.0
2025-02-04,PRE-BRA,2,49.98,17.8,0,0.0,0.0
2025-02-04,PRE-FPU,2,49.98,17.8,0,0.0,0.0
2025-02-04,VEG-CHO-1K,3,98.97,47.7,0,0.0,0.0
2025-02-04,VIT-D3-120,3,29.97,6.3,0,0.0,0.0
2025-02-04,VIT-MUL-90,5,64.95,17.0,0,0.0,0.0
2025-02-04,WHY-CHO-1K,10,299.9,128.0,0,0.0,0.0
2025-02-04,WHY-CHO-25,7,384.93,178.5,0,0.0,0.0
2025-02-04,WHY-SCA-1K,5,149.95,64.0,0,0.0,0.0
2025-02-04,WHY-STR-1K,5,149.95,64.0,0,0.0,0.0
2025-02-04,WHY-VAN-1K,8,239.92,102.4,0,0.0,0.0
2025-02-04,WHY-VAN-25,4,219.96,102.0,0,0.0,0.0
2025-02-05,ACC-SHK,2,13.98,3.4,0,0.0,0.0
2025-02-05,BAR-PNB-12,2,49.98,26.4,0,0.0,0.0
2025-02-05,BCA-LEM,3,59.97,20.4,0,0.0,0.0
2025-02-05,BCA-WAT,4,79.96,27.2,0,0.0,0.0
2025-02-05,CRE-300,5,99.95,28.0,0,0.0,0.0
2025-02-05,CRE-500,10,279.9,87.0,0,0.0,0.0
2025-02-05,OMG-3-90,2,29.98,9.8,0,0.0,0.0
2025-02-05,PRE-BRA,4,99.96,35.6,0,0.0,0.0
2025-02-05,PRE-COL,1,24.99,8.9,0,0.0,0.0
2025-02-05,PRE-FPU,2,49.98,17.8,0,0.0,0.0
2025-02-05,VIT-D3-120,6,59.94,12.6,0,0.0,0.0
2025-02-05,VIT-MUL-90,3,38.97,10.2,0,0.0,0.0
2025-02-05,WHY-CHO-1K,11,329.89,140.8,0,0.0,0.0
2025-02-05,WHY-CHO-25,2,109.98,51.0,0,0.0,0.0
2025-02-05,WHY-SCA-1K,6,179.94,76.8,0,0.0,0.0
2025-02-05,WHY-STR-1K,2,59.98,25.6,0,0.0,0.0
2025-02-05,WHY-VAN-1K,6,179.94,76.8,0,0.0,0.0
2025-02-05,WHY-VAN-25,3,164.97,76.5,0,0.0,0.0
2025-02-06,ACC-SHK,2,13.98,3.4,0,0.0,0.0
2025-02-06,BAR-CHO-12,4,99.96,52.8,0,0.0,0.0
2025-02-06,BAR-PNB-12,4,99.96,52.8,0,0.0,0.0
2025-02-06,BCA-LEM,2,39.98,13.6,0,0.0,0.0
2025-02-06,BCA-WAT,5,99.95,34.0,0,0.0,0.0
2025-02-06,CRE-300,9,179.91,50.4,0,0.0,0.0
2025-02-06,CRE-500,7,195.93,60.9,0,0.0,0.0
2025-02-06,OMG-3-90,1,14.99,4.9,0,0.0,0.0
2025-02-06,PRE-BRA,4,99.96,35.6,0,0.0,0.0
2025-02-06,PRE-COL,2,49.98,17.8,0,0.0,0.0
2025-02-06,PRE-FPU,2,49.98,17.8,0,0.0,0.0
2025-02-06,VEG-BER-1K,1,32.99,15.9,0,0.0,0.0
2025-02-06,VEG-CHO-1K,6,197.94,95.4,0,0.0,0.0
2025-02-06,VIT-D3-120,3,29.97,6.3,0,0.0,0.0
2025-02-06,VIT-MUL-90,4,51.96,13.6,0,0.0,0.0
2025-02-06,WHY-CHO-1K,17,509.83,342.4,15,449.85,316.8
2025-02-06,WHY-CHO-25,5,274.95,127.5,0,0.0,0.0
2025-02-06,WHY-SCA-1K,9,269.91,115.2,0,0.0,0.0
2025-02-06,WHY-STR-1K,2,59.98,25.6,0,0.0,0.0
2025-02-06,WHY-VAN-1K,7,209.93,89.6,0,0.0,0.0
2025-02-06,WHY-VAN-25,7,384.93,178.5,0,0.0,0.0
2025-02-07,ACC-SHK,3,20.97,5.1,0,0.0,0.0
2025-02-07,BAR-CHO-12,6,149.94,79.2,0,0.0,0.0
2025-02-07,BAR-PNB-12,1,24.99,13.2,0,0.0,0.0
2025-02-07,BCA-WAT,4,79.96,27.2,0,0.0,0.0
2025-02-07,CRE-300,5,99.95,28.0,0,0.0,0.0
2025-02-07,CRE-500,5,139.95,43.5,0,0.0,0.0
2025-02-07,OMG-3-90,1,14.99,4.9,0,0.0,0.0
2025-02-07,PRE-FPU,2,49.98,17.8,0,0.0,0.0
2025-02-07,VEG-CHO-1K,5,164.95,79.5,0,0.0,0.0
2025-02-07,VIT-D3-120,1,9.99,2.1,0,0.0,0.0
2025-02-07,VIT-MUL-90,2,25.98,6.8,0,0.0,0.0
2025-02-07,WHY-CHO-1K,5,149.95,105.6,5,149.95,105.6
2025-02-07,WHY-CHO-25,4,219.96,102.0,0,0.0,0.0
2025-02-07,WHY-SCA-1K,1,29.99,12.8,0,0.0,0.0
2025-02-07,WHY-STR-1K,2,59.98,25.6,0,0.0,0.0
2025-02-07,WHY-VAN-1K,4,119.96,51.2,0,0.0,0.0
2025-02-07,WHY-VAN-25,1,54.99,25.5,0,0.0,0.0
2025-02-08,BAR-CHO-12,2,49.98,26.4,0,0.0,0.0
2025-02-08,BAR-PNB-12,1,24.99,13.2,0,0.0,0.0
2025-02-08,BCA-LEM,4,79.96,27.2,0,0.0,0.0
2025-02-08,CRE-300,8,159.92,44.8,0,0.0,0.0
2025-02-08,CRE-500,1,27.99,8.7,0,0.0,0.0
2025-02-08,GAI-CHO-25,3,119.97,55.2,0,0.0,0.0
2025-02-08,OMG-3-90,2,29.98,9.8,0,0.0,0.0
2025-02-08,PRE-BRA,1,24.99,8.9,0,0.0,0.0
2025-02-08,PRE-FPU,1,24.99,8.9,0,0.0,0.0
2025-02-08,VEG-CHO-1K,1,32.99,15.9,0,0.0,0.0
2025-02-08,VIT-D3-120,2,19.98,4.2,0,0.0,0.0
2025-02-08,VIT-MUL-90,3,38.97,10.2,0,0.0,0.0
2025-02-08,WHY-CHO-1K,4,119.96,84.48,4,119.96,84.48
2025-02-08,WHY-CHO-25,4,219.96,102.0,0,0.0,0.0
2025-02-08,WHY-SCA-1K,4,119.96,51.2,0,0.0,0.0
2025-02-08,WHY-STR-1K,2,59.98,25.6,0,0.0,0.0
2025-02-08,WHY-VAN-1K,6,179.94,76.8,0,0.0,0.0
2025-02-08,WHY-VAN-25,1,54.99,25.5,0,0.0,0.0
2025-02-09,ACC-SHK,5,34.95,8.5,0,0.0,0.0
2025-02-09,BAR-CHO-12,4,99.96,52.8,0,0.0,0.0
2025-02-09,BAR-PNB-12,1,24.99,13.2,0,0.0,0.0
2025-02-09,BCA-LEM,1,19.99,6.8,0,0.0,0.0
2025-02-09,BCA-WAT,2,39.98,13.6,0,0.0,0.0
2025-02-09,CRE-300,6,119.94,33.6,0,0.0,0.0
2025-02-09,CRE-500,5,139.95,43.5,0,0.0,0.0
2025-02-09,PRE-FPU,3,74.97,26.7,0,0.0,0.0
2025-02-09,VEG-CHO-1K,2,65.98,31.8,0,0.0,0.0
2025-02-09,VIT-D3-120,2,19.98,4.2,0,0.0,0.0
2025-02-09,VIT-MUL-90,3,38.97,10.2,0,0.0,0.0
2025-02-09,WHY-CHO-1K,7,209.93,147.84,7,209.93,147.84
2025-02-09,WHY-CHO-25,3,164.97,76.5,0,0.0,0.0
2025-02-09,WHY-SCA-1K,7,209.93,89.6,0,0.0,0.0
2025-02-09,WHY-STR-1K,6,179.94,76.8,0,0.0,0.0
2025-02-09,WHY-VAN-1K,6,179.94,76.8,0,0.0,0.0
2025-02-09,WHY-VAN-25,1,54.99,25.5,0,0.0,0.0
2025-02-10,ACC-SHK,8,55.92,13.6,0,0.0,0.0
2025-02-10,BAR-CHO-12,3,74.97,39.6,0,0.0,0.0
2025-02-10,BAR-PNB-12,1,24.99,13.2,0,0.0,0.0
2025-02-10,BCA-LEM,1,19.99,6.8,0,0.0,0.0
2025-02-10,BCA-WAT,1,19.99,6.8,0,0.0,0.0
2025-02-10,CRE-300,6,119.94,33.6,0,0.0,0.0
2025-02-10,CRE-500,5,139.95,43.5,0,0.0,0.0
2025-02-10,GAI-CHO-25,1,39.99,18.4,0,0.0,0.0
2025-02-10,OMG-3-90,3,44.97,14.7,0,0.0,0.0
2025-02-10,PRE-BRA,4,99.96,35.6,0,0.0,0.0
2025-02-10,PRE-COL,1,24.99,8.9,0,0.0,0.0
2025-02-10,PRE-FPU,1,24.99,8.9,0,0.0,0.0
2025-02-10,VIT-D3-120,4,39.96,8.4,0,0.0,0.0
2025-02-10,WHY-CHO-1K,13,389.87,274.56,13,389.87,274.56
2025-02-10,WHY-CHO-25,3,164.97,76.5,0,0.0,0.0
2025-02-10,WHY-SCA-1K,6,179.94,76.8,0,0.0,0.0
2025-02-10,WHY-STR-1K,3,89.97,38.4,0,0.0,0.0
2025-02-10,WHY-VAN-1K,11,329.89,140.8,0,0.0,0.0
2025-02-10,WHY-VAN-25,2,109.98,51.0,0,0.0,0.0
2025-02-11,ACC-SHK,9,62.91,15.3,0,0.0,0.0
2025-02-11,BAR-CHO-12,2,49.98,26.4,0,0.0,0.0
2025-02-11,BAR-PNB-12,1,24.99,13.2,0,0.0,0.0
2025-02-11,CRE-300,10,199.9,56.0,0,0.0,0.0
2025-02-11,CRE-500,4,111.96,34.8,0,0.0,0.0
2025-02-11,GAI-CHO-25,2,79.98,36.8,0,0.0,0.0
2025-02-11,OMG-3-90,2,29.98,9.8,0,0.0,0.0
2025-02-11,PRE-BRA,3,74.97,26.7,0,0.0,0.0
2025-02-11,PRE-COL,1,24.99,8.9,0,0.0,0.0
2025-02-11,PRE-FPU,4,99.96,35.6,0,0.0,0.0
2025-02-11,VEG-BER-1K,1,32.99,15.9,0,0.0,0.0
2025-02-11,VIT-MUL-90,5,64.95,17.0,0,0.0,0.0
2025-02-11,WHY-CHO-1K,11,329.89,232.32,11,329.89,232.32
2025-02-11,WHY-CHO-25,2,109.98,51.0,0,0.0,0.0
2025-02-11,WHY-SCA-1K,3,89.97,38.4,0,0.0,0.0
2025-02-11,WHY-STR-1K,6,179.94,76.8,0,0.0,0.0
2025-02-11,WHY-VAN-1K,5,149.95,64.0,0,0.0,0.0
2025-02-11,WHY-VAN-25,2,109.98,51.0,0,0.0,0.0
2025-02-12,ACC-SHK,3,20.97,5.1,0,0.0,0.0
2025-02-12,BAR-CHO-12,9,224.91,118.8,0,0.0,0.0
2025-02-12,BAR-PNB-12,2,49.98,26.4,0,0.0,0.0
2025-02-12,BCA-LEM,1,19.99,6.8,0,0.0,0.0
2025-02-12,CRE-300,6,119.94,33.6,0,0.0,0.0
2025-02-12,CRE-500,2,55.98,17.4,0,0.0,0.0
2025-02-12,GAI-CHO-25,1,39.99,18.4,0,0.0,0.0
2025-02-12,PRE-BRA,1,24.99,8.9,0,0.0,0.0
2025-02-12,PRE-FPU,2,49.98,17.8,0,0.0,0.0
2025-02-12,VIT-D3-120,2,19.98,4.2,0,0.0,0.0
2025-02-12,VIT-MUL-90,3,38.97,10.2,0,0.0,0.0
2025-02-12,WHY-CHO-1K,10,299.9,211.2,10,299.9,211.2
2025-02-12,WHY-CHO-25,4,219.96,102.0,0,0.0,0.0
2025-02-12,WHY-SCA-1K,2,59.98,25.6,0,0.0,0.0
2025-02-12,WHY-STR-1K,2,59.98,25.6,0,0.0,0.0
2025-02-12,WHY-VAN-1K,4,119.96,51.2,0,0.0,0.0
2025-02-12,WHY-VAN-25,3,164.97,76.5,0,0.0,0.0
2025-02-13,ACC-SHK,6,41.94,10.2,0,0.0,0.0
2025-02-13,BAR-PNB-12,1,24.99,13.2,0,0.0,0.0
2025-02-13,BCA-LEM,2,39.98,13.6,0,0.0,0.0
2025-02-13,CRE-300,5,99.95,28.0,0,0.0,0.0
2025-02-13,CRE-500,4,111.96,34.8,0,0.0,0.0
2025-02-13,OMG-3-90,3,44.97,14.7,0,0.0,0.0
2025-02-13,PRE-BRA,3,74.97,26.7,0,0.0,0.0
2025-02-13,PRE-COL,1,24.99,8.9,0,0.0,0.0
2025-02-13,PRE-FPU,3,74.97,26.7,0,0.0,0.0
2025-02-13,VEG-BER-1K,3,98.97,47.7,0,0.0,0.0
2025-02-13,VEG-CHO-1K,2,65.98,31.8,0,0.0,0.0
2025-02-13,VIT-D3-120,4,39.96,8.4,0,0.0,0.0
2025-02-13,VIT-MUL-90,6,77.94,20.4,0,0.0,0.0
2025-02-13,WHY-CHO-1K,9,269.91,190.08,9,269.91,190.08
2025-02-13,WHY-CHO-25,5,274.95,127.5,0,0.0,0.0
2025-02-13,WHY-SCA-1K,2,59.98,25.6,0,0.0,0.0
2025-02-13,WHY-STR-1K,4,119.96,51.2,0,0.0,0.0
2025-02-13,WHY-VAN-1K,6,179.94,76.8,0,0.0,0.0
2025-02-14,BAR-CHO-12,4,99.96,52.8,0,0.0,0.0
2025-02-14,BAR-PNB-12,1,24.99,13.2,0,0.0,0.0
2025-02-14,BCA-LEM,1,19.99,6.8,0,0.0,0.0
2025-02-14,CRE-300,9,179.91,50.4,0,0.0,0.0
2025-02-14,CRE-500,3,83.97,26.1,0,0.0,0.0
2025-02-14,GAI-CHO-25,1,39.99,18.4,0,0.0,0.0
2025-02-14,OMG-3-90,2,29.98,9.8,0,0.0,0.0
2025-02-14,PRE-BRA,4,99.96,35.6,0,0.0,0.0
2025-02-14,PRE-FPU,5,124.95,44.5,0,0.0,0.0
2025-02-14,VIT-D3-120,4,39.96,8.4,0,0.0,0.0
2025-02-14,VIT-MUL-90,3,38.97,10.2,0,0.0,0.0
2025-02-14,WHY-CHO-1K,6,179.94,126.72,6,179.94,126.72
2025-02-14,WHY-CHO-25,1,54.99,25.5,0,0.0,0.0
2025-02-14,WHY-SCA-1K,1,29.99,12.8,0,0.0,0.0
2025-02-14,WHY-STR-1K,4,119.96,51.2,0,0.0,0.0
2025-02-14,WHY-VAN-1K,5,149.95,64.0,0,0.0,0.0
2025-02-14,WHY-VAN-25,1,54.99,25.5,0,0.0,0.0
2025-02-15,ACC-SHK,2,13.98,3.4,0,0.0,0.0
2025-02-15,BAR-CHO-12,3,74.97,39.6,0,0.0,0.0
2025-02-15,BAR-PNB-12,2,49.98,26.4,0,0.0,0.0
2025-02-15,BCA-LEM,2,39.98,13.6,0,0.0,0.0
2025-02-15,CRE-300,3,59.97,16.8,0,0.0,0.0
2025-02-15,CRE-500,10,279.9,87.0,0,0.0,0.0
2025-02-15,GAI-CHO-25,1,39.99,18.4,0,0.0,0.0
2025-02-15,OMG-3-90,1,14.99,4.9,0,0.0,0.0
2025-02-15,PRE-FPU,1,24.99,8.9,0,0.0,0.0
2025-02-15,VEG-BER-1K,1,32.99,15.9,0,0.0,0.0
2025-02-15,VEG-CHO-1K,1,32.99,15.9,0,0.0,0.0
2025-02-15,VIT-D3-120,2,19.98,4.2,0,0.0,0.0
2025-02-15,VIT-MUL-90,1,12.99,3.4,0,0.0,0.0
2025-02-15,WHY-CHO-1K,6,179.94,126.72,6,179.94,126.72
2025-02-15,WHY-CHO-25,1,54.99,25.5,0,0.0,0.0
2025-02-15,WHY-SCA-1K,2,59.98,25.6,0,0.0,0.0
2025-02-15,WHY-STR-1K,7,209.93,89.6,0,0.0,0.0
2025-02-15,WHY-VAN-1K,2,59.98,25.6,0,0.0,0.0
2025-02-15,WHY-VAN-25,2,109.98,51.0,0,0.0,0.0
2025-02-16,ACC-SHK,5,34.95,8.5,0,0.0,0.0
2025-02-16,BAR-CHO-12,4,99.96,52.8,0,0.0,0.0
2025-02-16,BAR-PNB-12,2,49.98,26.4,0,0.0,0.0
2025-02-16,BCA-LEM,2,39.98,13.6,0,0.0,0.0
2025-02-16,CRE-300,3,59.97,16.8,0,0.0,0.0
2025-02-16,CRE-500,2,55.98,17.4,0,0.0,0.0
2025-02-16,GAI-CHO-25,1,39.99,18.4,0,0.0,0.0
2025-02-16,OMG-3-90,3,44.97,14.7,0,0.0,0.0
2025-02-16,PRE-BRA,1,24.99,8.9,0,0.0,0.0
2025-02-16,PRE-FPU,3,74.97,26.7,0,0.0,0.0
2025-02-16,VEG-BER-1K,1,32.99,15.9,0,0.0,0.0
2025-02-16,VIT-D3-120,3,29.97,6.3,0,0.0,0.0
2025-02-16,VIT-MUL-90,2,25.98,6.8,0,0.0,0.0
2025-02-16,WHY-CHO-1K,3,89.97,63.36,3,89.97,63.36
2025-02-16,WHY-CHO-25,3,164.97,76.5,0,0.0,0.0
2025-02-16,WHY-SCA-1K,1,29.99,12.8,0,0.0,0.0
2025-02-16,WHY-STR-1K,4,119.96,51.2,0,0.0,0.0
2025-02-16,WHY-VAN-1K,5,149.95,64.0,0,0.0,0.0
2025-02-16,WHY-VAN-25,1,54.99,25.5,0,0.0,0.0
2025-02-17,ACC-SHK,4,27.96,6.8,0,0.0,0.0
2025-02-17,BAR-CHO-12,1,24.99,13.2,0,0.0,0.0
2025-02-17,BAR-PNB-12,1,24.99,13.2,0,0.0,0.0
2025-02-17,BCA-WAT,4,79.96,27.2,0,0.0,0.0
2025-02-17,CRE-300,4,79.96,22.4,0,0.0,0.0
2025-02-17,CRE-500,2,55.98,17.4,0,0.0,0.0
2025-02-17,GAI-CHO-25,1,39.99,18.4,0,0.0,0.0
2025-02-17,OMG-3-90,1,14.99,4.9,0,0.0,0.0
2025-02-17,PRE-BRA,1,24.99,8.9,0,0.0,0.0
2025-02-17,PRE-COL,1,24.99,8.9,0,0.0,0.0
2025-02-17,PRE-FPU,1,24.99,8.9,0,0.0,0.0
2025-02-17,VEG-BER-1K,2,65.98,31.8,0,0.0,0.0
2025-02-17,VIT-D3-120,1,9.99,2.1,0,0.0,0.0
2025-02-17,VIT-MUL-90,4,51.96,13.6,0,0.0,0.0
2025-02-17,WHY-CHO-1K,9,269.91,190.08,9,269.91,190.08
2025-02-17,WHY-CHO-25,3,164.97,76.5,0,0.0,0.0
2025-02-17,WHY-STR-1K,3,89.97,38.4,0,0.0,0.0
2025-02-17,WHY-VAN-1K,7,209.93,89.6,0,0.0,0.0
2025-02-17,WHY-VAN-25,4,219.96,102.0,0,0.0,0.0
2025-02-18,ACC-SHK,5,34.95,8.5,0,0.0,0.0
2025-02-18,BAR-CHO-12,3,74.97,39.6,0,0.0,0.0
2025-02-18,BAR-PNB-12,2,49.98,26.4,0,0.0,0.0
2025-02-18,BCA-LEM,3,59.97,20.4,0,0.0,0.0
2025-02-18,BCA-WAT,1,19.99,6.8,0,0.0,0.0
2025-02-18,CRE-300,5,99.95,28.0,0,0.0,0.0
2025-02-18,CRE-500,3,83.97,26.1,0,0.0,0.0
2025-02-18,GAI-CHO-25,2,79.98,36.8,0,0.0,0.0
2025-02-18,OMG-3-90,2,29.98,9.8,0,0.0,0.0
2025-02-18,PRE-BRA,3,74.97,26.7,0,0.0,0.0
2025-02-18,PRE-FPU,1,24.99,8.9,0,0.0,0.0
2025-02-18,VEG-CHO-1K,3,98.97,47.7,0,0.0,0.0
2025-02-18,VIT-D3-120,4,39.96,8.4,0,0.0,0.0
2025-02-18,WHY-CHO-1K,6,179.94,126.72,6,179.94,126.72
2025-02-18,WHY-CHO-25,8,439.92,204.0,0,0.0,0.0
2025-02-18,WHY-SCA-1K,6,179.94,76.8,0,0.0,0.0
2025-02-18,WHY-STR-1K,5,149.95,64.0,0,0.0,0.0
2025-02-18,WHY-VAN-1K,6,179.94,76.8,0,0.0,0.0
2025-02-18,WHY-VAN-25,2,109.98,51.0,0,0.0,0.0
2025-02-19,ACC-SHK,4,27.96,6.8,0,0.0,0.0
2025-02-19,BAR-CHO-12,1,24.99,13.2,0,0.0,0.0
2025-02-19,BCA-WAT,2,39.98,13.6,0,0.0,0.0
2025-02-19,CRE-300,7,139.93,39.2,0,0.0,0.0
2025-02-19,CRE-500,2,55.98,17.4,0,0.0,0.0
2025-02-19,OMG-3-90,3,44.97,14.7,0,0.0,0.0
2025-02-19,PRE-BRA,2,49.98,17.8,0,0.0,0.0
2025-02-19,PRE-COL,2,49.98,17.8,0,0.0,0.0
2025-02-19,PRE-FPU,4,99.96,35.6,0,0.0,0.0
2025-02-19,VEG-CHO-1K,2,65.98,31.8,0,0.0,0.0
2025-02-19,VIT-D3-120,3,29.97,6.3,0,0.0,0.0
2025-02-19,VIT-MUL-90,1,12.99,3.4,0,0.0,0.0
2025-02-19,WHY-CHO-1K,7,209.93,89.6,0,0.0,0.0
2025-02-19,WHY-CHO-25,1,54.99,25.5,0,0.0,0.0
2025-02-19,WHY-SCA-1K,5,149.95,64.0,0,0.0,0.0
2025-02-19,WHY-STR-1K,4,119.96,51.2,0,0.0,0.0
2025-02-19,WHY-VAN-1K,1,29.99,12.8,0,0.0,0.0
2025-02-19,WHY-VAN-25,1,54.99,25.5,0,0.0,0.0
2025-02-20,ACC-SHK,5,34.95,8.5,0,0.0,0.0
2025-02-20,BAR-CHO-12,4,99.96,52.8,0,0.0,0.0
2025-02-20,BCA-LEM,1,19.99,6.8,0,0.0,0.0
2025-02-20,BCA-WAT,1,19.99,6.8,0,0.0,0.0
2025-02-20,CRE-300,11,219.89,61.6,0,0.0,0.0
2025-02-20,CRE-500,7,195.93,60.9,0,0.0,0.0
2025-02-20,GAI-CHO-25,3,119.97,55.2,0,0.0,0.0
2025-02-20,OMG-3-90,1,14.99,4.9,0,0.0,0.0
2025-02-20,PRE-BRA,6,149.94,53.4,0,0.0,0.0
2025-02-20,PRE-FPU,4,99.96,35.6,0,0.0,0.0
2025-02-20,VEG-BER-1K,1,32.99,15.9,0,0.0,0.0
2025-02-20,VEG-CHO-1K,3,98.97,47.7,0,0.0,0.0
2025-02-20,VIT-D3-120,5,49.95,10.5,0,0.0,0.0
2025-02-20,VIT-MUL-90,9,116.91,30.6,0,0.0,0.0
2025-02-20,WHY-CHO-1K,23,689.77,294.4,0,0.0,0.0
2025-02-20,WHY-CHO-25,4,219.96,102.0,0,0.0,0.0
2025-02-20,WHY-SCA-1K,8,239.92,102.4,0,0.0,0.0
2025-02-20,WHY-STR-1K,2,59.98,25.6,0,0.0,0.0
2025-02-20,WHY-VAN-1K,14,419.86,179.2,0,0.0,0.0
2025-02-20,WHY-VAN-25,5,274.95,127.5,0,0.0,0.0
2025-02-21,ACC-SHK,5,34.95,8.5,0,0.0,0.0
2025-02-21,BAR-CHO-12,2,49.98,26.4,0,0.0,0.0
2025-02-21,BAR-PNB-12,3,74.97,39.6,0,0.0,0.0
2025-02-21,BCA-LEM,3,59.97,20.4,0,0.0,0.0
2025-02-21,CRE-300,7,139.93,39.2,0,0.0,0.0
2025-02-21,CRE-500,7,195.93,60.9,0,0.0,0.0
2025-02-21,GAI-CHO-25,2,79.98,36.8,0,0.0,0.0
2025-02-21,OMG-3-90,3,44.97,14.7,0,0.0,0.0
2025-02-21,PRE-BRA,1,24.99,8.9,0,0.0,0.0
2025-02-21,PRE-COL,2,49.98,17.8,0,0.0,0.0
2025-02-21,PRE-FPU,1,24.99,8.9,0,0.0,0.0
2025-02-21,VEG-CHO-1K,1,32.99,15.9,0,0.0,0.0
2025-02-21,VIT-D3-120,2,19.98,4.2,0,0.0,0.0
2025-02-21,VIT-MUL-90,3,38.97,10.2,0,0.0,0.0
2025-02-21,WHY-CHO-1K,10,299.9,128.0,0,0.0,0.0
2025-02-21,WHY-CHO-25,4,219.96,102.0,0,0.0,0.0
2025-02-21,WHY-SCA-1K,3,89.97,38.4,0,0.0,0.0
2025-02-21,WHY-STR-1K,2,59.98,25.6,0,0.0,0.0
2025-02-21,WHY-VAN-1K,9,269.91,115.2,0,0.0,0.0
2025-02-21,WHY-VAN-25,3,164.97,76.5,0,0.0,0.0
2025-02-22,ACC-SHK,6,41.94,10.2,0,0.0,0.0
2025-02-22,BAR-CHO-12,1,24.99,13.2,0,0.0,0.0
2025-02-22,BCA-LEM,3,59.97,20.4,0,0.0,0.0
2025-02-22,CRE-300,6,119.94,33.6,0,0.0,0.0
2025-02-22,CRE-500,2,55.98,17.4,0,0.0,0.0
2025-02-22,OMG-3-90,1,14.99,4.9,0,0.0,0.0
2025-02-22,PRE-BRA,5,124.95,44.5,0,0.0,0.0
2025-02-22,PRE-COL,1,24.99,8.9,0,0.0,0.0
2025-02-22,PRE-FPU,4,99.96,35.6,0,0.0,0.0
2025-02-22,VEG-CHO-1K,1,32.99,15.9,0,0.0,0.0
2025-02-22,VIT-D3-120,2,19.98,4.2,0,0.0,0.0
2025-02-22,VIT-MUL-90,2,25.98,6.8,0,0.0,0.0
2025-02-22,WHY-CHO-1K,13,389.87,166.4,0,0.0,0.0
2025-02-22,WHY-CHO-25,1,54.99,25.5,0,0.0,0.0
2025-02-22,WHY-SCA-1K,5,149.95,64.0,0,0.0,0.0
2025-02-22,WHY-STR-1K,3,89.97,38.4,0,0.0,0.0
2025-02-22,WHY-VAN-1K,6,179.94,76.8,0,0.0,0.0
2025-02-22,WHY-VAN-25,1,54.99,25.5,0,0.0,0.0
2025-02-23,ACC-SHK,1,6.99,1.7,0,0.0,0.0
2025-02-23,BAR-CHO-12,2,49.98,26.4,0,0.0,0.0
2025-02-23,BAR-PNB-12,1,24.99,13.2,0,0.0,0.0
2025-02-23,BCA-LEM,1,19.99,6.8,0,0.0,0.0
2025-02-23,CRE-300,5,99.95,28.0,0,0.0,0.0
2025-02-23,CRE-500,5,139.95,43.5,0,0.0,0.0
2025-02-23,GAI-CHO-25,1,39.99,18.4,0,0.0,0.0
2025-02-23,OMG-3-90,2,29.98,9.8,0,0.0,0.0
2025-02-23,PRE-BRA,3,74.97,26.7,0,0.0,0.0
2025-02-23,PRE-FPU,3,74.97,26.7,0,0.0,0.0
2025-02-23,VIT-MUL-90,3,38.97,10.2,0,0.0,0.0
2025-02-23,WHY-CHO-1K,10,299.9,128.0,0,0.0,0.0
2025-02-23,WHY-CHO-25,1,54.99,25.5,0,0.0,0.0
2025-02-23,WHY-SCA-1K,3,89.97,38.4,0,0.0,0.0
2025-02-23,WHY-STR-1K,1,29.99,12.8,0,0.0,0.0
2025-02-23,WHY-VAN-1K,2,59.98,25.6,0,0.0,0.0
2025-02-24,ACC-SHK,5,34.95,8.5,0,0.0,0.0
2025-02-24,BAR-CHO-12,2,49.98,26.4,0,0.0,0.0
2025-02-24,BAR-PNB-12,3,74.97,39.6,0,0.0,0.0
2025-02-24,BCA-LEM,5,99.95,34.0,0,0.0,0.0
2025-02-24,BCA-WAT,5,99.95,34.0,0,0.0,0.0
2025-02-24,CRE-300,8,159.92,44.8,0,0.0,0.0
2025-02-24,CRE-500,2,55.98,17.4,0,0.0,0.0
2025-02-24,OMG-3-90,2,29.98,9.8,0,0.0,0.0
2025-02-24,PRE-BRA,2,49.98,17.8,0,0.0,0.0
2025-02-24,PRE-FPU,7,174.93,62.3,0,0.0,0.0
2025-02-24,VIT-D3-120,6,59.94,12.6,0,0.0,0.0
2025-02-24,VIT-MUL-90,4,51.96,13.6,0,0.0,0.0
2025-02-24,WHY-CHO-1K,17,509.83,217.6,0,0.0,0.0
2025-02-24,WHY-CHO-25,6,329.94,153.0,0,0.0,0.0
2025-02-24,WHY-SCA-1K,2,59.98,25.6,0,0.0,0.0
2025-02-24,WHY-STR-1K,1,29.99,12.8,0,0.0,0.0
2025-02-24,WHY-VAN-1K,3,89.97,38.4,0,0.0,0.0
2025-02-24,WHY-VAN-25,1,54.99,25.5,0,0.0,0.0
2025-02-25,ACC-SHK,6,41.94,10.2,0,0.0,0.0
2025-02-25,BAR-CHO-12,6,149.94,79.2,0,0.0,0.0
2025-02-25,BAR-PNB-12,2,49.98,26.4,0,0.0,0.0
2025-02-25,BCA-LEM,2,39.98,13.6,0,0.0,0.0
2025-02-25,CRE-300,8,159.92,44.8,0,0.0,0.0
2025-02-25,CRE-500,2,55.98,17.4,0,0.0,0.0
2025-02-25,GAI-CHO-25,2,79.98,36.8,0,0.0,0.0
2025-02-25,OMG-3-90,2,29.98,9.8,0,0.0,0.0
2025-02-25,PRE-BRA,1,24.99,8.9,0,0.0,0.0
2025-02-25,PRE-FPU,2,49.98,17.8,0,0.0,0.0
2025-02-25,VEG-CHO-1K,1,32.99,15.9,0,0.0,0.0
2025-02-25,VIT-D3-120,3,29.97,6.3,0,0.0,0.0
2025-02-25,VIT-MUL-90,5,64.95,17.0,0,0.0,0.0
2025-02-25,WHY-CHO-1K,15,449.85,192.0,0,0.0,0.0
2025-02-25,WHY-CHO-25,3,164.97,76.5,0,0.0,0.0
2025-02-25,WHY-SCA-1K,3,89.97,38.4,0,0.0,0.0
2025-02-25,WHY-STR-1K,2,59.98,25.6,0,0.0,0.0
2025-02-25,WHY-VAN-1K,3,89.97,38.4,0,0.0,0.0
2025-02-25,WHY-VAN-25,1,54.99,25.5,0,0.0,0.0
2025-02-26,ACC-SHK,6,41.94,10.2,0,0.0,0.0
2025-02-26,BAR-CHO-12,1,24.99,13.2,0,0.0,0.0
2025-02-26,BAR-PNB-12,4,99.96,52.8,0,0.0,0.0
2025-02-26,BCA-LEM,3,59.97,20.4,0,0.0,0.0
2025-02-26,BCA-WAT,1,19.99,6.8,0,0.0,0.0
2025-02-26,CRE-300,10,199.9,56.0,0,0.0,0.0
2025-02-26,CRE-500,5,139.95,43.5,0,0.0,0.0
2025-02-26,GAI-CHO-25,1,39.99,18.4,0,0.0,0.0
2025-02-26,OMG-3-90,1,14.99,4.9,0,0.0,0.0
2025-02-26,PRE-BRA,1,24.99,8.9,0,0.0,0.0
2025-02-26,PRE-FPU,7,174.93,62.3,0,0.0,0.0
2025-02-26,VEG-BER-1K,1,32.99,15.9,0,0.0,0.0
2025-02-26,VEG-CHO-1K,2,65.98,31.8,0,0.0,0.0
2025-02-26,VIT-D3-120,4,39.96,8.4,0,0.0,0.0
2025-02-26,VIT-MUL-90,3,38.97,10.2,0,0.0,0.0
2025-02-26,WHY-CHO-1K,10,299.9,128.0,0,0.0,0.0
2025-02-26,WHY-CHO-25,8,439.92,204.0,0,0.0,0.0
2025-02-26,WHY-SCA-1K,3,89.97,38.4,0,0.0,0.0
2025-02-26,WHY-STR-1K,4,119.96,51.2,0,0.0,0.0
2025-02-26,WHY-VAN-1K,4,119.96,51.2,0,0.0,0.0
2025-02-27,ACC-SHK,6,41.94,10.2,0,0.0,0.0
2025-02-27,BAR-CHO-12,10,249.9,132.0,0,0.0,0.0
2025-02-27,BAR-PNB-12,2,49.98,26.4,0,0.0,0.0
2025-02-27,BCA-LEM,2,39.98,13.6,0,0.0,0.0
2025-02-27,BCA-WAT,3,59.97,20.4,0,0.0,0.0
2025-02-27,CRE-300,13,259.87,72.8,0,0.0,0.0
2025-02-27,CRE-500,2,55.98,17.4,0,0.0,0.0
2025-02-27,OMG-3-90,2,29.98,9.8,0,0.0,0.0
2025-02-27,PRE-BRA,4,99.96,35.6,0,0.0,0.0
2025-02-27,PRE-COL,1,24.99,8.9,0,0.0,0.0
2025-02-27,PRE-FPU,2,49.98,17.8,0,0.0,0.0
2025-02-27,VEG-CHO-1K,5,164.95,79.5,0,0.0,0.0
2025-02-27,VIT-D3-120,1,9.99,2.1,0,0.0,0.0
2025-02-27,VIT-MUL-90,2,25.98,6.8,0,0.0,0.0
2025-02-27,WHY-CHO-1K,10,299.9,128.0,0,0.0,0.0
2025-02-27,WHY-CHO-25,7,384.93,178.5,0,0.0,0.0
2025-02-27,WHY-SCA-1K,6,179.94,76.8,0,0.0,0.0
2025-02-27,WHY-STR-1K,5,149.95,64.0,0,0.0,0.0
2025-02-27,WHY-VAN-1K,11,329.89,140.8,0,0.0,0.0
2025-02-27,WHY-VAN-25,7,384.93,178.5,0,0.0,0.0
2025-02-28,ACC-SHK,4,27.96,6.8,0,0.0,0.0
2025-02-28,BCA-LEM,5,99.95,34.0,0,0.0,0.0
2025-02-28,BCA-WAT,2,39.98,13.6,0,0.0,0.0
2025-02-28,CRE-300,2,39.98,11.2,0,0.0,0.0
2025-02-28,CRE-500,5,139.95,43.5,0,0.0,0.0
2025-02-28,PRE-BRA,2,49.98,17.8,0,0.0,0.0
2025-02-28,PRE-COL,1,24.99,8.9,0,0.0,0.0
2025-02-28,PRE-FPU,4,99.96,35.6,0,0.0,0.0
2025-02-28,VEG-BER-1K,1,32.99,15.9,0,0.0,0.0
2025-02-28,VEG-CHO-1K,3,98.97,47.7,0,0.0,0.0
2025-02-28,VIT-D3-120,1,9.99,2.1,0,0.0,0.0
2025-02-28,VIT-MUL-90,3,38.97,10.2,0,0.0,0.0
2025-02-28,WHY-CHO-1K,6,179.94,76.8,0,0.0,0.0
2025-02-28,WHY-CHO-25,5,274.95,127.5,0,0.0,0.0
2025-02-28,WHY-SCA-1K,4,119.96,51.2,0,0.0,0.0
2025-02-28,WHY-STR-1K,4,119.96,51.2,0,0.0,0.0
2025-02-28,WHY-VAN-1K,6,179.94,76.8,0,0.0,0.0
2025-02-28,WHY-VAN-25,3,164.97,76.5,0,0.0,0.0
2025-03-01,ACC-SHK,2,13.98,3.4,0,0.0,0.0
2025-03-01,BAR-CHO-12,6,149.94,79.2,0,0.0,0.0
2025-03-01,BAR-PNB-12,4,99.96,52.8,0,0.0,0.0
2025-03-01,BCA-LEM,1,19.99,6.8,0,0.0,0.0
2025-03-01,BCA-WAT,2,39.98,13.6,0,0.0,0.0
2025-03-01,CRE-300,6,119.94,33.6,0,0.0,0.0
2025-03-01,CRE-500,1,27.99,8.7,0,0.0,0.0
2025-03-01,GAI-CHO-25,1,39.99,18.4,0,0.0,0.0
2025-03-01,PRE-BRA,2,49.98,17.8,0,0.0,0.0
2025-03-01,VIT-D3-120,2,19.98,4.2,0,0.0,0.0
2025-03-01,VIT-MUL-90,1,12.99,3.4,0,0.0,0.0
2025-03-01,WHY-CHO-1K,10,299.9,128.0,0,0.0,0.0
2025-03-01,WHY-CHO-25,2,109.98,51.0,0,0.0,0.0
2025-03-01,WHY-VAN-1K,6,179.94,76.8,0,0.0,0.0
2025-03-02,ACC-SHK,3,20.97,5.1,0,0.0,0.0
2025-03-02,BAR-CHO-12,2,49.98,26.4,0,0.0,0.0
2025-03-02,BAR-PNB-12,1,24.99,13.2,0,0.0,0.0
2025-03-02,CRE-300,4,79.96,22.4,0,0.0,0.0
2025-03-02,CRE-500,2,55.98,17.4,0,0.0,0.0
2025-03-02,GAI-CHO-25,2,79.98,36.8,0,0.0,0.0
2025-03-02,OMG-3-90,6,89.94,29.4,0,0.0,0.0
2025-03-02,PRE-BRA,1,24.99,8.9,0,0.0,0.0
2025-03-02,PRE-FPU,2,49.98,17.8,0,0.0,0.0
2025-03-02,VEG-CHO-1K,3,98.97,47.7,0,0.0,0.0
2025-03-02,WHY-CHO-1K,5,149.95,64.0,0,0.0,0.0
2025-03-02,WHY-CHO-25,3,164.97,76.5,0,0.0,0.0
2025-03-02,WHY-SCA-1K,2,59.98,25.6,0,0.0,0.0
2025-03-02,WHY-STR-1K,4,119.96,51.2,0,0.0,0.0
2025-03-02,WHY-VAN-1K,6,179.94,76.8,0,0.0,0.0
2025-03-02,WHY-VAN-25,1,54.99,25.5,0,0.0,0.0
2025-03-03,ACC-SHK,4,27.96,6.8,0,0.0,0.0
2025-03-03,BAR-CHO-12,4,99.96,52.8,0,0.0,0.0
2025-03-03,BAR-PNB-12,4,99.96,52.8,0,0.0,0.0
2025-03-03,BCA-WAT,6,119.94,40.8,0,0.0,0.0
2025-03-03,CRE-300,6,119.94,33.6,0,0.0,0.0
2025-03-03,CRE-500,2,55.98,17.4,0,0.0,0.0
2025-03-03,GAI-CHO-25,1,39.99,18.4,0,0.0,0.0
2025-03-03,PRE-BRA,2,49.98,17.8,0,0.0,0.0
2025-03-03,PRE-COL,1,24.99,8.9,0,0.0,0.0
2025-03-03,PRE-FPU,5,124.95,44.5,0,0.0,0.0
2025-03-03,VEG-CHO-1K,1,32.99,15.9,0,0.0,0.0
2025-03-03,VIT-D3-120,1,9.99,2.1,0,0.0,0.0
2025-03-03,VIT-MUL-90,4,51.96,13.6,0,0.0,0.0
2025-03-03,WHY-CHO-1K,6,179.94,76.8,0,0.0,0.0
2025-03-03,WHY-CHO-25,4,219.96,102.0,0,0.0,0.0
2025-03-03,WHY-SCA-1K,1,29.99,12.8,0,0.0,0.0
2025-03-03,WHY-STR-1K,3,89.97,38.4,0,0.0,0.0
2025-03-03,WHY-VAN-1K,3,89.97,38.4,0,0.0,0.0
2025-03-04,ACC-SHK,2,13.98,3.4,0,0.0,0.0
2025-03-04,BAR-CHO-12,4,99.96,52.8,0,0.0,0.0
2025-03-04,BAR-PNB-12,3,74.97,39.6,0,0.0,0.0
2025-03-04,BCA-LEM,3,59.97,20.4,0,0.0,0.0
2025-03-04,CRE-300,5,99.95,28.0,0,0.0,0.0
2025-03-04,CRE-500,4,111.96,34.8,0,0.0,0.0
2025-03-04,PRE-BRA,2,49.98,17.8,0,0.0,0.0
2025-03-04,PRE-FPU,3,74.97,26.7,0,0.0,0.0
2025-03-04,VEG-BER-1K,3,98.97,47.7,0,0.0,0.0
2025-03-04,VEG-CHO-1K,4,131.96,63.6,0,0.0,0.0
2025-03-04,VIT-D3-120,3,29.97,6.3,0,0.0,0.0
2025-03-04,VIT-MUL-90,4,51.96,13.6,0,0.0,0.0
2025-03-04,WHY-CHO-1K,7,209.93,89.6,0,0.0,0.0
2025-03-04,WHY-CHO-25,4,219.96,102.0,0,0.0,0.0
2025-03-04,WHY-SCA-1K,2,59.98,25.6,0,0.0,0.0
2025-03-04,WHY-STR-1K,5,149.95,64.0,0,0.0,0.0
2025-03-04,WHY-VAN-1K,6,179.94,76.8,0,0.0,0.0
2025-03-04,WHY-VAN-25,1,54.99,25.5,0,0.0,0.0
2025-03-05,ACC-SHK,2,13.98,3.4,0,0.0,0.0
2025-03-05,BAR-PNB-12,1,24.99,13.2,0,0.0,0.0
2025-03-05,BCA-LEM,5,99.95,34.0,0,0.0,0.0
2025-03-05,BCA-WAT,2,39.98,13.6,0,0.0,0.0
2025-03-05,CRE-300,9,179.91,50.4,0,0.0,0.0
2025-03-05,GAI-CHO-25,1,39.99,18.4,0,0.0,0.0
2025-03-05,OMG-3-90,4,59.96,19.6,0,0.0,0.0
2025-03-05,PRE-BRA,6,149.94,53.4,0,0.0,0.0
2025-03-05,PRE-COL,1,24.99,8.9,0,0.0,0.0
2025-03-05,PRE-FPU,1,24.99,8.9,0,0.0,0.0
2025-03-05,VEG-CHO-1K,2,65.98,31.8,0,0.0,0.0
2025-03-05,VIT-D3-120,1,9.99,2.1,0,0.0,0.0
2025-03-05,WHY-CHO-1K,5,149.95,64.0,0,0.0,0.0
2025-03-05,WHY-CHO-25,1,54.99,25.5,0,0.0,0.0
2025-03-05,WHY-STR-1K,4,119.96,51.2,0,0.0,0.0
2025-03-05,WHY-VAN-1K,2,59.98,25.6,0,0.0,0.0
2025-03-05,WHY-VAN-25,2,109.98,51.0,0,0.0,0.0
2025-03-06,ACC-SHK,8,55.92,13.6,0,0.0,0.0
2025-03-06,BAR-CHO-12,6,149.94,79.2,0,0.0,0.0
2025-03-06,BAR-PNB-12,2,49.98,26.4,0,0.0,0.0
2025-03-06,BCA-LEM,2,39.98,13.6,0,0.0,0.0
2025-03-06,BCA-WAT,4,79.96,27.2,0,0.0,0.0
2025-03-06,CRE-300,10,199.9,56.0,0,0.0,0.0
2025-03-06,CRE-500,5,139.95,43.5,0,0.0,0.0
2025-03-06,GAI-CHO-25,3,119.97,55.2,0,0.0,0.0
2025-03-06,OMG-3-90,3,44.97,14.7,0,0.0,0.0
2025-03-06,PRE-BRA,5,124.95,44.5,0,0.0,0.0
2025-03-06,PRE-COL,1,24.99,8.9,0,0.0,0.0
2025-03-06,PRE-FPU,3,74.97,26.7,0,0.0,0.0
2025-03-06,VEG-BER-1K,1,32.99,15.9,0,0.0,0.0
2025-03-06,VEG-CHO-1K,4,131.96,63.6,0,0.0,0.0
2025-03-06,VIT-D3-120,3,29.97,6.3,0,0.0,0.0
2025-03-06,VIT-MUL-90,4,51.96,13.6,0,0.0,0.0
2025-03-06,WHY-CHO-1K,7,209.93,89.6,0,0.0,0.0
2025-03-06,WHY-CHO-25,7,384.93,178.5,0,0.0,0.0
2025-03-06,WHY-SCA-1K,3,89.97,38.4,0,0.0,0.0
2025-03-06,WHY-STR-1K,10,299.9,128.0,0,0.0,0.0
2025-03-06,WHY-VAN-1K,11,329.89,140.8,0,0.0,0.0
2025-03-06,WHY-VAN-25,8,439.92,204.0,0,0.0,0.0
2025-03-07,ACC-SHK,3,20.97,5.1,0,0.0,0.0
2025-03-07,BAR-CHO-12,2,49.98,26.4,0,0.0,0.0
2025-03-07,BAR-PNB-12,1,24.99,13.2,0,0.0,0.0
2025-03-07,CRE-300,4,79.96,22.4,0,0.0,0.0
2025-03-07,CRE-500,1,27.99,8.7,0,0.0,0.0
2025-03-07,OMG-3-90,1,14.99,4.9,0,0.0,0.0
2025-03-07,PRE-BRA,2,49.98,17.8,0,0.0,0.0
2025-03-07,PRE-COL,1,24.99,8.9,0,0.0,0.0
2025-03-07,PRE-FPU,2,49.98,17.8,0,0.0,0.0
2025-03-07,VEG-CHO-1K,1,32.99,15.9,0,0.0,0.0
2025-03-07,VIT-D3-120,4,39.96,8.4,0,0.0,0.0
2025-03-07,VIT-MUL-90,2,25.98,6.8,0,0.0,0.0
2025-03-07,WHY-CHO-1K,5,149.95,64.0,0,0.0,0.0
2025-03-07,WHY-SCA-1K,3,89.97,38.4,0,0.0,0.0
2025-03-07,WHY-STR-1K,3,89.97,38.4,0,0.0,0.0
2025-03-07,WHY-VAN-1K,4,119.96,51.2,0,0.0,0.0
2025-03-07,WHY-VAN-25,1,54.99,25.5,0,0.0,0.0
2025-03-08,ACC-SHK,3,20.97,5.1,0,0.0,0.0
2025-03-08,BAR-CHO-12,2,49.98,26.4,0,0.0,0.0
2025-03-08,BAR-PNB-12,2,49.98,26.4,0,0.0,0.0
2025-03-08,BCA-WAT,1,19.99,6.8,0,0.0,0.0
2025-03-08,CRE-300,2,39.98,11.2,0,0.0,0.0
2025-03-08,CRE-500,1,27.99,8.7,0,0.0,0.0
2025-03-08,GAI-CHO-25,2,79.98,36.8,0,0.0,0.0
2025-03-08,OMG-3-90,1,14.99,4.9,0,0.0,0.0
2025-03-08,PRE-BRA,1,24.99,8.9,0,0.0,0.0
2025-03-08,PRE-COL,1,24.99,8.9,0,0.0,0.0
2025-03-08,PRE-FPU,3,74.97,26.7,0,0.0,0.0
2025-03-08,VEG-CHO-1K,3,98.97,47.7,0,0.0,0.0
2025-03-08,VIT-D3-120,4,39.96,8.4,0,0.0,0.0
2025-03-08,VIT-MUL-90,3,38.97,10.2,0,0.0,0.0
2025-03-08,WHY-CHO-1K,13,389.87,166.4,0,0.0,0.0
2025-03-08,WHY-SCA-1K,5,149.95,64.0,0,0.0,0.0
2025-03-08,WHY-STR-1K,5,149.95,64.0,0,0.0,0.0
2025-03-08,WHY-VAN-1K,7,209.93,89.6,0,0.0,0.0
2025-03-09,ACC-SHK,4,27.96,6.8,0,0.0,0.0
2025-03-09,BAR-CHO-12,3,74.97,39.6,0,0.0,0.0
2025-03-09,BAR-PNB-12,3,74.97,39.6,0,0.0,0.0
2025-03-09,BCA-LEM,3,59.97,20.4,0,0.0,0.0
2025-03-09,CRE-300,7,139.93,39.2,0,0.0,0.0
2025-03-09,CRE-500,4,111.96,34.8,0,0.0,0.0
2025-03-09,OMG-3-90,2,29.98,9.8,0,0.0,0.0
2025-03-09,PRE-BRA,4,99.96,35.6,0,0.0,0.0
2025-03-09,PRE-COL,1,24.99,8.9,0,0.0,0.0
2025-03-09,PRE-FPU,7,174.93,62.3,0,0.0,0.0
2025-03-09,VEG-BER-1K,2,65.98,31.8,0,0.0,0.0
2025-03-09,VEG-CHO-1K,1,32.99,15.9,0,0.0,0.0
2025-03-09,VIT-MUL-90,2,25.98,6.8,0,0.0,0.0
2025-03-09,WHY-CHO-1K,3,89.97,38.4,0,0.0,0.0
2025-03-09,WHY-CHO-25,5,274.95,127.5,0,0.0,0.0
2025-03-09,WHY-SCA-1K,3,89.97,38.4,0,0.0,0.0
2025-03-09,WHY-STR-1K,5,149.95,64.0,0,0.0,0.0
2025-03-09,WHY-VAN-1K,3,89.97,38.4,0,0.0,0.0
2025-03-10,ACC-SHK,3,20.97,5.1,0,0.0,0.0
2025-03-10,BAR-CHO-12,2,49.98,26.4,0,0.0,0.0
2025-03-10,BAR-PNB-12,1,24.99,13.2,0,0.0,0.0
2025-03-10,BCA-WAT,2,39.98,13.6,0,0.0,0.0
2025-03-10,CRE-300,5,99.95,28.0,0,0.0,0.0
2025-03-10,CRE-500,3,83.97,26.1,0,0.0,0.0
2025-03-10,GAI-CHO-25,1,39.99,18.4,0,0.0,0.0
2025-03-10,PRE-BRA,4,99.96,35.6,0,0.0,0.0
2025-03-10,PRE-FPU,3,74.97,26.7,0,0.0,0.0
2025-03-10,VEG-CHO-1K,1,32.99,15.9,0,0.0,0.0
2025-03-10,VIT-D3-120,1,9.99,2.1,0,0.0,0.0
2025-03-10,VIT-MUL-90,2,25.98,6.8,0,0.0,0.0
2025-03-10,WHY-CHO-1K,7,209.93,89.6,0,0.0,0.0
2025-03-10,WHY-CHO-25,2,109.98,51.0,0,0.0,0.0
2025-03-10,WHY-SCA-1K,4,119.96,51.2,0,0.0,0.0
2025-03-10,WHY-STR-1K,6,179.94,76.8,0,0.0,0.0
2025-03-10,WHY-VAN-1K,2,59.98,25.6,0,0.0,0.0
2025-03-11,ACC-SHK,3,20.97,5.1,0,0.0,0.0
2025-03-11,BAR-CHO-12,1,24.99,13.2,0,0.0,0.0
2025-03-11,BAR-PNB-12,7,174.93,92.4,0,0.0,0.0
2025-03-11,BCA-WAT,3,59.97,20.4,0,0.0,0.0
2025-03-11,CRE-300,5,99.95,28.0,0,0.0,0.0
2025-03-11,CRE-500,3,83.97,26.1,0,0.0,0.0
2025-03-11,PRE-BRA,2,49.98,17.8,0,0.0,0.0
2025-03-11,PRE-COL,2,49.98,17.8,0,0.0,0.0
2025-03-11,PRE-FPU,3,74.97,26.7,0,0.0,0.0
2025-03-11,VEG-CHO-1K,1,32.99,15.9,0,0.0,0.0
2025-03-11,VIT-D3-120,1,9.99,2.1,0,0.0,0.0
2025-03-11,VIT-MUL-90,3,38.97,10.2,0,0.0,0.0
2025-03-11,WHY-CHO-1K,7,209.93,89.6,0,0.0,0.0
2025-03-11,WHY-CHO-25,3,164.97,76.5,0,0.0,0.0
2025-03-11,WHY-SCA-1K,4,119.96,51.2,0,0.0,0.0
2025-03-11,WHY-STR-1K,2,59.98,25.6,0,0.0,0.0
2025-03-11,WHY-VAN-1K,2,59.98,25.6,0,0.0,0.0
2025-03-11,WHY-VAN-25,4,219.96,102.0,0,0.0,0.0
2025-03-12,ACC-SHK,2,13.98,3.4,0,0.0,0.0
2025-03-12,BAR-CHO-12,3,74.97,39.6,0,0.0,0.0
2025-03-12,BAR-PNB-12,2,49.98,26.4,0,0.0,0.0
2025-03-12,BCA-LEM,1,19.99,6.8,0,0.0,0.0
2025-03-12,BCA-WAT,1,19.99,6.8,0,0.0,0.0
2025-03-12,CRE-300,4,79.96,22.4,0,0.0,0.0
2025-03-12,CRE-500,2,55.98,17.4,0,0.0,0.0
2025-03-12,GAI-CHO-25,2,79.98,36.8,0,0.0,0.0
2025-03-12,OMG-3-90,3,44.97,14.7,0,0.0,0.0
2025-03-12,PRE-BRA,1,24.99,8.9,0,0.0,0.0
2025-03-12,PRE-COL,2,49.98,17.8,0,0.0,0.0
2025-03-12,PRE-FPU,2,49.98,17.8,0,0.0,0.0
2025-03-12,VEG-BER-1K,1,32.99,15.9,0,0.0,0.0
2025-03-12,VEG-CHO-1K,1,32.99,15.9,0,0.0,0.0
2025-03-12,VIT-D3-120,1,9.99,2.1,0,0.0,0.0
2025-03-12,VIT-MUL-90,3,38.97,10.2,0,0.0,0.0
2025-03-12,WHY-CHO-1K,14,419.86,179.2,0,0.0,0.0
2025-03-12,WHY-CHO-25,8,439.92,204.0,0,0.0,0.0
2025-03-12,WHY-SCA-1K,3,89.97,38.4,0,0.0,0.0
2025-03-12,WHY-STR-1K,12,359.88,153.6,0,0.0,0.0
2025-03-12,WHY-VAN-1K,5,149.95,64.0,0,0.0,0.0
2025-03-13,ACC-SHK,4,27.96,6.8,0,0.0,0.0
2025-03-13,BAR-CHO-12,6,149.94,79.2,0,0.0,0.0
2025-03-13,BAR-PNB-12,3,74.97,39.6,0,0.0,0.0
2025-03-13,BCA-WAT,3,59.97,20.4,0,0.0,0.0
2025-03-13,CRE-300,9,179.91,50.4,0,0.0,0.0
2025-03-13,CRE-500,4,111.96,34.8,0,0.0,0.0
2025-03-13,GAI-CHO-25,1,39.99,18.4,0,0.0,0.0
2025-03-13,PRE-BRA,3,74.97,26.7,0,0.0,0.0
2025-03-13,PRE-FPU,4,99.96,35.6,0,0.0,0.0
2025-03-13,VEG-CHO-1K,1,32.99,15.9,0,0.0,0.0
2025-03-13,VIT-D3-120,2,19.98,4.2,0,0.0,0.0
2025-03-13,VIT-MUL-90,2,25.98,6.8,0,0.0,0.0
2025-03-13,WHY-CHO-1K,14,419.86,179.2,0,0.0,0.0
2025-03-13,WHY-CHO-25,8,439.92,204.0,0,0.0,0.0
2025-03-13,WHY-SCA-1K,13,389.87,166.4,0,0.0,0.0
2025-03-13,WHY-STR-1K,1,29.99,12.8,0,0.0,0.0
2025-03-13,WHY-VAN-1K,13,389.87,166.4,0,0.0,0.0
2025-03-13,WHY-VAN-25,1,54.99,25.5,0,0.0,0.0
2025-03-14,ACC-SHK,5,34.95,8.5,0,0.0,0.0
2025-03-14,BAR-CHO-12,5,124.95,66.0,0,0.0,0.0
2025-03-14,BCA-WAT,3,59.97,20.4,0,0.0,0.0
2025-03-14,CRE-300,4,79.96,22.4,0,0.0,0.0
2025-03-14,CRE-500,3,83.97,26.1,0,0.0,0.0
2025-03-14,OMG-3-90,2,29.98,9.8,0,0.0,0.0
2025-03-14,PRE-BRA,2,49.98,17.8,0,0.0,0.0
2025-03-14,PRE-FPU,3,74.97,26.7,0,0.0,0.0
2025-03-14,VEG-CHO-1K,3,98.97,47.7,0,0.0,0.0
2025-03-14,VIT-MUL-90,1,12.99,3.4,0,0.0,0.0
2025-03-14,WHY-CHO-1K,5,149.95,64.0,0,0.0,0.0
2025-03-14,WHY-CHO-25,1,54.99,25.5,0,0.0,0.0
2025-03-14,WHY-SCA-1K,1,29.99,12.8,0,0.0,0.0
2025-03-14,WHY-STR-1K,1,29.99,12.8,0,0.0,0.0
2025-03-14,WHY-VAN-1K,8,239.92,102.4,0,0.0,0.0
2025-03-14,WHY-VAN-25,1,54.99,25.5,0,0.0,0.0
2025-03-15,ACC-SHK,3,20.97,5.1,0,0.0,0.0
2025-03-15,BAR-CHO-12,3,74.97,39.6,0,0.0,0.0
2025-03-15,BCA-LEM,2,39.98,13.6,0,0.0,0.0
2025-03-15,BCA-WAT,3,59.97,20.4,0,0.0,0.0
2025-03-15,CRE-300,8,159.92,44.8,0,0.0,0.0
2025-03-15,OMG-3-90,3,44.97,14.7,0,0.0,0.0
2025-03-15,PRE-BRA,4,99.96,35.6,0,0.0,0.0
2025-03-15,PRE-COL,1,24.99,8.9,0,0.0,0.0
2025-03-15,PRE-FPU,4,99.96,35.6,0,0.0,0.0
2025-03-15,VEG-CHO-1K,1,32.99,15.9,0,0.0,0.0
2025-03-15,VIT-D3-120,1,9.99,2.1,0,0.0,0.0
2025-03-15,VIT-MUL-90,4,51.96,13.6,0,0.0,0.0
2025-03-15,WHY-CHO-1K,14,419.86,179.2,0,0.0,0.0
2025-03-15,WHY-CHO-25,3,164.97,76.5,0,0.0,0.0
2025-03-15,WHY-SCA-1K,2,59.98,25.6,0,0.0,0.0
2025-03-15,WHY-STR-1K,8,239.92,102.4,0,0.0,0.0
2025-03-15,WHY-VAN-1K,3,89.97,38.4,0,0.0,0.0
2025-03-15,WHY-VAN-25,3,164.97,76.5,0,0.0,0.0
2025-03-16,ACC-SHK,2,13.98,3.4,0,0.0,0.0
2025-03-16,BAR-CHO-12,2,49.98,26.4,0,0.0,0.0
2025-03-16,BCA-LEM,1,19.99,6.8,0,0.0,0.0
2025-03-16,CRE-300,2,39.98,11.2,0,0.0,0.0
2025-03-16,CRE-500,1,27.99,8.7,0,0.0,0.0
2025-03-16,GAI-CHO-25,3,119.97,55.2,0,0.0,0.0
2025-03-16,OMG-3-90,1,14.99,4.9,0,0.0,0.0
2025-03-16,PRE-BRA,2,49.98,17.8,0,0.0,0.0
2025-03-16,PRE-COL,2,49.98,17.8,0,0.0,0.0
2025-03-16,PRE-FPU,4,99.96,35.6,0,0.0,0.0
2025-03-16,VEG-BER-1K,1,32.99,15.9,0,0.0,0.0
2025-03-16,VEG-CHO-1K,2,65.98,31.8,0,0.0,0.0
2025-03-16,VIT-D3-120,2,19.98,4.2,0,0.0,0.0
2025-03-16,VIT-MUL-90,2,25.98,6.8,0,0.0,0.0
2025-03-16,WHY-CHO-1K,9,269.91,115.2,0,0.0,0.0
2025-03-16,WHY-CHO-25,2,109.98,51.0,0,0.0,0.0
2025-03-16,WHY-SCA-1K,3,89.97,38.4,0,0.0,0.0
2025-03-16,WHY-STR-1K,2,59.98,25.6,0,0.0,0.0
2025-03-16,WHY-VAN-1K,4,119.96,51.2,0,0.0,0.0
2025-03-17,ACC-SHK,2,13.98,3.4,0,0.0,0.0
2025-03-17,BAR-CHO-12,2,49.98,26.4,0,0.0,0.0
2025-03-17,BAR-PNB-12,5,124.95,66.0,0,0.0,0.0
2025-03-17,BCA-LEM,2,39.98,13.6,0,0.0,0.0
2025-03-17,BCA-WAT,1,19.99,6.8,0,0.0,0.0
2025-03-17,CRE-300,7,139.93,39.2,0,0.0,0.0
2025-03-17,CRE-500,1,27.99,8.7,0,0.0,0.0
2025-03-17,GAI-CHO-25,1,39.99,18.4,0,0.0,0.0
2025-03-17,OMG-3-90,2,29.98,9.8,0,0.0,0.0
2025-03-17,PRE-BRA,2,49.98,17.8,0,0.0,0.0
2025-03-17,PRE-FPU,3,74.97,26.7,0,0.0,0.0
2025-03-17,VEG-BER-1K,1,32.99,15.9,0,0.0,0.0
2025-03-17,VEG-CHO-1K,3,98.97,47.7,0,0.0,0.0
2025-03-17,VIT-D3-120,1,9.99,2.1,0,0.0,0.0
2025-03-17,VIT-MUL-90,3,38.97,10.2,0,0.0,0.0
2025-03-17,WHY-CHO-1K,6,179.94,76.8,0,0.0,0.0
2025-03-17,WHY-CHO-25,4,219.96,102.0,0,0.0,0.0
2025-03-17,WHY-SCA-1K,6,179.94,76.8,0,0.0,0.0
2025-03-17,WHY-STR-1K,3,89.97,38.4,0,0.0,0.0
2025-03-17,WHY-VAN-1K,1,29.99,12.8,0,0.0,0.0
2025-03-18,ACC-SHK,3,20.97,5.1,0,0.0,0.0
2025-03-18,BAR-CHO-12,9,224.91,118.8,0,0.0,0.0
2025-03-18,BAR-PNB-12,3,74.97,39.6,0,0.0,0.0
2025-03-18,BCA-LEM,1,19.99,6.8,0,0.0,0.0
2025-03-18,BCA-WAT,1,19.99,6.8,0,0.0,0.0
2025-03-18,CRE-300,6,119.94,33.6,0,0.0,0.0
2025-03-18,CRE-500,4,111.96,34.8,0,0.0,0.0
2025-03-18,GAI-CHO-25,1,39.99,18.4,0,0.0,0.0
2025-03-18,OMG-3-90,2,29.98,9.8,0,0.0,0.0
2025-03-18,PRE-BRA,5,124.95,44.5,0,0.0,0.0
2025-03-18,VEG-BER-1K,1,32.99,15.9,0,0.0,0.0
2025-03-18,VEG-CHO-1K,2,65.98,31.8,0,0.0,0.0
2025-03-18,VIT-D3-120,5,49.95,10.5,0,0.0,0.0
2025-03-18,VIT-MUL-90,9,116.91,30.6,0,0.0,0.0
2025-03-18,WHY-CHO-1K,9,269.91,115.2,0,0.0,0.0
2025-03-18,WHY-CHO-25,8,439.92,204.0,0,0.0,0.0
2025-03-18,WHY-SCA-1K,6,179.94,76.8,0,0.0,0.0
2025-03-18,WHY-STR-1K,9,269.91,115.2,0,0.0,0.0
2025-03-18,WHY-VAN-1K,1,29.99,12.8,0,0.0,0.0
2025-03-18,WHY-VAN-25,6,329.94,153.0,0,0.0,0.0
2025-03-19,ACC-SHK,2,13.98,3.4,0,0.0,0.0
2025-03-19,BAR-CHO-12,2,49.98,26.4,0,0.0,0.0
2025-03-19,BAR-PNB-12,1,24.99,13.2,0,0.0,0.0
2025-03-19,BCA-LEM,2,39.98,13.6,0,0.0,0.0
2025-03-19,CRE-300,4,79.96,22.4,0,0.0,0.0
2025-03-19,CRE-500,4,111.96,34.8,0,0.0,0.0
2025-03-19,GAI-CHO-25,1,39.99,18.4,0,0.0,0.0
2025-03-19,OMG-3-90,5,74.95,24.5,0,0.0,0.0
2025-03-19,PRE-BRA,6,149.94,53.4,0,0.0,0.0
2025-03-19,PRE-FPU,1,24.99,8.9,0,0.0,0.0
2025-03-19,VEG-BER-1K,1,32.99,15.9,0,0.0,0.0
2025-03-19,VIT-MUL-90,1,12.99,3.4,0,0.0,0.0
2025-03-19,WHY-CHO-1K,13,389.87,166.4,0,0.0,0.0
2025-03-19,WHY-CHO-25,4,219.96,102.0,0,0.0,0.0
2025-03-19,WHY-SCA-1K,3,89.97,38.4,0,0.0,0.0
2025-03-19,WHY-STR-1K,3,89.97,38.4,0,0.0,0.0
2025-03-19,WHY-VAN-1K,3,89.97,38.4,0,0.0,0.0
2025-03-19,WHY-VAN-25,2,109.98,51.0,0,0.0,0.0
2025-03-20,ACC-SHK,1,6.99,1.7,0,0.0,0.0
2025-03-20,BAR-CHO-12,2,49.98,26.4,0,0.0,0.0
2025-03-20,BAR-PNB-12,3,74.97,39.6,0,0.0,0.0
2025-03-20,BCA-LEM,1,19.99,6.8,0,0.0,0.0
2025-03-20,BCA-WAT,4,79.96,27.2,0,0.0,0.0
2025-03-20,CRE-300,6,119.94,33.6,0,0.0,0.0
2025-03-20,CRE-500,5,139.95,43.5,0,0.0,0.0
2025-03-20,GAI-CHO-25,2,79.98,36.8,0,0.0,0.0
2025-03-20,OMG-3-90,3,44.97,14.7,0,0.0,0.0
2025-03-20,PRE-BRA,2,49.98,17.8,0,0.0,0.0
2025-03-20,PRE-COL,1,24.99,8.9,0,0.0,0.0
2025-03-20,PRE-FPU,4,99.96,35.6,0,0.0,0.0
2025-03-20,VEG-CHO-1K,6,197.94,95.4,0,0.0,0.0
2025-03-20,VIT-D3-120,11,109.89,23.1,0,0.0,0.0
2025-03-20,VIT-MUL-90,4,51.96,13.6,0,0.0,0.0
2025-03-20,WHY-CHO-1K,9,269.91,115.2,0,0.0,0.0
2025-03-20,WHY-CHO-25,5,274.95,127.5,0,0.0,0.0
2025-03-20,WHY-SCA-1K,4,119.96,51.2,0,0.0,0.0
2025-03-20,WHY-STR-1K,5,149.95,64.0,0,0.0,0.0
2025-03-20,WHY-VAN-1K,12,359.88,153.6,0,0.0,0.0
2025-03-20,WHY-VAN-25,1,54.99,25.5,0,0.0,0.0
2025-03-21,ACC-SHK,2,13.98,3.4,0,0.0,0.0
2025-03-21,BAR-CHO-12,1,24.99,13.2,0,0.0,0.0
2025-03-21,BAR-PNB-12,1,24.99,13.2,0,0.0,0.0
2025-03-21,BCA-WAT,2,39.98,13.6,0,0.0,0.0
2025-03-21,CRE-300,3,59.97,16.8,0,0.0,0.0
2025-03-21,CRE-500,1,27.99,8.7,0,0.0,0.0
2025-03-21,GAI-CHO-25,3,119.97,55.2,0,0.0,0.0
2025-03-21,OMG-3-90,1,14.99,4.9,0,0.0,0.0
2025-03-21,PRE-BRA,3,74.97,26.7,0,0.0,0.0
2025-03-21,PRE-FPU,2,49.98,17.8,0,0.0,0.0
2025-03-21,VEG-BER-1K,1,32.99,15.9,0,0.0,0.0
2025-03-21,VEG-CHO-1K,1,32.99,15.9,0,0.0,0.0
2025-03-21,VIT-D3-120,2,19.98,4.2,0,0.0,0.0
2025-03-21,VIT-MUL-90,1,12.99,3.4,0,0.0,0.0
2025-03-21,WHY-CHO-1K,6,179.94,76.8,0,0.0,0.0
2025-03-21,WHY-SCA-1K,5,149.95,64.0,0,0.0,0.0
2025-03-21,WHY-STR-1K,2,59.98,25.6,0,0.0,0.0
2025-03-21,WHY-VAN-1K,6,179.94,76.8,0,0.0,0.0
2025-03-21,WHY-VAN-25,1,54.99,25.5,0,0.0,0.0
2025-03-22,ACC-SHK,1,6.99,1.7,0,0.0,0.0
2025-03-22,BAR-CHO-12,2,49.98,26.4,0,0.0,0.0
2025-03-22,BAR-PNB-12,4,99.96,52.8,0,0.0,0.0
2025-03-22,BCA-LEM,1,19.99,6.8,0,0.0,0.0
2025-03-22,BCA-WAT,1,19.99,6.8,0,0.0,0.0
2025-03-22,CRE-300,5,99.95,28.0,0,0.0,0.0
2025-03-22,CRE-500,3,83.97,26.1,0,0.0,0.0
2025-03-22,PRE-BRA,3,74.97,26.7,0,0.0,0.0
2025-03-22,PRE-COL,1,24.99,8.9,0,0.0,0.0
2025-03-22,PRE-FPU,3,74.97,26.7,0,0.0,0.0
2025-03-22,VIT-D3-120,4,39.96,8.4,0,0.0,0.0
2025-03-22,VIT-MUL-90,9,116.91,30.6,0,0.0,0.0
2025-03-22,WHY-CHO-1K,8,239.92,102.4,0,0.0,0.0
2025-03-22,WHY-CHO-25,4,219.96,102.0,0,0.0,0.0
2025-03-22,WHY-SCA-1K,5,149.95,64.0,0,0.0,0.0
2025-03-22,WHY-STR-1K,6,179.94,76.8,0,0.0,0.0
2025-03-22,WHY-VAN-1K,6,179.94,76.8,0,0.0,0.0
2025-03-22,WHY-VAN-25,5,274.95,127.5,0,0.0,0.0
2025-03-23,ACC-SHK,2,13.98,3.4,0,0.0,0.0
2025-03-23,BAR-CHO-12,1,24.99,13.2,0,0.0,0.0
2025-03-23,BAR-PNB-12,1,24.99,13.2,0,0.0,0.0
2025-03-23,BCA-WAT,1,19.99,6.8,0,0.0,0.0
2025-03-23,CRE-300,4,79.96,22.4,0,0.0,0.0
2025-03-23,CRE-500,3,83.97,26.1,0,0.0,0.0
2025-03-23,GAI-CHO-25,1,39.99,18.4,0,0.0,0.0
2025-03-23,OMG-3-90,3,44.97,14.7,0,0.0,0.0
2025-03-23,PRE-BRA,2,49.98,17.8,0,0.0,0.0
2025-03-23,PRE-COL,3,74.97,26.7,0,0.0,0.0
2025-03-23,PRE-FPU,9,224.91,80.1,0,0.0,0.0
2025-03-23,VEG-CHO-1K,1,32.99,15.9,0,0.0,0.0
2025-03-23,VIT-MUL-90,4,51.96,13.6,0,0.0,0.0
2025-03-23,WHY-CHO-1K,9,269.91,115.2,0,0.0,0.0
2025-03-23,WHY-CHO-25,3,164.97,76.5,0,0.0,0.0
2025-03-23,WHY-SCA-1K,1,29.99,12.8,0,0.0,0.0
2025-03-23,WHY-STR-1K,2,59.98,25.6,0,0.0,0.0
2025-03-23,WHY-VAN-1K,3,89.97,38.4,0,0.0,0.0
2025-03-23,WHY-VAN-25,1,54.99,25.5,0,0.0,0.0
2025-03-24,ACC-SHK,3,20.97,5.1,0,0.0,0.0
2025-03-24,BAR-CHO-12,3,74.97,39.6,0,0.0,0.0
2025-03-24,BAR-PNB-12,1,24.99,13.2,0,0.0,0.0
2025-03-24,BCA-LEM,3,59.97,20.4,0,0.0,0.0
2025-03-24,BCA-WAT,2,39.98,13.6,0,0.0,0.0
2025-03-24,CRE-300,6,119.94,33.6,0,0.0,0.0
2025-03-24,CRE-500,2,55.98,17.4,0,0.0,0.0
2025-03-24,OMG-3-90,1,14.99,4.9,0,0.0,0.0
2025-03-24,PRE-BRA,5,124.95,44.5,0,0.0,0.0
2025-03-24,PRE-FPU,3,74.97,26.7,0,0.0,0.0
2025-03-24,VIT-D3-120,2,19.98,4.2,0,0.0,0.0
2025-03-24,VIT-MUL-90,2,25.98,6.8,0,0.0,0.0
2025-03-24,WHY-CHO-1K,7,209.93,89.6,0,0.0,0.0
2025-03-24,WHY-CHO-25,2,109.98,51.0,0,0.0,0.0
2025-03-24,WHY-SCA-1K,3,89.97,38.4,0,0.0,0.0
2025-03-24,WHY-STR-1K,7,209.93,89.6,0,0.0,0.0
2025-03-24,WHY-VAN-1K,3,89.97,38.4,0,0.0,0.0
2025-03-24,WHY-VAN-25,2,109.98,51.0,0,0.0,0.0
2025-03-25,ACC-SHK,1,6.99,1.7,0,0.0,0.0
2025-03-25,BAR-PNB-12,1,24.99,13.2,0,0.0,0.0
2025-03-25,BCA-WAT,1,19.99,6.8,0,0.0,0.0
2025-03-25,CRE-500,6,167.94,52.2,0,0.0,0.0
2025-03-25,GAI-CHO-25,1,39.99,18.4,0,0.0,0.0
2025-03-25,PRE-BRA,2,49.98,17.8,0,0.0,0.0
2025-03-25,PRE-FPU,4,99.96,35.6,0,0.0,0.0
2025-03-25,VEG-CHO-1K,2,65.98,31.8,0,0.0,0.0
2025-03-25,VIT-D3-120,1,9.99,2.1,0,0.0,0.0
2025-03-25,VIT-MUL-90,1,12.99,3.4,0,0.0,0.0
2025-03-25,WHY-CHO-1K,9,269.91,115.2,0,0.0,0.0
2025-03-25,WHY-CHO-25,3,164.97,76.5,0,0.0,0.0
2025-03-25,WHY-SCA-1K,5,149.95,64.0,0,0.0,0.0
2025-03-25,WHY-STR-1K,1,29.99,12.8,0,0.0,0.0
2025-03-25,WHY-VAN-1K,4,119.96,51.2,0,0.0,0.0
2025-03-25,WHY-VAN-25,1,54.99,25.5,0,0.0,0.0
2025-03-26,ACC-SHK,3,20.97,5.1,0,0.0,0.0
2025-03-26,BAR-CHO-12,1,24.99,13.2,0,0.0,0.0
2025-03-26,BCA-LEM,2,39.98,13.6,0,0.0,0.0
2025-03-26,CRE-300,3,59.97,16.8,0,0.0,0.0
2025-03-26,GAI-CHO-25,4,159.96,73.6,0,0.0,0.0
2025-03-26,OMG-3-90,2,29.98,9.8,0,0.0,0.0
2025-03-26,PRE-BRA,2,49.98,17.8,0,0.0,0.0
2025-03-26,PRE-FPU,2,49.98,17.8,0,0.0,0.0
2025-03-26,VIT-D3-120,3,29.97,6.3,0,0.0,0.0
2025-03-26,VIT-MUL-90,2,25.98,6.8,0,0.0,0.0
2025-03-26,WHY-CHO-1K,2,59.98,25.6,0,0.0,0.0
2025-03-26,WHY-CHO-25,5,274.95,127.5,0,0.0,0.0
2025-03-26,WHY-SCA-1K,1,29.99,12.8,0,0.0,0.0
2025-03-26,WHY-STR-1K,3,89.97,38.4,0,0.0,0.0
2025-03-26,WHY-VAN-1K,4,119.96,51.2,0,0.0,0.0
2025-03-27,ACC-SHK,4,27.96,6.8,0,0.0,0.0
2025-03-27,BAR-CHO-12,9,224.91,118.8,0,0.0,0.0
2025-03-27,BAR-PNB-12,3,74.97,39.6,0,0.0,0.0
2025-03-27,CRE-300,10,199.9,56.0,0,0.0,0.0
2025-03-27,CRE-500,4,111.96,34.8,0,0.0,0.0
2025-03-27,GAI-CHO-25,4,159.96,73.6,0,0.0,0.0
2025-03-27,OMG-3-90,3,44.97,14.7,0,0.0,0.0
2025-03-27,PRE-BRA,3,74.97,26.7,0,0.0,0.0
2025-03-27,PRE-COL,1,24.99,8.9,0,0.0,0.0
2025-03-27,PRE-FPU,9,224.91,80.1,0,0.0,0.0
2025-03-27,VEG-BER-1K,1,32.99,15.9,0,0.0,0.0
2025-03-27,VEG-CHO-1K,3,98.97,47.7,0,0.0,0.0
2025-03-27,VIT-D3-120,7,69.93,14.7,0,0.0,0.0
2025-03-27,VIT-MUL-90,5,64.95,17.0,0,0.0,0.0
2025-03-27,WHY-CHO-1K,24,719.76,307.2,0,0.0,0.0
2025-03-27,WHY-CHO-25,6,329.94,153.0,0,0.0,0.0
2025-03-27,WHY-SCA-1K,4,119.96,51.2,0,0.0,0.0
2025-03-27,WHY-STR-1K,6,179.94,76.8,0,0.0,0.0
2025-03-27,WHY-VAN-1K,8,239.92,102.4,0,0.0,0.0
2025-03-27,WHY-VAN-25,6,329.94,153.0,0,0.0,0.0
2025-03-28,ACC-SHK,6,41.94,10.2,0,0.0,0.0
2025-03-28,BAR-CHO-12,3,74.97,39.6,0,0.0,0.0
2025-03-28,BAR-PNB-12,5,124.95,66.0,0,0.0,0.0
2025-03-28,BCA-LEM,1,19.99,6.8,0,0.0,0.0
2025-03-28,BCA-WAT,2,39.98,13.6,0,0.0,0.0
2025-03-28,CRE-300,5,99.95,28.0,0,0.0,0.0
2025-03-28,CRE-500,4,111.96,34.8,0,0.0,0.0
2025-03-28,GAI-CHO-25,3,119.97,55.2,0,0.0,0.0
2025-03-28,PRE-COL,1,24.99,8.9,0,0.0,0.0
2025-03-28,PRE-FPU,5,124.95,44.5,0,0.0,0.0
2025-03-28,VEG-CHO-1K,2,65.98,31.8,0,0.0,0.0
2025-03-28,VIT-D3-120,2,19.98,4.2,0,0.0,0.0
2025-03-28,VIT-MUL-90,3,38.97,10.2,0,0.0,0.0
2025-03-28,WHY-CHO-1K,8,239.92,102.4,0,0.0,0.0
2025-03-28,WHY-SCA-1K,2,59.98,25.6,0,0.0,0.0
2025-03-28,WHY-STR-1K,3,89.97,38.4,0,0.0,0.0
2025-03-28,WHY-VAN-1K,3,89.97,38.4,0,0.0,0.0
2025-03-29,ACC-SHK,4,27.96,6.8,0,0.0,0.0
2025-03-29,BAR-CHO-12,4,99.96,52.8,0,0.0,0.0
2025-03-29,BAR-PNB-12,3,74.97,39.6,0,0.0,0.0
2025-03-29,BCA-LEM,2,39.98,13.6,0,0.0,0.0
2025-03-29,BCA-WAT,1,19.99,6.8,0,0.0,0.0
2025-03-29,CRE-300,3,59.97,16.8,0,0.0,0.0
2025-03-29,CRE-500,4,111.96,34.8,0,0.0,0.0
2025-03-29,OMG-3-90,2,29.98,9.8,0,0.0,0.0
2025-03-29,PRE-BRA,2,49.98,17.8,0,0.0,0.0
2025-03-29,PRE-COL,3,74.97,26.7,0,0.0,0.0
2025-03-29,PRE-FPU,6,149.94,53.4,0,0.0,0.0
2025-03-29,VEG-BER-1K,1,32.99,15.9,0,0.0,0.0
2025-03-29,VEG-CHO-1K,3,98.97,47.7,0,0.0,0.0
2025-03-29,VIT-D3-120,1,9.99,2.1,0,0.0,0.0
2025-03-29,VIT-MUL-90,5,64.95,17.0,0,0.0,0.0
2025-03-29,WHY-CHO-1K,7,209.93,89.6,0,0.0,0.0
2025-03-29,WHY-CHO-25,5,274.95,127.5,0,0.0,0.0
2025-03-29,WHY-SCA-1K,1,29.99,12.8,0,0.0,0.0
2025-03-29,WHY-STR-1K,9,269.91,115.2,0,0.0,0.0
2025-03-29,WHY-VAN-1K,4,119.96,51.2,0,0.0,0.0
2025-03-29,WHY-VAN-25,4,219.96,102.0,0,0.0,0.0
2025-03-30,ACC-SHK,5,34.95,8.5,0,0.0,0.0
2025-03-30,BCA-WAT,1,19.99,6.8,0,0.0,0.0
2025-03-30,CRE-300,6,119.94,33.6,0,0.0,0.0
2025-03-30,CRE-500,3,83.97,26.1,0,0.0,0.0
2025-03-30,OMG-3-90,2,29.98,9.8,0,0.0,0.0
2025-03-30,PRE-BRA,3,74.97,26.7,0,0.0,0.0
2025-03-30,PRE-COL,1,24.99,8.9,0,0.0,0.0
2025-03-30,PRE-FPU,4,99.96,35.6,0,0.0,0.0
2025-03-30,VEG-CHO-1K,1,32.99,15.9,0,0.0,0.0
2025-03-30,VIT-MUL-90,6,77.94,20.4,0,0.0,0.0
2025-03-30,WHY-CHO-1K,7,209.93,89.6,0,0.0,0.0
2025-03-30,WHY-CHO-25,6,329.94,153.0,0,0.0,0.0
2025-03-30,WHY-SCA-1K,4,119.96,51.2,0,0.0,0.0
2025-03-30,WHY-STR-1K,5,149.95,64.0,0,0.0,0.0
2025-03-30,WHY-VAN-1K,3,89.97,38.4,0,0.0,0.0
2025-03-31,ACC-SHK,5,34.95,8.5,0,0.0,0.0
2025-03-31,BAR-CHO-12,2,49.98,26.4,0,0.0,0.0
2025-03-31,BCA-LEM,4,79.96,27.2,0,0.0,0.0
2025-03-31,BCA-WAT,2,39.98,13.6,0,0.0,0.0
2025-03-31,CRE-300,10,199.9,56.0,0,0.0,0.0
2025-03-31,CRE-500,2,55.98,17.4,0,0.0,0.0
2025-03-31,OMG-3-90,3,44.97,14.7,0,0.0,0.0
2025-03-31,PRE-BRA,2,49.98,17.8,0,0.0,0.0
2025-03-31,PRE-COL,2,49.98,17.8,0,0.0,0.0
2025-03-31,PRE-FPU,2,49.98,17.8,0,0.0,0.0
2025-03-31,VEG-CHO-1K,1,32.99,15.9,0,0.0,0.0
2025-03-31,VIT-D3-120,2,19.98,4.2,0,0.0,0.0
2025-03-31,VIT-MUL-90,6,77.94,20.4,0,0.0,0.0
2025-03-31,WHY-CHO-1K,18,539.82,230.4,0,0.0,0.0
2025-03-31,WHY-CHO-25,5,274.95,127.5,0,0.0,0.0
2025-03-31,WHY-SCA-1K,2,59.98,25.6,0,0.0,0.0
2025-03-31,WHY-STR-1K,4,119.96,51.2,0,0.0,0.0
2025-03-31,WHY-VAN-1K,8,239.92,102.4,0,0.0,0.0
2025-03-31,WHY-VAN-25,1,54.99,25.5,0,0.0,0.0
2025-04-01,ACC-SHK,2,13.98,3.4,0,0.0,0.0
2025-04-01,BAR-CHO-12,3,74.97,39.6,0,0.0,0.0
2025-04-01,BAR-PNB-12,1,24.99,13.2,0,0.0,0.0
2025-04-01,BCA-WAT,3,59.97,20.4,0,0.0,0.0
2025-04-01,CRE-300,5,99.95,28.0,0,0.0,0.0
2025-04-01,CRE-500,3,83.97,26.1,0,0.0,0.0
2025-04-01,GAI-CHO-25,2,79.98,36.8,0,0.0,0.0
2025-04-01,OMG-3-90,5,74.95,24.5,0,0.0,0.0
2025-04-01,PRE-BRA,3,74.97,26.7,0,0.0,0.0
2025-04-01,PRE-FPU,3,74.97,26.7,0,0.0,0.0
2025-04-01,VEG-CHO-1K,1,32.99,15.9,0,0.0,0.0
2025-04-01,WHY-CHO-1K,9,269.91,115.2,0,0.0,0.0
2025-04-01,WHY-CHO-25,7,384.93,178.5,0,0.0,0.0
2025-04-01,WHY-SCA-1K,1,29.99,12.8,0,0.0,0.0
2025-04-01,WHY-STR-1K,1,29.99,12.8,0,0.0,0.0
2025-04-01,WHY-VAN-1K,3,89.97,38.4,0,0.0,0.0
2025-04-02,ACC-SHK,3,20.97,5.1,0,0.0,0.0
2025-04-02,BAR-PNB-12,2,49.98,26.4,0,0.0,0.0
2025-04-02,BCA-LEM,2,39.98,13.6,0,0.0,0.0
2025-04-02,CRE-300,9,179.91,50.4,0,0.0,0.0
2025-04-02,CRE-500,6,167.94,52.2,0,0.0,0.0
2025-04-02,OMG-3-90,2,29.98,9.8,0,0.0,0.0
2025-04-02,PRE-BRA,2,49.98,17.8,0,0.0,0.0
2025-04-02,PRE-COL,2,49.98,17.8,0,0.0,0.0
2025-04-02,PRE-FPU,6,149.94,53.4,0,0.0,0.0
2025-04-02,VEG-CHO-1K,2,65.98,31.8,0,0.0,0.0
2025-04-02,VIT-D3-120,2,19.98,4.2,0,0.0,0.0
2025-04-02,VIT-MUL-90,4,51.96,13.6,0,0.0,0.0
2025-04-02,WHY-CHO-1K,9,269.91,115.2,0,0.0,0.0
2025-04-02,WHY-CHO-25,4,219.96,102.0,0,0.0,0.0
2025-04-02,WHY-SCA-1K,6,179.94,76.8,0,0.0,0.0
2025-04-02,WHY-STR-1K,6,179.94,76.8,0,0.0,0.0
2025-04-02,WHY-VAN-1K,7,209.93,89.6,0,0.0,0.0
2025-04-02,WHY-VAN-25,2,109.98,51.0,0,0.0,0.0
2025-04-03,ACC-SHK,2,13.98,3.4,0,0.0,0.0
2025-04-03,BAR-CHO-12,3,74.97,39.6,0,0.0,0.0
2025-04-03,BAR-PNB-12,2,49.98,26.4,0,0.0,0.0
2025-04-03,BCA-WAT,2,39.98,13.6,0,0.0,0.0
2025-04-03,CRE-300,7,139.93,39.2,0,0.0,0.0
2025-04-03,CRE-500,11,307.89,95.7,0,0.0,0.0
2025-04-03,GAI-CHO-25,2,79.98,36.8,0,0.0,0.0
2025-04-03,OMG-3-90,1,14.99,4.9,0,0.0,0.0
2025-04-03,PRE-BRA,3,74.97,26.7,0,0.0,0.0
2025-04-03,PRE-COL,2,49.98,17.8,0,0.0,0.0
2025-04-03,PRE-FPU,3,74.97,26.7,0,0.0,0.0
2025-04-03,VEG-CHO-1K,2,65.98,31.8,0,0.0,0.0
2025-04-03,VIT-D3-120,3,29.97,6.3,0,0.0,0.0
2025-04-03,VIT-MUL-90,6,77.94,20.4,0,0.0,0.0
2025-04-03,WHY-CHO-1K,7,209.93,89.6,0,0.0,0.0
2025-04-03,WHY-CHO-25,4,219.96,102.0,0,0.0,0.0
2025-04-03,WHY-SCA-1K,4,119.96,51.2,0,0.0,0.0
2025-04-03,WHY-STR-1K,6,179.94,76.8,0,0.0,0.0
2025-04-03,WHY-VAN-1K,8,239.92,102.4,0,0.0,0.0
2025-04-03,WHY-VAN-25,1,54.99,25.5,0,0.0,0.0
2025-04-04,ACC-SHK,4,27.96,6.8,0,0.0,0.0
2025-04-04,BAR-PNB-12,5,124.95,66.0,0,0.0,0.0
2025-04-04,CRE-300,5,99.95,28.0,0,0.0,0.0
2025-04-04,CRE-500,4,111.96,34.8,0,0.0,0.0
2025-04-04,GAI-CHO-25,2,79.98,36.8,0,0.0,0.0
2025-04-04,OMG-3-90,1,14.99,4.9,0,0.0,0.0
2025-04-04,PRE-BRA,1,24.99,8.9,0,0.0,0.0
2025-04-04,PRE-COL,1,24.99,8.9,0,0.0,0.0
2025-04-04,PRE-FPU,3,74.97,26.7,0,0.0,0.0
2025-04-04,VEG-CHO-1K,2,65.98,31.8,0,0.0,0.0
2025-04-04,VIT-D3-120,2,19.98,4.2,0,0.0,0.0
2025-04-04,VIT-MUL-90,1,12.99,3.4,0,0.0,0.0
2025-04-04,WHY-CHO-1K,9,269.91,115.2,0,0.0,0.0
2025-04-04,WHY-CHO-25,5,274.95,127.5,0,0.0,0.0
2025-04-04,WHY-SCA-1K,4,119.96,51.2,0,0.0,0.0
2025-04-04,WHY-STR-1K,5,149.95,64.0,0,0.0,0.0
2025-04-04,WHY-VAN-1K,6,179.94,76.8,0,0.0,0.0
2025-04-04,WHY-VAN-25,1,54.99,25.5,0,0.0,0.0
2025-04-05,ACC-SHK,2,13.98,3.4,0,0.0,0.0
2025-04-05,BCA-WAT,2,39.98,13.6,0,0.0,0.0
2025-04-05,CRE-300,8,159.92,44.8,0,0.0,0.0
2025-04-05,CRE-500,2,55.98,17.4,0,0.0,0.0
2025-04-05,PRE-BRA,6,149.94,53.4,0,0.0,0.0
2025-04-05,PRE-FPU,4,99.96,35.6,0,0.0,0.0
2025-04-05,VEG-BER-1K,1,32.99,15.9,0,0.0,0.0
2025-04-05,VEG-CHO-1K,1,32.99,15.9,0,0.0,0.0
2025-04-05,VIT-D3-120,2,19.98,4.2,0,0.0,0.0
2025-04-05,VIT-MUL-90,2,25.98,6.8,0,0.0,0.0
2025-04-05,WHY-CHO-1K,7,209.93,89.6,0,0.0,0.0
2025-04-05,WHY-CHO-25,4,219.96,102.0,0,0.0,0.0
2025-04-05,WHY-SCA-1K,3,89.97,38.4,0,0.0,0.0
2025-04-05,WHY-STR-1K,3,89.97,38.4,0,0.0,0.0
2025-04-05,WHY-VAN-1K,8,239.92,102.4,0,0.0,0.0
2025-04-06,ACC-SHK,3,20.97,5.1,0,0.0,0.0
2025-04-06,BAR-CHO-12,2,49.98,26.4,0,0.0,0.0
2025-04-06,BAR-PNB-12,2,49.98,26.4,0,0.0,0.0
2025-04-06,BCA-LEM,3,59.97,20.4,0,0.0,0.0
2025-04-06,BCA-WAT,2,39.98,13.6,0,0.0,0.0
2025-04-06,CRE-300,8,159.92,44.8,0,0.0,0.0
2025-04-06,CRE-500,3,83.97,26.1,0,0.0,0.0
2025-04-06,GAI-CHO-25,1,39.99,18.4,0,0.0,0.0
2025-04-06,PRE-BRA,5,124.95,44.5,0,0.0,0.0
2025-04-06,PRE-FPU,2,49.98,17.8,0,0.0,0.0
2025-04-06,VEG-CHO-1K,2,65.98,31.8,0,0.0,0.0
2025-04-06,VIT-MUL-90,3,38.97,10.2,0,0.0,0.0
2025-04-06,WHY-CHO-1K,8,239.92,102.4,0,0.0,0.0
2025-04-06,WHY-CHO-25,3,164.97,76.5,0,0.0,0.0
2025-04-06,WHY-SCA-1K,1,29.99,12.8,0,0.0,0.0
2025-04-06,WHY-VAN-1K,6,179.94,76.8,0,0.0,0.0
2025-04-06,WHY-VAN-25,1,54.99,25.5,0,0.0,0.0
2025-04-07,ACC-SHK,4,27.96,6.8,0,0.0,0.0
2025-04-07,BAR-CHO-12,5,124.95,66.0,0,0.0,0.0
2025-04-07,BAR-PNB-12,3,74.97,39.6,0,0.0,0.0
2025-04-07,BCA-LEM,1,19.99,6.8,0,0.0,0.0
2025-04-07,BCA-WAT,1,19.99,6.8,0,0.0,0.0
2025-04-07,CRE-300,5,99.95,28.0,0,0.0,0.0
2025-04-07,GAI-CHO-25,1,39.99,18.4,0,0.0,0.0
2025-04-07,OMG-3-90,1,14.99,4.9,0,0.0,0.0
2025-04-07,PRE-BRA,2,49.98,17.8,0,0.0,0.0
2025-04-07,PRE-COL,1,24.99,8.9,0,0.0,0.0
2025-04-07,PRE-FPU,2,49.98,17.8,0,0.0,0.0
2025-04-07,VEG-BER-1K,3,98.97,47.7,0,0.0,0.0
2025-04-07,VEG-CHO-1K,2,65.98,31.8,0,0.0,0.0
2025-04-07,VIT-D3-120,4,39.96,8.4,0,0.0,0.0
2025-04-07,VIT-MUL-90,3,38.97,10.2,0,0.0,0.0
2025-04-07,WHY-CHO-1K,7,209.93,89.6,0,0.0,0.0
2025-04-07,WHY-CHO-25,4,219.96,102.0,0,0.0,0.0
2025-04-07,WHY-SCA-1K,1,29.99,12.8,0,0.0,0.0
2025-04-07,WHY-STR-1K,2,59.98,25.6,0,0.0,0.0
2025-04-07,WHY-VAN-1K,4,119.96,51.2,0,0.0,0.0
2025-04-08,ACC-SHK,4,27.96,6.8,0,0.0,0.0
2025-04-08,BAR-CHO-12,2,49.98,26.4,0,0.0,0.0
2025-04-08,BAR-PNB-12,4,99.96,52.8,0,0.0,0.0
2025-04-08,CRE-300,5,99.95,28.0,0,0.0,0.0
2025-04-08,CRE-500,6,167.94,52.2,0,0.0,0.0
2025-04-08,GAI-CHO-25,2,79.98,36.8,0,0.0,0.0
2025-04-08,OMG-3-90,5,74.95,24.5,0,0.0,0.0
2025-04-08,PRE-BRA,1,24.99,8.9,0,0.0,0.0
2025-04-08,PRE-COL,1,24.99,8.9,0,0.0,0.0
2025-04-08,PRE-FPU,7,174.93,62.3,0,0.0,0.0
2025-04-08,VEG-CHO-1K,2,65.98,31.8,0,0.0,0.0
2025-04-08,VIT-D3-120,4,39.96,8.4,0,0.0,0.0
2025-04-08,VIT-MUL-90,2,25.98,6.8,0,0.0,0.0
2025-04-08,WHY-CHO-1K,9,269.91,115.2,0,0.0,0.0
2025-04-08,WHY-CHO-25,2,109.98,51.0,0,0.0,0.0
2025-04-08,WHY-SCA-1K,3,89.97,38.4,0,0.0,0.0
2025-04-08,WHY-STR-1K,3,89.97,38.4,0,0.0,0.0
2025-04-08,WHY-VAN-1K,2,59.98,25.6,0,0.0,0.0
2025-04-08,WHY-VAN-25,2,109.98,51.0,0,0.0,0.0
2025-04-09,ACC-SHK,1,6.99,1.7,0,0.0,0.0
2025-04-09,BAR-CHO-12,2,49.98,26.4,0,0.0,0.0
2025-04-09,BAR-PNB-12,5,124.95,66.0,0,0.0,0.0
2025-04-09,BCA-LEM,2,39.98,13.6,0,0.0,0.0
2025-04-09,CRE-300,12,239.88,67.2,0,0.0,0.0
2025-04-09,CRE-500,4,111.96,34.8,0,0.0,0.0
2025-04-09,GAI-CHO-25,4,159.96,73.6,0,0.0,0.0
2025-04-09,OMG-3-90,2,29.98,9.8,0,0.0,0.0
2025-04-09,PRE-BRA,3,74.97,26.7,0,0.0,0.0
2025-04-09,PRE-FPU,5,124.95,44.5,0,0.0,0.0
2025-04-09,VEG-BER-1K,2,65.98,31.8,0,0.0,0.0
2025-04-09,VEG-CHO-1K,2,65.98,31.8,0,0.0,0.0
2025-04-09,VIT-D3-120,2,19.98,4.2,0,0.0,0.0
2025-04-09,VIT-MUL-90,1,12.99,3.4,0,0.0,0.0
2025-04-09,WHY-CHO-1K,11,329.89,140.8,0,0.0,0.0
2025-04-09,WHY-CHO-25,3,164.97,76.5,0,0.0,0.0
2025-04-09,WHY-SCA-1K,2,59.98,25.6,0,0.0,0.0
2025-04-09,WHY-STR-1K,2,59.98,25.6,0,0.0,0.0
2025-04-09,WHY-VAN-1K,7,209.93,89.6,0,0.0,0.0
2025-04-09,WHY-VAN-25,3,164.97,76.5,0,0.0,0.0
2025-04-10,ACC-SHK,6,41.94,10.2,0,0.0,0.0
2025-04-10,BAR-CHO-12,3,74.97,39.6,0,0.0,0.0
2025-04-10,BAR-PNB-12,3,74.97,39.6,0,0.0,0.0
2025-04-10,BCA-LEM,3,59.97,20.4,0,0.0,0.0
2025-04-10,BCA-WAT,2,39.98,13.6,0,0.0,0.0
2025-04-10,CRE-300,11,219.89,61.6,0,0.0,0.0
2025-04-10,GAI-CHO-25,1,39.99,18.4,0,0.0,0.0
2025-04-10,OMG-3-90,3,44.97,14.7,0,0.0,0.0
2025-04-10,PRE-BRA,7,174.93,62.3,0,0.0,0.0
2025-04-10,PRE-FPU,9,224.91,80.1,0,0.0,0.0
2025-04-10,VIT-D3-120,1,9.99,2.1,0,0.0,0.0
2025-04-10,VIT-MUL-90,6,77.94,20.4,0,0.0,0.0
2025-04-10,WHY-CHO-1K,15,449.85,192.0,0,0.0,0.0
2025-04-10,WHY-CHO-25,4,219.96,102.0,0,0.0,0.0
2025-04-10,WHY-SCA-1K,7,209.93,89.6,0,0.0,0.0
2025-04-10,WHY-STR-1K,1,29.99,12.8,0,0.0,0.0
2025-04-10,WHY-VAN-1K,9,269.91,115.2,0,0.0,0.0
2025-04-10,WHY-VAN-25,1,54.99,25.5,0,0.0,0.0
2025-04-11,ACC-SHK,2,13.98,3.4,0,0.0,0.0
2025-04-11,BAR-CHO-12,3,74.97,39.6,0,0.0,0.0
2025-04-11,BAR-PNB-12,2,49.98,26.4,0,0.0,0.0
2025-04-11,BCA-LEM,3,59.97,20.4,0,0.0,0.0
2025-04-11,BCA-WAT,3,59.97,20.4,0,0.0,0.0
2025-04-11,CRE-300,2,39.98,11.2,0,0.0,0.0
2025-04-11,CRE-500,1,27.99,8.7,0,0.0,0.0
2025-04-11,OMG-3-90,5,74.95,24.5,0,0.0,0.0
2025-04-11,PRE-BRA,3,74.97,26.7,0,0.0,0.0
2025-04-11,PRE-FPU,4,99.96,35.6,0,0.0,0.0
2025-04-11,VEG-BER-1K,2,65.98,31.8,0,0.0,0.0
2025-04-11,VEG-CHO-1K,2,65.98,31.8,0,0.0,0.0
2025-04-11,VIT-D3-120,2,19.98,4.2,0,0.0,0.0
2025-04-11,VIT-MUL-90,3,38.97,10.2,0,0.0,0.0
2025-04-11,WHY-CHO-1K,2,59.98,25.6,0,0.0,0.0
2025-04-11,WHY-CHO-25,1,54.99,25.5,0,0.0,0.0
2025-04-11,WHY-STR-1K,3,89.97,38.4,0,0.0,0.0
2025-04-11,WHY-VAN-1K,3,89.97,38.4,0,0.0,0.0
2025-04-11,WHY-VAN-25,2,109.98,51.0,0,0.0,0.0
2025-04-12,ACC-SHK,2,13.98,3.4,0,0.0,0.0
2025-04-12,BAR-CHO-12,2,49.98,26.4,0,0.0,0.0
2025-04-12,BCA-WAT,3,59.97,20.4,0,0.0,0.0
2025-04-12,CRE-300,4,79.96,22.4,0,0.0,0.0
2025-04-12,CRE-500,2,55.98,17.4,0,0.0,0.0
2025-04-12,OMG-3-90,2,29.98,9.8,0,0.0,0.0
2025-04-12,PRE-BRA,3,74.97,26.7,0,0.0,0.0
2025-04-12,PRE-FPU,1,24.99,8.9,0,0.0,0.0
2025-04-12,VEG-BER-1K,1,32.99,15.9,0,0.0,0.0
2025-04-12,VEG-CHO-1K,1,32.99,15.9,0,0.0,0.0
2025-04-12,VIT-MUL-90,4,51.96,13.6,0,0.0,0.0
2025-04-12,WHY-CHO-1K,7,209.93,89.6,0,0.0,0.0
2025-04-12,WHY-SCA-1K,6,179.94,76.8,0,0.0,0.0
2025-04-12,WHY-STR-1K,2,59.98,25.6,0,0.0,0.0
2025-04-12,WHY-VAN-1K,6,179.94,76.8,0,0.0,0.0
2025-04-12,WHY-VAN-25,2,109.98,51.0,0,0.0,0.0
2025-04-13,ACC-SHK,5,34.95,8.5,0,0.0,0.0
2025-04-13,BAR-CHO-12,1,24.99,13.2,0,0.0,0.0
2025-04-13,BAR-PNB-12,2,49.98,26.4,0,0.0,0.0
2025-04-13,BCA-WAT,3,59.97,20.4,0,0.0,0.0
2025-04-13,CRE-300,4,79.96,22.4,0,0.0,0.0
2025-04-13,CRE-500,3,83.97,26.1,0,0.0,0.0
2025-04-13,PRE-FPU,2,49.98,17.8,0,0.0,0.0
2025-04-13,VEG-CHO-1K,1,32.99,15.9,0,0.0,0.0
2025-04-13,VIT-D3-120,2,19.98,4.2,0,0.0,0.0
2025-04-13,VIT-MUL-90,1,12.99,3.4,0,0.0,0.0
2025-04-13,WHY-CHO-1K,4,119.96,51.2,0,0.0,0.0
2025-04-13,WHY-CHO-25,1,54.99,25.5,0,0.0,0.0
2025-04-13,WHY-SCA-1K,1,29.99,12.8,0,0.0,0.0
2025-04-13,WHY-VAN-1K,4,119.96,51.2,0,0.0,0.0
2025-04-13,WHY-VAN-25,3,164.97,76.5,0,0.0,0.0
2025-04-14,ACC-SHK,4,27.96,6.8,0,0.0,0.0
2025-04-14,BAR-CHO-12,1,24.99,13.2,0,0.0,0.0
2025-04-14,BAR-PNB-12,1,24.99,13.2,0,0.0,0.0
2025-04-14,BCA-WAT,1,19.99,6.8,0,0.0,0.0
2025-04-14,CRE-300,7,139.93,39.2,0,0.0,0.0
2025-04-14,CRE-500,10,279.9,87.0,0,0.0,0.0
2025-04-14,GAI-CHO-25,2,79.98,36.8,0,0.0,0.0
2025-04-14,OMG-3-90,4,59.96,19.6,0,0.0,0.0
2025-04-14,PRE-BRA,3,74.97,26.7,0,0.0,0.0
2025-04-14,PRE-COL,2,49.98,17.8,0,0.0,0.0
2025-04-14,PRE-FPU,6,149.94,53.4,0,0.0,0.0
2025-04-14,VEG-CHO-1K,2,65.98,31.8,0,0.0,0.0
2025-04-14,VIT-D3-120,5,49.95,10.5,0,0.0,0.0
2025-04-14,VIT-MUL-90,8,103.92,27.2,0,0.0,0.0
2025-04-14,WHY-CHO-1K,9,269.91,115.2,0,0.0,0.0
2025-04-14,WHY-CHO-25,2,109.98,51.0,0,0.0,0.0
2025-04-14,WHY-SCA-1K,10,299.9,128.0,0,0.0,0.0
2025-04-14,WHY-STR-1K,3,89.97,38.4,0,0.0,0.0
2025-04-14,WHY-VAN-1K,3,89.97,38.4,0,0.0,0.0
2025-04-14,WHY-VAN-25,5,274.95,127.5,0,0.0,0.0
2025-04-15,ACC-SHK,6,41.94,10.2,0,0.0,0.0
2025-04-15,BAR-CHO-12,4,99.96,52.8,0,0.0,0.0
2025-04-15,BAR-PNB-12,1,24.99,13.2,0,0.0,0.0
2025-04-15,BCA-LEM,1,19.99,6.8,0,0.0,0.0
2025-04-15,BCA-WAT,3,59.97,20.4,0,0.0,0.0
2025-04-15,CRE-300,7,139.93,39.2,0,0.0,0.0
2025-04-15,CRE-500,3,83.97,26.1,0,0.0,0.0
2025-04-15,OMG-3-90,1,14.99,4.9,0,0.0,0.0
2025-04-15,PRE-BRA,3,74.97,26.7,0,0.0,0.0
2025-04-15,PRE-COL,2,49.98,17.8,0,0.0,0.0
2025-04-15,PRE-FPU,1,24.99,8.9,0,0.0,0.0
2025-04-15,VEG-BER-1K,1,32.99,15.9,0,0.0,0.0
2025-04-15,VEG-CHO-1K,1,32.99,15.9,0,0.0,0.0
2025-04-15,VIT-D3-120,2,19.98,4.2,0,0.0,0.0
2025-04-15,WHY-CHO-1K,10,299.9,128.0,0,0.0,0.0
2025-04-15,WHY-CHO-25,1,54.99,25.5,0,0.0,0.0
2025-04-15,WHY-SCA-1K,2,59.98,25.6,0,0.0,0.0
2025-04-15,WHY-STR-1K,2,59.98,25.6,0,0.0,0.0
2025-04-15,WHY-VAN-25,3,164.97,76.5,0,0.0,0.0
2025-04-16,ACC-SHK,1,6.99,1.7,0,0.0,0.0
2025-04-16,BAR-CHO-12,3,74.97,39.6,0,0.0,0.0
2025-04-16,BAR-PNB-12,2,49.98,26.4,0,0.0,0.0
2025-04-16,BCA-LEM,2,39.98,13.6,0,0.0,0.0
2025-04-16,BCA-WAT,1,19.99,6.8,0,0.0,0.0
2025-04-16,CRE-300,7,139.93,39.2,0,0.0,0.0
2025-04-16,CRE-500,3,83.97,26.1,0,0.0,0.0
2025-04-16,GAI-CHO-25,2,79.98,36.8,0,0.0,0.0
2025-04-16,OMG-3-90,1,14.99,4.9,0,0.0,0.0
2025-04-16,PRE-BRA,2,49.98,17.8,0,0.0,0.0
2025-04-16,PRE-COL,2,49.98,17.8,0,0.0,0.0
2025-04-16,PRE-FPU,4,99.96,35.6,0,0.0,0.0
2025-04-16,VEG-BER-1K,1,32.99,15.9,0,0.0,0.0
2025-04-16,VEG-CHO-1K,2,65.98,31.8,0,0.0,0.0
2025-04-16,VIT-D3-120,1,9.99,2.1,0,0.0,0.0
2025-04-16,VIT-MUL-90,1,12.99,3.4,0,0.0,0.0
2025-04-16,WHY-CHO-1K,10,299.9,128.0,0,0.0,0.0
2025-04-16,WHY-SCA-1K,5,149.95,64.0,0,0.0,0.0
2025-04-16,WHY-STR-1K,1,29.99,12.8,0,0.0,0.0
2025-04-16,WHY-VAN-1K,1,29.99,12.8,0,0.0,0.0
2025-04-17,ACC-SHK,10,69.9,17.0,0,0.0,0.0
2025-04-17,BAR-CHO-12,5,124.95,66.0,0,0.0,0.0
2025-04-17,BCA-LEM,1,19.99,6.8,0,0.0,0.0
2025-04-17,BCA-WAT,2,39.98,13.6,0,0.0,0.0
2025-04-17,CRE-300,8,159.92,44.8,0,0.0,0.0
2025-04-17,CRE-500,1,27.99,8.7,0,0.0,0.0
2025-04-17,GAI-CHO-25,4,159.96,73.6,0,0.0,0.0
2025-04-17,OMG-3-90,4,59.96,19.6,0,0.0,0.0
2025-04-17,PRE-BRA,5,124.95,44.5,0,0.0,0.0
2025-04-17,PRE-FPU,4,99.96,35.6,0,0.0,0.0
2025-04-17,VEG-CHO-1K,2,65.98,31.8,0,0.0,0.0
2025-04-17,VIT-D3-120,6,59.94,12.6,0,0.0,0.0
2025-04-17,VIT-MUL-90,5,64.95,17.0,0,0.0,0.0
2025-04-17,WHY-CHO-1K,20,599.8,256.0,0,0.0,0.0
2025-04-17,WHY-CHO-25,7,384.93,178.5,0,0.0,0.0
2025-04-17,WHY-SCA-1K,7,209.93,89.6,0,0.0,0.0
2025-04-17,WHY-STR-1K,5,149.95,64.0,0,0.0,0.0
2025-04-17,WHY-VAN-1K,4,119.96,51.2,0,0.0,0.0
2025-04-17,WHY-VAN-25,2,109.98,51.0,0,0.0,0.0
2025-04-18,ACC-SHK,1,6.99,1.7,0,0.0,0.0
2025-04-18,BAR-CHO-12,3,74.97,39.6,0,0.0,0.0
2025-04-18,BAR-PNB-12,2,49.98,26.4,0,0.0,0.0
2025-04-18,CRE-300,7,139.93,39.2,0,0.0,0.0
2025-04-18,CRE-500,2,55.98,17.4,0,0.0,0.0
2025-04-18,GAI-CHO-25,1,39.99,18.4,0,0.0,0.0
2025-04-18,OMG-3-90,1,14.99,4.9,0,0.0,0.0
2025-04-18,PRE-BRA,4,99.96,35.6,0,0.0,0.0
2025-04-18,PRE-COL,1,24.99,8.9,0,0.0,0.0
2025-04-18,PRE-FPU,2,49.98,17.8,0,0.0,0.0
2025-04-18,VEG-BER-1K,1,32.99,15.9,0,0.0,0.0
2025-04-18,VEG-CHO-1K,4,131.96,63.6,0,0.0,0.0
2025-04-18,VIT-D3-120,5,49.95,10.5,0,0.0,0.0
2025-04-18,VIT-MUL-90,2,25.98,6.8,0,0.0,0.0
2025-04-18,WHY-CHO-1K,10,299.9,128.0,0,0.0,0.0
2025-04-18,WHY-CHO-25,4,219.96,102.0,0,0.0,0.0
2025-04-18,WHY-STR-1K,1,29.99,12.8,0,0.0,0.0
2025-04-18,WHY-VAN-1K,2,59.98,25.6,0,0.0,0.0
2025-04-18,WHY-VAN-25,1,54.99,25.5,0,0.0,0.0
2025-04-19,ACC-SHK,7,48.93,11.9,0,0.0,0.0
2025-04-19,BAR-CHO-12,2,49.98,26.4,0,0.0,0.0
2025-04-19,BAR-PNB-12,3,74.97,39.6,0,0.0,0.0
2025-04-19,BCA-WAT,3,59.97,20.4,0,0.0,0.0
2025-04-19,CRE-300,3,59.97,16.8,0,0.0,0.0
2025-04-19,CRE-500,2,55.98,17.4,0,0.0,0.0
2025-04-19,GAI-CHO-25,1,39.99,18.4,0,0.0,0.0
2025-04-19,OMG-3-90,3,44.97,14.7,0,0.0,0.0
2025-04-19,PRE-BRA,5,124.95,44.5,0,0.0,0.0
2025-04-19,PRE-FPU,3,74.97,26.7,0,0.0,0.0
2025-04-19,VEG-BER-1K,1,32.99,15.9,0,0.0,0.0
2025-04-19,VEG-CHO-1K,3,98.97,47.7,0,0.0,0.0
2025-04-19,VIT-MUL-90,4,51.96,13.6,0,0.0,0.0
2025-04-19,WHY-CHO-1K,9,269.91,115.2,0,0.0,0.0
2025-04-19,WHY-CHO-25,3,164.97,76.5,0,0.0,0.0
2025-04-19,WHY-SCA-1K,2,59.98,25.6,0,0.0,0.0
2025-04-19,WHY-VAN-1K,4,119.96,51.2,0,0.0,0.0
2025-04-19,WHY-VAN-25,2,109.98,51.0,0,0.0,0.0
2025-04-20,ACC-SHK,2,13.98,3.4,0,0.0,0.0
2025-04-20,BAR-CHO-12,2,49.98,26.4,0,0.0,0.0
2025-04-20,BAR-PNB-12,1,24.99,13.2,0,0.0,0.0
2025-04-20,BCA-LEM,1,19.99,6.8,0,0.0,0.0
2025-04-20,BCA-WAT,3,59.97,20.4,0,0.0,0.0
2025-04-20,CRE-300,2,39.98,11.2,0,0.0,0.0
2025-04-20,CRE-500,5,139.95,43.5,0,0.0,0.0
2025-04-20,GAI-CHO-25,1,39.99,18.4,0,0.0,0.0
2025-04-20,OMG-3-90,5,74.95,24.5,0,0.0,0.0
2025-04-20,PRE-BRA,2,49.98,17.8,0,0.0,0.0
2025-04-20,PRE-FPU,2,49.98,17.8,0,0.0,0.0
2025-04-20,VIT-D3-120,1,9.99,2.1,0,0.0,0.0
2025-04-20,VIT-MUL-90,4,51.96,13.6,0,0.0,0.0
2025-04-20,WHY-CHO-1K,7,209.93,89.6,0,0.0,0.0
2025-04-20,WHY-CHO-25,2,109.98,51.0,0,0.0,0.0
2025-04-20,WHY-SCA-1K,6,179.94,76.8,0,0.0,0.0
2025-04-20,WHY-STR-1K,5,149.95,64.0,0,0.0,0.0
2025-04-20,WHY-VAN-1K,5,149.95,64.0,0,0.0,0.0
2025-04-20,WHY-VAN-25,2,109.98,51.0,0,0.0,0.0
2025-04-21,ACC-SHK,3,20.97,5.1,0,0.0,0.0
2025-04-21,BAR-CHO-12,2,49.98,26.4,0,0.0,0.0
2025-04-21,BCA-WAT,1,19.99,6.8,0,0.0,0.0
2025-04-21,CRE-300,2,39.98,11.2,0,0.0,0.0
2025-04-21,CRE-500,2,55.98,17.4,0,0.0,0.0
2025-04-21,OMG-3-90,2,29.98,9.8,0,0.0,0.0
2025-04-21,PRE-BRA,3,74.97,26.7,0,0.0,0.0
2025-04-21,PRE-FPU,6,149.94,53.4,0,0.0,0.0
2025-04-21,VEG-CHO-1K,2,65.98,31.8,0,0.0,0.0
2025-04-21,VIT-D3-120,1,9.99,2.1,0,0.0,0.0
2025-04-21,VIT-MUL-90,1,12.99,3.4,0,0.0,0.0
2025-04-21,WHY-CHO-1K,7,209.93,89.6,0,0.0,0.0
2025-04-21,WHY-CHO-25,3,164.97,76.5,0,0.0,0.0
2025-04-21,WHY-SCA-1K,3,89.97,38.4,0,0.0,0.0
2025-04-21,WHY-STR-1K,2,59.98,25.6,0,0.0,0.0
2025-04-21,WHY-VAN-1K,3,89.97,38.4,0,0.0,0.0
2025-04-21,WHY-VAN-25,2,109.98,51.0,0,0.0,0.0
2025-04-22,ACC-SHK,6,41.94,10.2,0,0.0,0.0
2025-04-22,BAR-CHO-12,1,24.99,13.2,0,0.0,0.0
2025-04-22,BAR-PNB-12,2,49.98,26.4,0,0.0,0.0
2025-04-22,BCA-LEM,2,39.98,13.6,0,0.0,0.0
2025-04-22,BCA-WAT,2,39.98,13.6,0,0.0,0.0
2025-04-22,CRE-300,2,39.98,11.2,0,0.0,0.0
2025-04-22,CRE-500,1,27.99,8.7,0,0.0,0.0
2025-04-22,GAI-CHO-25,1,39.99,18.4,0,0.0,0.0
2025-04-22,PRE-BRA,3,74.97,26.7,0,0.0,0.0
2025-04-22,PRE-FPU,2,49.98,17.8,0,0.0,0.0
2025-04-22,VEG-CHO-1K,1,32.99,15.9,0,0.0,0.0
2025-04-22,VIT-D3-120,3,29.97,6.3,0,0.0,0.0
2025-04-22,VIT-MUL-90,6,77.94,20.4,0,0.0,0.0
2025-04-22,WHY-CHO-1K,12,359.88,153.6,0,0.0,0.0
2025-04-22,WHY-CHO-25,3,164.97,76.5,0,0.0,0.0
2025-04-22,WHY-SCA-1K,5,149.95,64.0,0,0.0,0.0
2025-04-22,WHY-VAN-1K,3,89.97,38.4,0,0.0,0.0
2025-04-23,ACC-SHK,2,13.98,3.4,0,0.0,0.0
2025-04-23,BAR-CHO-12,4,99.96,52.8,0,0.0,0.0
2025-04-23,CRE-300,6,119.94,33.6,0,0.0,0.0
2025-04-23,CRE-500,5,139.95,43.5,0,0.0,0.0
2025-04-23,OMG-3-90,2,29.98,9.8,0,0.0,0.0
2025-04-23,PRE-BRA,4,99.96,35.6,0,0.0,0.0
2025-04-23,PRE-FPU,1,24.99,8.9,0,0.0,0.0
2025-04-23,VEG-BER-1K,3,98.97,47.7,0,0.0,0.0
2025-04-23,VEG-CHO-1K,1,32.99,15.9,0,0.0,0.0
2025-04-23,VIT-D3-120,2,19.98,4.2,0,0.0,0.0
2025-04-23,VIT-MUL-90,3,38.97,10.2,0,0.0,0.0
2025-04-23,WHY-CHO-1K,5,149.95,64.0,0,0.0,0.0
2025-04-23,WHY-CHO-25,1,54.99,25.5,0,0.0,0.0
2025-04-23,WHY-STR-1K,1,29.99,12.8,0,0.0,0.0
2025-04-23,WHY-VAN-1K,10,299.9,128.0,0,0.0,0.0
2025-04-23,WHY-VAN-25,3,164.97,76.5,0,0.0,0.0
2025-04-24,ACC-SHK,2,13.98,3.4,0,0.0,0.0
2025-04-24,BAR-CHO-12,8,199.92,105.6,0,0.0,0.0
2025-04-24,BAR-PNB-12,2,49.98,26.4,0,0.0,0.0
2025-04-24,BCA-LEM,2,39.98,13.6,0,0.0,0.0
2025-04-24,BCA-WAT,2,39.98,13.6,0,0.0,0.0
2025-04-24,CRE-300,7,139.93,39.2,0,0.0,0.0
2025-04-24,CRE-500,10,279.9,87.0,0,0.0,0.0
2025-04-24,GAI-CHO-25,1,39.99,18.4,0,0.0,0.0
2025-04-24,OMG-3-90,6,89.94,29.4,0,0.0,0.0
2025-04-24,PRE-BRA,3,74.97,26.7,0,0.0,0.0
2025-04-24,PRE-COL,1,24.99,8.9,0,0.0,0.0
2025-04-24,PRE-FPU,4,99.96,35.6,0,0.0,0.0
2025-04-24,VEG-BER-1K,1,32.99,15.9,0,0.0,0.0
2025-04-24,VEG-CHO-1K,1,32.99,15.9,0,0.0,0.0
2025-04-24,VIT-D3-120,2,19.98,4.2,0,0.0,0.0
2025-04-24,VIT-MUL-90,5,64.95,17.0,0,0.0,0.0
2025-04-24,WHY-CHO-1K,12,359.88,153.6,0,0.0,0.0
2025-04-24,WHY-CHO-25,10,549.9,255.0,0,0.0,0.0
2025-04-24,WHY-SCA-1K,4,119.96,51.2,0,0.0,0.0
2025-04-24,WHY-STR-1K,11,329.89,140.8,0,0.0,0.0
2025-04-24,WHY-VAN-1K,9,269.91,115.2,0,0.0,0.0
2025-04-24,WHY-VAN-25,3,164.97,76.5,0,0.0,0.0
2025-04-25,ACC-SHK,3,20.97,5.1,0,0.0,0.0
2025-04-25,BAR-CHO-12,4,99.96,52.8,0,0.0,0.0
2025-04-25,BAR-PNB-12,3,74.97,39.6,0,0.0,0.0
2025-04-25,BCA-WAT,1,19.99,6.8,0,0.0,0.0
2025-04-25,CRE-300,7,139.93,39.2,0,0.0,0.0
2025-04-25,CRE-500,2,55.98,17.4,0,0.0,0.0
2025-04-25,OMG-3-90,2,29.98,9.8,0,0.0,0.0
2025-04-25,PRE-BRA,7,174.93,62.3,0,0.0,0.0
2025-04-25,PRE-FPU,1,24.99,8.9,0,0.0,0.0
2025-04-25,VEG-CHO-1K,2,65.98,31.8,0,0.0,0.0
2025-04-25,VIT-D3-120,2,19.98,4.2,0,0.0,0.0
2025-04-25,VIT-MUL-90,3,38.97,10.2,0,0.0,0.0
2025-04-25,WHY-CHO-1K,9,269.91,115.2,0,0.0,0.0
2025-04-25,WHY-CHO-25,2,109.98,51.0,0,0.0,0.0
2025-04-25,WHY-SCA-1K,7,209.93,89.6,0,0.0,0.0
2025-04-25,WHY-STR-1K,3,89.97,38.4,0,0.0,0.0
2025-04-25,WHY-VAN-1K,1,29.99,12.8,0,0.0,0.0
2025-04-25,WHY-VAN-25,1,54.99,25.5,0,0.0,0.0
2025-04-26,ACC-SHK,7,48.93,11.9,0,0.0,0.0
2025-04-26,BAR-CHO-12,3,74.97,39.6,0,0.0,0.0
2025-04-26,CRE-300,5,99.95,28.0,0,0.0,0.0
2025-04-26,CRE-500,1,27.99,8.7,0,0.0,0.0
2025-04-26,PRE-BRA,1,24.99,8.9,0,0.0,0.0
2025-04-26,VEG-CHO-1K,1,32.99,15.9,0,0.0,0.0
2025-04-26,VIT-D3-120,1,9.99,2.1,0,0.0,0.0
2025-04-26,VIT-MUL-90,3,38.97,10.2,0,0.0,0.0
2025-04-26,WHY-CHO-1K,9,269.91,115.2,0,0.0,0.0
2025-04-26,WHY-CHO-25,5,274.95,127.5,0,0.0,0.0
2025-04-26,WHY-SCA-1K,2,59.98,25.6,0,0.0,0.0
2025-04-26,WHY-STR-1K,1,29.99,12.8,0,0.0,0.0
2025-04-26,WHY-VAN-1K,7,209.93,89.6,0,0.0,0.0
2025-04-27,ACC-SHK,4,27.96,6.8,0,0.0,0.0
2025-04-27,BAR-CHO-12,3,74.97,39.6,0,0.0,0.0
2025-04-27,BAR-PNB-12,1,24.99,13.2,0,0.0,0.0
2025-04-27,BCA-WAT,2,39.98,13.6,0,0.0,0.0
2025-04-27,CRE-300,6,119.94,33.6,0,0.0,0.0
2025-04-27,CRE-500,6,167.94,52.2,0,0.0,0.0
2025-04-27,GAI-CHO-25,2,79.98,36.8,0,0.0,0.0
2025-04-27,PRE-BRA,1,24.99,8.9,0,0.0,0.0
2025-04-27,PRE-FPU,6,149.94,53.4,0,0.0,0.0
2025-04-27,VIT-D3-120,2,19.98,4.2,0,0.0,0.0
2025-04-27,VIT-MUL-90,6,77.94,20.4,0,0.0,0.0
2025-04-27,WHY-CHO-1K,12,359.88,153.6,0,0.0,0.0
2025-04-27,WHY-CHO-25,3,164.97,76.5,0,0.0,0.0
2025-04-27,WHY-SCA-1K,2,59.98,25.6,0,0.0,0.0
2025-04-27,WHY-STR-1K,1,29.99,12.8,0,0.0,0.0
2025-04-27,WHY-VAN-1K,3,89.97,38.4,0,0.0,0.0
2025-04-27,WHY-VAN-25,2,109.98,51.0,0,0.0,0.0
2025-04-28,ACC-SHK,5,34.95,8.5,0,0.0,0.0
2025-04-28,BAR-CHO-12,1,24.99,13.2,0,0.0,0.0
2025-04-28,BAR-PNB-12,1,24.99,13.2,0,0.0,0.0
2025-04-28,BCA-LEM,1,19.99,6.8,0,0.0,0.0
2025-04-28,BCA-WAT,2,39.98,13.6,0,0.0,0.0
2025-04-28,CRE-300,4,79.96,22.4,0,0.0,0.0
2025-04-28,CRE-500,2,55.98,17.4,0,0.0,0.0
2025-04-28,GAI-CHO-25,2,79.98,36.8,0,0.0,0.0
2025-04-28,OMG-3-90,1,14.99,4.9,0,0.0,0.0
2025-04-28,VEG-CHO-1K,4,131.96,63.6,0,0.0,0.0
2025-04-28,VIT-D3-120,3,29.97,6.3,0,0.0,0.0
2025-04-28,VIT-MUL-90,1,12.99,3.4,0,0.0,0.0
2025-04-28,WHY-CHO-1K,12,359.88,153.6,0,0.0,0.0
2025-04-28,WHY-CHO-25,4,219.96,102.0,0,0.0,0.0
2025-04-28,WHY-SCA-1K,2,59.98,25.6,0,0.0,0.0
2025-04-28,WHY-VAN-1K,2,59.98,25.6,0,0.0,0.0
2025-04-28,WHY-VAN-25,3,164.97,76.5,0,0.0,0.0
2025-04-29,ACC-SHK,5,34.95,8.5,0,0.0,0.0
2025-04-29,BAR-CHO-12,2,49.98,26.4,0,0.0,0.0
2025-04-29,BAR-PNB-12,4,99.96,52.8,0,0.0,0.0
2025-04-29,BCA-LEM,2,39.98,13.6,0,0.0,0.0
2025-04-29,BCA-WAT,2,39.98,13.6,0,0.0,0.0
2025-04-29,CRE-300,4,79.96,22.4,0,0.0,0.0
2025-04-29,CRE-500,3,83.97,26.1,0,0.0,0.0
2025-04-29,OMG-3-90,1,14.99,4.9,0,0.0,0.0
2025-04-29,PRE-BRA,3,74.97,26.7,0,0.0,0.0
2025-04-29,VIT-D3-120,4,39.96,8.4,0,0.0,0.0
2025-04-29,VIT-MUL-90,3,38.97,10.2,0,0.0,0.0
2025-04-29,WHY-CHO-1K,4,119.96,51.2,0,0.0,0.0
2025-04-29,WHY-SCA-1K,1,29.99,12.8,0,0.0,0.0
2025-04-29,WHY-STR-1K,2,59.98,25.6,0,0.0,0.0
2025-04-29,WHY-VAN-1K,7,209.93,89.6,0,0.0,0.0
2025-04-30,ACC-SHK,2,13.98,3.4,0,0.0,0.0
2025-04-30,BAR-CHO-12,3,74.97,39.6,0,0.0,0.0
2025-04-30,BCA-WAT,2,39.98,13.6,0,0.0,0.0
2025-04-30,CRE-300,6,119.94,33.6,0,0.0,0.0
2025-04-30,CRE-500,2,55.98,17.4,0,0.0,0.0
2025-04-30,GAI-CHO-25,1,39.99,18.4,0,0.0,0.0
2025-04-30,OMG-3-90,1,14.99,4.9,0,0.0,0.0
2025-04-30,PRE-BRA,3,74.97,26.7,0,0.0,0.0
2025-04-30,PRE-COL,1,24.99,8.9,0,0.0,0.0
2025-04-30,PRE-FPU,3,74.97,26.7,0,0.0,0.0
2025-04-30,VEG-BER-1K,1,32.99,15.9,0,0.0,0.0
2025-04-30,VEG-CHO-1K,3,98.97,47.7,0,0.0,0.0
2025-04-30,VIT-D3-120,1,9.99,2.1,0,0.0,0.0
2025-04-30,VIT-MUL-90,3,38.97,10.2,0,0.0,0.0
2025-04-30,WHY-CHO-1K,15,449.85,192.0,0,0.0,0.0
2025-04-30,WHY-CHO-25,1,54.99,25.5,0,0.0,0.0
2025-04-30,WHY-SCA-1K,3,89.97,38.4,0,0.0,0.0
2025-04-30,WHY-VAN-1K,5,149.95,64.0,0,0.0,0.0
2025-05-01,ACC-SHK,6,41.94,10.2,0,0.0,0.0
2025-05-01,BAR-CHO-12,8,199.92,105.6,0,0.0,0.0
2025-05-01,BAR-PNB-12,4,99.96,52.8,0,0.0,0.0
2025-05-01,BCA-LEM,3,59.97,20.4,0,0.0,0.0
2025-05-01,BCA-WAT,1,19.99,6.8,0,0.0,0.0
2025-05-01,CRE-300,14,279.86,78.4,0,0.0,0.0
2025-05-01,CRE-500,8,223.92,69.6,0,0.0,0.0
2025-05-01,GAI-CHO-25,2,79.98,36.8,0,0.0,0.0
2025-05-01,OMG-3-90,2,29.98,9.8,0,0.0,0.0
2025-05-01,PRE-BRA,9,224.91,80.1,0,0.0,0.0
2025-05-01,PRE-FPU,7,174.93,62.3,0,0.0,0.0
2025-05-01,VEG-CHO-1K,1,32.99,15.9,0,0.0,0.0
2025-05-01,VIT-D3-120,5,49.95,10.5,0,0.0,0.0
2025-05-01,VIT-MUL-90,9,116.91,30.6,0,0.0,0.0
2025-05-01,WHY-CHO-1K,15,449.85,192.0,0,0.0,0.0
2025-05-01,WHY-CHO-25,5,274.95,127.5,0,0.0,0.0
2025-05-01,WHY-SCA-1K,3,89.97,38.4,0,0.0,0.0
2025-05-01,WHY-STR-1K,10,299.9,128.0,0,0.0,0.0
2025-05-01,WHY-VAN-1K,6,179.94,76.8,0,0.0,0.0
2025-05-01,WHY-VAN-25,2,109.98,51.0,0,0.0,0.0
2025-05-02,ACC-SHK,6,41.94,10.2,0,0.0,0.0
2025-05-02,BAR-CHO-12,6,149.94,79.2,0,0.0,0.0
2025-05-02,BCA-LEM,3,59.97,20.4,0,0.0,0.0
2025-05-02,CRE-300,5,99.95,28.0,0,0.0,0.0
2025-05-02,CRE-500,3,83.97,26.1,0,0.0,0.0
2025-05-02,GAI-CHO-25,3,119.97,55.2,0,0.0,0.0
2025-05-02,PRE-BRA,3,74.97,26.7,0,0.0,0.0
2025-05-02,PRE-FPU,8,199.92,71.2,0,0.0,0.0
2025-05-02,VEG-BER-1K,2,65.98,31.8,0,0.0,0.0
2025-05-02,VEG-CHO-1K,3,98.97,47.7,0,0.0,0.0
2025-05-02,VIT-D3-120,3,29.97,6.3,0,0.0,0.0
2025-05-02,VIT-MUL-90,4,51.96,13.6,0,0.0,0.0
2025-05-02,WHY-CHO-1K,9,269.91,115.2,0,0.0,0.0
2025-05-02,WHY-CHO-25,4,219.96,102.0,0,0.0,0.0
2025-05-02,WHY-SCA-1K,3,89.97,38.4,0,0.0,0.0
2025-05-02,WHY-STR-1K,2,59.98,25.6,0,0.0,0.0
2025-05-02,WHY-VAN-1K,4,119.96,51.2,0,0.0,0.0
2025-05-03,ACC-SHK,2,13.98,3.4,0,0.0,0.0
2025-05-03,BAR-CHO-12,1,24.99,13.2,0,0.0,0.0
2025-05-03,BAR-PNB-12,1,24.99,13.2,0,0.0,0.0
2025-05-03,BCA-LEM,1,19.99,6.8,0,0.0,0.0
2025-05-03,BCA-WAT,2,39.98,13.6,0,0.0,0.0
2025-05-03,CRE-300,4,79.96,22.4,0,0.0,0.0
2025-05-03,CRE-500,2,55.98,17.4,0,0.0,0.0
2025-05-03,GAI-CHO-25,1,39.99,18.4,0,0.0,0.0
2025-05-03,OMG-3-90,2,29.98,9.8,0,0.0,0.0
2025-05-03,PRE-BRA,1,24.99,8.9,0,0.0,0.0
2025-05-03,PRE-COL,1,24.99,8.9,0,0.0,0.0
2025-05-03,PRE-FPU,3,74.97,26.7,0,0.0,0.0
2025-05-03,VEG-BER-1K,1,32.99,15.9,0,0.0,0.0
2025-05-03,VEG-CHO-1K,1,32.99,15.9,0,0.0,0.0
2025-05-03,VIT-MUL-90,2,25.98,6.8,0,0.0,0.0
2025-05-03,WHY-CHO-1K,9,269.91,115.2,0,0.0,0.0
2025-05-03,WHY-CHO-25,4,219.96,102.0,0,0.0,0.0
2025-05-03,WHY-SCA-1K,5,149.95,64.0,0,0.0,0.0
2025-05-03,WHY-STR-1K,5,149.95,64.0,0,0.0,0.0
2025-05-03,WHY-VAN-1K,5,149.95,64.0,0,0.0,0.0
2025-05-03,WHY-VAN-25,1,54.99,25.5,0,0.0,0.0
2025-05-04,ACC-SHK,2,13.98,3.4,0,0.0,0.0
2025-05-04,BAR-CHO-12,5,124.95,66.0,0,0.0,0.0
2025-05-04,BAR-PNB-12,3,74.97,39.6,0,0.0,0.0
2025-05-04,BCA-LEM,2,39.98,13.6,0,0.0,0.0
2025-05-04,BCA-WAT,3,59.97,20.4,0,0.0,0.0
2025-05-04,CRE-300,4,79.96,22.4,0,0.0,0.0
2025-05-04,CRE-500,6,167.94,52.2,0,0.0,0.0
2025-05-04,OMG-3-90,1,14.99,4.9,0,0.0,0.0
2025-05-04,PRE-BRA,6,149.94,53.4,0,0.0,0.0
2025-05-04,PRE-COL,1,24.99,8.9,0,0.0,0.0
2025-05-04,PRE-FPU,10,249.9,89.0,0,0.0,0.0
2025-05-04,VEG-CHO-1K,2,65.98,31.8,0,0.0,0.0
2025-05-04,VIT-D3-120,3,29.97,6.3,0,0.0,0.0
2025-05-04,VIT-MUL-90,1,12.99,3.4,0,0.0,0.0
2025-05-04,WHY-CHO-1K,10,299.9,128.0,0,0.0,0.0
2025-05-04,WHY-SCA-1K,11,329.89,140.8,0,0.0,0.0
2025-05-04,WHY-STR-1K,1,29.99,12.8,0,0.0,0.0
2025-05-04,WHY-VAN-1K,4,119.96,51.2,0,0.0,0.0
2025-05-04,WHY-VAN-25,2,109.98,51.0,0,0.0,0.0
2025-05-05,BAR-CHO-12,2,49.98,26.4,0,0.0,0.0
2025-05-05,BAR-PNB-12,5,124.95,66.0,0,0.0,0.0
2025-05-05,CRE-300,6,119.94,33.6,0,0.0,0.0
2025-05-05,CRE-500,2,55.98,17.4,0,0.0,0.0
2025-05-05,GAI-CHO-25,3,119.97,55.2,0,0.0,0.0
2025-05-05,OMG-3-90,2,29.98,9.8,0,0.0,0.0
2025-05-05,PRE-BRA,8,199.92,71.2,0,0.0,0.0
2025-05-05,PRE-COL,1,24.99,8.9,0,0.0,0.0
2025-05-05,PRE-FPU,9,224.91,80.1,0,0.0,0.0
2025-05-05,VEG-BER-1K,3,98.97,47.7,0,0.0,0.0
2025-05-05,VEG-CHO-1K,1,32.99,15.9,0,0.0,0.0
2025-05-05,VIT-D3-120,3,29.97,6.3,0,0.0,0.0
2025-05-05,VIT-MUL-90,5,64.95,17.0,0,0.0,0.0
2025-05-05,WHY-CHO-1K,10,299.9,128.0,0,0.0,0.0
2025-05-05,WHY-CHO-25,5,274.95,127.5,0,0.0,0.0
2025-05-05,WHY-SCA-1K,4,119.96,51.2,0,0.0,0.0
2025-05-05,WHY-STR-1K,2,59.98,25.6,0,0.0,0.0
2025-05-05,WHY-VAN-1K,4,119.96,51.2,0,0.0,0.0
2025-05-05,WHY-VAN-25,4,219.96,102.0,0,0.0,0.0
2025-05-06,ACC-SHK,3,20.97,5.1,0,0.0,0.0
2025-05-06,BAR-CHO-12,3,74.97,39.6,0,0.0,0.0
2025-05-06,BAR-PNB-12,4,99.96,52.8,0,0.0,0.0
2025-05-06,BCA-LEM,3,59.97,20.4,0,0.0,0.0
2025-05-06,CRE-300,2,39.98,11.2,0,0.0,0.0
2025-05-06,CRE-500,3,83.97,26.1,0,0.0,0.0
2025-05-06,OMG-3-90,2,29.98,9.8,0,0.0,0.0
2025-05-06,PRE-COL,2,49.98,17.8,0,0.0,0.0
2025-05-06,PRE-FPU,4,99.96,35.6,0,0.0,0.0
2025-05-06,VIT-D3-120,1,9.99,2.1,0,0.0,0.0
2025-05-06,VIT-MUL-90,5,64.95,17.0,0,0.0,0.0
2025-05-06,WHY-CHO-1K,4,119.96,51.2,0,0.0,0.0
2025-05-06,WHY-CHO-25,4,219.96,102.0,0,0.0,0.0
2025-05-06,WHY-SCA-1K,1,29.99,12.8,0,0.0,0.0
2025-05-06,WHY-STR-1K,2,59.98,25.6,0,0.0,0.0
2025-05-06,WHY-VAN-1K,6,179.94,76.8,0,0.0,0.0
2025-05-06,WHY-VAN-25,1,54.99,25.5,0,0.0,0.0
2025-05-07,BAR-CHO-12,2,49.98,26.4,0,0.0,0.0
2025-05-07,BCA-LEM,1,19.99,6.8,0,0.0,0.0
2025-05-07,CRE-500,1,27.99,8.7,0,0.0,0.0
2025-05-07,OMG-3-90,1,14.99,4.9,0,0.0,0.0
2025-05-07,PRE-BRA,2,49.98,17.8,0,0.0,0.0
2025-05-07,PRE-FPU,5,124.95,44.5,0,0.0,0.0
2025-05-07,VIT-D3-120,1,9.99,2.1,0,0.0,0.0
2025-05-07,VIT-MUL-90,3,38.97,10.2,0,0.0,0.0
2025-05-07,WHY-CHO-1K,7,209.93,89.6,0,0.0,0.0
2025-05-07,WHY-CHO-25,1,54.99,25.5,0,0.0,0.0
2025-05-07,WHY-STR-1K,3,89.97,38.4,0,0.0,0.0
2025-05-07,WHY-VAN-1K,1,29.99,12.8,0,0.0,0.0
2025-05-08,ACC-SHK,8,55.92,13.6,0,0.0,0.0
2025-05-08,BAR-CHO-12,6,149.94,79.2,0,0.0,0.0
2025-05-08,BCA-LEM,2,39.98,13.6,0,0.0,0.0
2025-05-08,BCA-WAT,1,19.99,6.8,0,0.0,0.0
2025-05-08,CRE-300,9,179.91,50.4,0,0.0,0.0
2025-05-08,CRE-500,3,83.97,26.1,0,0.0,0.0
2025-05-08,GAI-CHO-25,2,79.98,36.8,0,0.0,0.0
2025-05-08,OMG-3-90,3,44.97,14.7,0,0.0,0.0
2025-05-08,PRE-BRA,7,174.93,62.3,0,0.0,0.0
2025-05-08,PRE-COL,1,24.99,8.9,0,0.0,0.0
2025-05-08,PRE-FPU,5,124.95,44.5,0,0.0,0.0
2025-05-08,VIT-D3-120,8,79.92,16.8,0,0.0,0.0
2025-05-08,VIT-MUL-90,5,64.95,17.0,0,0.0,0.0
2025-05-08,WHY-CHO-1K,12,359.88,153.6,0,0.0,0.0
2025-05-08,WHY-CHO-25,5,274.95,127.5,0,0.0,0.0
2025-05-08,WHY-SCA-1K,5,149.95,64.0,0,0.0,0.0
2025-05-08,WHY-STR-1K,1,29.99,12.8,0,0.0,0.0
2025-05-08,WHY-VAN-1K,4,119.96,51.2,0,0.0,0.0
2025-05-08,WHY-VAN-25,3,164.97,76.5,0,0.0,0.0
2025-05-09,ACC-SHK,4,27.96,6.8,0,0.0,0.0
2025-05-09,BAR-CHO-12,2,49.98,26.4,0,0.0,0.0
2025-05-09,BAR-PNB-12,2,49.98,26.4,0,0.0,0.0
2025-05-09,BCA-LEM,1,19.99,6.8,0,0.0,0.0
2025-05-09,BCA-WAT,1,19.99,6.8,0,0.0,0.0
2025-05-09,CRE-300,3,59.97,16.8,0,0.0,0.0
2025-05-09,CRE-500,2,55.98,17.4,0,0.0,0.0
2025-05-09,OMG-3-90,3,44.97,14.7,0,0.0,0.0
2025-05-09,PRE-BRA,4,99.96,35.6,0,0.0,0.0
2025-05-09,PRE-COL,1,24.99,8.9,0,0.0,0.0
2025-05-09,PRE-FPU,5,124.95,44.5,0,0.0,0.0
2025-05-09,VIT-D3-120,2,19.98,4.2,0,0.0,0.0
2025-05-09,WHY-CHO-1K,4,119.96,51.2,0,0.0,0.0
2025-05-09,WHY-CHO-25,2,109.98,51.0,0,0.0,0.0
2025-05-09,WHY-SCA-1K,3,89.97,38.4,0,0.0,0.0
2025-05-09,WHY-STR-1K,2,59.98,25.6,0,0.0,0.0
2025-05-09,WHY-VAN-1K,2,59.98,25.6,0,0.0,0.0
2025-05-09,WHY-VAN-25,2,109.98,51.0,0,0.0,0.0
2025-05-10,ACC-SHK,9,62.91,15.3,0,0.0,0.0
2025-05-10,BAR-PNB-12,3,74.97,39.6,0,0.0,0.0
2025-05-10,BCA-LEM,2,39.98,13.6,0,0.0,0.0
2025-05-10,BCA-WAT,1,19.99,6.8,0,0.0,0.0
2025-05-10,CRE-300,10,199.9,56.0,0,0.0,0.0
2025-05-10,CRE-500,1,27.99,8.7,0,0.0,0.0
2025-05-10,OMG-3-90,5,74.95,24.5,0,0.0,0.0
2025-05-10,PRE-BRA,4,99.96,35.6,0,0.0,0.0
2025-05-10,PRE-FPU,8,199.92,71.2,0,0.0,0.0
2025-05-10,VEG-BER-1K,1,32.99,15.9,0,0.0,0.0
2025-05-10,VIT-D3-120,2,19.98,4.2,0,0.0,0.0
2025-05-10,VIT-MUL-90,1,12.99,3.4,0,0.0,0.0
2025-05-10,WHY-CHO-1K,10,299.9,128.0,0,0.0,0.0
2025-05-10,WHY-CHO-25,5,274.95,127.5,0,0.0,0.0
2025-05-10,WHY-SCA-1K,2,59.98,25.6,0,0.0,0.0
2025-05-10,WHY-STR-1K,2,59.98,25.6,0,0.0,0.0
2025-05-10,WHY-VAN-1K,5,149.95,64.0,0,0.0,0.0
2025-05-10,WHY-VAN-25,2,109.98,51.0,0,0.0,0.0
2025-05-11,ACC-SHK,5,34.95,8.5,0,0.0,0.0
2025-05-11,BAR-CHO-12,4,99.96,52.8,0,0.0,0.0
2025-05-11,BAR-PNB-12,2,49.98,26.4,0,0.0,0.0
2025-05-11,BCA-WAT,4,79.96,27.2,0,0.0,0.0
2025-05-11,CRE-300,5,99.95,28.0,0,0.0,0.0
2025-05-11,PRE-BRA,3,74.97,26.7,0,0.0,0.0
2025-05-11,PRE-FPU,1,24.99,8.9,0,0.0,0.0
2025-05-11,VEG-CHO-1K,2,65.98,31.8,0,0.0,0.0
2025-05-11,VIT-D3-120,4,39.96,8.4,0,0.0,0.0
2025-05-11,VIT-MUL-90,2,25.98,6.8,0,0.0,0.0
2025-05-11,WHY-CHO-1K,6,179.94,76.8,0,0.0,0.0
2025-05-11,WHY-CHO-25,1,54.99,25.5,0,0.0,0.0
2025-05-11,WHY-SCA-1K,3,89.97,38.4,0,0.0,0.0
2025-05-11,WHY-STR-1K,2,59.98,25.6,0,0.0,0.0
2025-05-11,WHY-VAN-1K,5,149.95,64.0,0,0.0,0.0
2025-05-11,WHY-VAN-25,4,219.96,102.0,0,0.0,0.0
2025-05-12,ACC-SHK,1,6.99,1.7,0,0.0,0.0
2025-05-12,BAR-CHO-12,2,49.98,26.4,0,0.0,0.0
2025-05-12,BAR-PNB-12,1,24.99,13.2,0,0.0,0.0
2025-05-12,BCA-WAT,1,19.99,6.8,0,0.0,0.0
2025-05-12,CRE-300,8,159.92,44.8,0,0.0,0.0
2025-05-12,CRE-500,3,83.97,26.1,0,0.0,0.0
2025-05-12,GAI-CHO-25,1,39.99,18.4,0,0.0,0.0
2025-05-12,OMG-3-90,4,59.96,19.6,0,0.0,0.0
2025-05-12,PRE-BRA,3,74.97,26.7,0,0.0,0.0
2025-05-12,PRE-COL,1,24.99,8.9,0,0.0,0.0
2025-05-12,PRE-FPU,6,149.94,53.4,0,0.0,0.0
2025-05-12,VEG-BER-1K,1,32.99,15.9,0,0.0,0.0
2025-05-12,VIT-D3-120,3,29.97,6.3,0,0.0,0.0
2025-05-12,VIT-MUL-90,2,25.98,6.8,0,0.0,0.0
2025-05-12,WHY-CHO-1K,11,329.89,140.8,0,0.0,0.0
2025-05-12,WHY-CHO-25,1,54.99,25.5,0,0.0,0.0
2025-05-12,WHY-SCA-1K,6,179.94,76.8,0,0.0,0.0
2025-05-12,WHY-STR-1K,3,89.97,38.4,0,0.0,0.0
2025-05-12,WHY-VAN-1K,4,119.96,51.2,0,0.0,0.0
2025-05-13,ACC-SHK,3,20.97,5.1,0,0.0,0.0
2025-05-13,BAR-CHO-12,1,24.99,13.2,0,0.0,0.0
2025-05-13,BCA-WAT,1,19.99,6.8,0,0.0,0.0
2025-05-13,CRE-300,5,99.95,28.0,0,0.0,0.0
2025-05-13,CRE-500,1,27.99,8.7,0,0.0,0.0
2025-05-13,GAI-CHO-25,1,39.99,18.4,0,0.0,0.0
2025-05-13,OMG-3-90,3,44.97,14.7,0,0.0,0.0
2025-05-13,PRE-BRA,2,49.98,17.8,0,0.0,0.0
2025-05-13,PRE-COL,3,74.97,26.7,0,0.0,0.0
2025-05-13,PRE-FPU,4,99.96,35.6,0,0.0,0.0
2025-05-13,VEG-CHO-1K,5,164.95,79.5,0,0.0,0.0
2025-05-13,VIT-D3-120,3,29.97,6.3,0,0.0,0.0
2025-05-13,VIT-MUL-90,5,64.95,17.0,0,0.0,0.0
2025-05-13,WHY-CHO-1K,8,239.92,102.4,0,0.0,0.0
2025-05-13,WHY-CHO-25,3,164.97,76.5,0,0.0,0.0
2025-05-13,WHY-SCA-1K,3,89.97,38.4,0,0.0,0.0
2025-05-13,WHY-STR-1K,4,119.96,51.2,0,0.0,0.0
2025-05-13,WHY-VAN-1K,2,59.98,25.6,0,0.0,0.0
2025-05-13,WHY-VAN-25,2,109.98,51.0,0,0.0,0.0
2025-05-14,ACC-SHK,3,20.97,5.1,0,0.0,0.0
2025-05-14,BAR-CHO-12,1,24.99,13.2,0,0.0,0.0
2025-05-14,BAR-PNB-12,1,24.99,13.2,0,0.0,0.0
2025-05-14,BCA-LEM,1,19.99,6.8,0,0.0,0.0
2025-05-14,BCA-WAT,2,39.98,13.6,0,0.0,0.0
2025-05-14,CRE-300,1,19.99,5.6,0,0.0,0.0
2025-05-14,CRE-500,1,27.99,8.7,0,0.0,0.0
2025-05-14,GAI-CHO-25,2,79.98,36.8,0,0.0,0.0
2025-05-14,PRE-BRA,4,99.96,35.6,0,0.0,0.0
2025-05-14,PRE-COL,1,24.99,8.9,0,0.0,0.0
2025-05-14,PRE-FPU,2,49.98,17.8,0,0.0,0.0
2025-05-14,VIT-D3-120,2,19.98,4.2,0,0.0,0.0
2025-05-14,VIT-MUL-90,1,12.99,3.4,0,0.0,0.0
2025-05-14,WHY-CHO-1K,7,209.93,89.6,0,0.0,0.0
2025-05-14,WHY-CHO-25,3,164.97,76.5,0,0.0,0.0
2025-05-14,WHY-STR-1K,3,89.97,38.4,0,0.0,0.0
2025-05-14,WHY-VAN-1K,2,59.98,25.6,0,0.0,0.0
2025-05-15,ACC-SHK,8,55.92,13.6,0,0.0,0.0
2025-05-15,BAR-CHO-12,5,124.95,66.0,0,0.0,0.0
2025-05-15,BAR-PNB-12,1,24.99,13.2,0,0.0,0.0
2025-05-15,BCA-LEM,1,19.99,6.8,0,0.0,0.0
2025-05-15,BCA-WAT,5,99.95,34.0,0,0.0,0.0
2025-05-15,CRE-300,3,59.97,16.8,0,0.0,0.0
2025-05-15,CRE-500,5,139.95,43.5,0,0.0,0.0
2025-05-15,GAI-CHO-25,1,39.99,18.4,0,0.0,0.0
2025-05-15,OMG-3-90,1,14.99,4.9,0,0.0,0.0
2025-05-15,PRE-BRA,8,199.92,71.2,0,0.0,0.0
2025-05-15,PRE-FPU,7,174.93,62.3,0,0.0,0.0
2025-05-15,VEG-BER-1K,2,65.98,31.8,0,0.0,0.0
2025-05-15,VEG-CHO-1K,1,32.99,15.9,0,0.0,0.0
2025-05-15,VIT-D3-120,3,29.97,6.3,0,0.0,0.0
2025-05-15,VIT-MUL-90,6,77.94,20.4,0,0.0,0.0
2025-05-15,WHY-CHO-1K,15,449.85,192.0,0,0.0,0.0
2025-05-15,WHY-CHO-25,6,329.94,153.0,0,0.0,0.0
2025-05-15,WHY-SCA-1K,4,119.96,51.2,0,0.0,0.0
2025-05-15,WHY-STR-1K,8,239.92,102.4,0,0.0,0.0
2025-05-15,WHY-VAN-1K,13,389.87,166.4,0,0.0,0.0
2025-05-15,WHY-VAN-25,1,54.99,25.5,0,0.0,0.0
2025-05-16,ACC-SHK,5,31.45,8.5,0,0.0,0.0
2025-05-16,BAR-CHO-12,1,22.49,13.2,0,0.0,0.0
2025-05-16,BAR-PNB-12,4,89.96,52.8,0,0.0,0.0
2025-05-16,BCA-LEM,1,17.99,6.8,0,0.0,0.0
2025-05-16,CRE-300,18,323.82,100.8,0,0.0,0.0
2025-05-16,CRE-500,11,277.09,95.7,0,0.0,0.0
2025-05-16,OMG-3-90,1,13.49,4.9,0,0.0,0.0
2025-05-16,PRE-BRA,8,179.92,71.2,0,0.0,0.0
2025-05-16,PRE-COL,2,44.98,17.8,0,0.0,0.0
2025-05-16,PRE-FPU,8,179.92,71.2,0,0.0,0.0
2025-05-16,VEG-CHO-1K,1,29.69,15.9,0,0.0,0.0
2025-05-16,VIT-D3-120,2,17.98,4.2,0,0.0,0.0
2025-05-16,VIT-MUL-90,7,81.83,23.8,0,0.0,0.0
2025-05-16,WHY-CHO-1K,14,377.86,179.2,0,0.0,0.0
2025-05-16,WHY-CHO-25,4,197.96,102.0,0,0.0,0.0
2025-05-16,WHY-SCA-1K,4,107.96,51.2,0,0.0,0.0
2025-05-16,WHY-STR-1K,8,215.92,102.4,0,0.0,0.0
2025-05-16,WHY-VAN-1K,12,323.88,153.6,0,0.0,0.0
2025-05-16,WHY-VAN-25,4,197.96,102.0,0,0.0,0.0
2025-05-17,ACC-SHK,7,44.03,11.9,0,0.0,0.0
2025-05-17,BAR-CHO-12,3,67.47,39.6,0,0.0,0.0
2025-05-17,BAR-PNB-12,2,44.98,26.4,0,0.0,0.0
2025-05-17,BCA-LEM,3,53.97,20.4,0,0.0,0.0
2025-05-17,BCA-WAT,2,35.98,13.6,0,0.0,0.0
2025-05-17,CRE-300,8,143.92,44.8,0,0.0,0.0
2025-05-17,CRE-500,7,176.33,60.9,0,0.0,0.0
2025-05-17,GAI-CHO-25,2,71.98,36.8,0,0.0,0.0
2025-05-17,OMG-3-90,4,53.96,19.6,0,0.0,0.0
2025-05-17,PRE-BRA,12,269.88,106.8,0,0.0,0.0
2025-05-17,PRE-FPU,6,134.94,53.4,0,0.0,0.0
2025-05-17,VEG-BER-1K,1,29.69,15.9,0,0.0,0.0
2025-05-17,VEG-CHO-1K,6,178.14,95.4,0,0.0,0.0
2025-05-17,VIT-D3-120,3,26.97,6.3,0,0.0,0.0
2025-05-17,VIT-MUL-90,8,93.52,27.2,0,0.0,0.0
2025-05-17,WHY-CHO-1K,14,377.86,179.2,0,0.0,0.0
2025-05-17,WHY-CHO-25,4,197.96,102.0,0,0.0,0.0
2025-05-17,WHY-SCA-1K,2,53.98,25.6,0,0.0,0.0
2025-05-17,WHY-STR-1K,2,53.98,25.6,0,0.0,0.0
2025-05-17,WHY-VAN-1K,9,242.91,115.2,0,0.0,0.0
2025-05-17,WHY-VAN-25,1,49.49,25.5,0,0.0,0.0
2025-05-18,ACC-SHK,6,37.74,10.2,0,0.0,0.0
2025-05-18,BAR-CHO-12,5,112.45,66.0,0,0.0,0.0
2025-05-18,BAR-PNB-12,3,67.47,39.6,0,0.0,0.0
2025-05-18,BCA-LEM,1,17.99,6.8,0,0.0,0.0
2025-05-18,BCA-WAT,2,35.98,13.6,0,0.0,0.0
2025-05-18,CRE-300,13,233.87,72.8,0,0.0,0.0
2025-05-18,CRE-500,4,100.76,34.8,0,0.0,0.0
2025-05-18,GAI-CHO-25,3,107.97,55.2,0,0.0,0.0
2025-05-18,OMG-3-90,8,107.92,39.2,0,0.0,0.0
2025-05-18,PRE-BRA,2,44.98,17.8,0,0.0,0.0
2025-05-18,PRE-FPU,15,337.35,133.5,0,0.0,0.0
2025-05-18,VEG-CHO-1K,3,89.07,47.7,0,0.0,0.0
2025-05-18,VIT-D3-120,7,62.93,14.7,0,0.0,0.0
2025-05-18,VIT-MUL-90,3,35.07,10.2,0,0.0,0.0
2025-05-18,WHY-CHO-1K,14,377.86,179.2,0,0.0,0.0
2025-05-18,WHY-CHO-25,2,98.98,51.0,0,0.0,0.0
2025-05-18,WHY-SCA-1K,8,215.92,102.4,0,0.0,0.0
2025-05-18,WHY-STR-1K,3,80.97,38.4,0,0.0,0.0
2025-05-18,WHY-VAN-1K,7,188.93,89.6,0,0.0,0.0
2025-05-18,WHY-VAN-25,3,148.47,76.5,0,0.0,0.0
2025-05-19,ACC-SHK,2,13.98,3.4,0,0.0,0.0
2025-05-19,BAR-PNB-12,1,24.99,13.2,0,0.0,0.0
2025-05-19,BCA-LEM,6,119.94,40.8,0,0.0,0.0
2025-05-19,BCA-WAT,1,19.99,6.8,0,0.0,0.0
2025-05-19,CRE-300,5,99.95,28.0,0,0.0,0.0
2025-05-19,CRE-500,4,111.96,34.8,0,0.0,0.0
2025-05-19,PRE-BRA,3,74.97,26.7,0,0.0,0.0
2025-05-19,PRE-FPU,4,99.96,35.6,0,0.0,0.0
2025-05-19,VEG-BER-1K,2,65.98,31.8,0,0.0,0.0
2025-05-19,VEG-CHO-1K,2,65.98,31.8,0,0.0,0.0
2025-05-19,WHY-CHO-1K,5,149.95,64.0,0,0.0,0.0
2025-05-19,WHY-CHO-25,1,54.99,25.5,0,0.0,0.0
2025-05-19,WHY-SCA-1K,3,89.97,38.4,0,0.0,0.0
2025-05-19,WHY-VAN-1K,2,59.98,25.6,0,0.0,0.0
2025-05-19,WHY-VAN-25,1,54.99,25.5,0,0.0,0.0
2025-05-20,ACC-SHK,2,13.98,3.4,0,0.0,0.0
2025-05-20,BAR-CHO-12,1,24.99,13.2,0,0.0,0.0
2025-05-20,BAR-PNB-12,4,99.96,52.8,0,0.0,0.0
2025-05-20,BCA-WAT,2,39.98,13.6,0,0.0,0.0
2025-05-20,CRE-300,1,19.99,5.6,0,0.0,0.0
2025-05-20,CRE-500,2,55.98,17.4,0,0.0,0.0
2025-05-20,OMG-3-90,1,14.99,4.9,0,0.0,0.0
2025-05-20,PRE-BRA,2,49.98,17.8,0,0.0,0.0
2025-05-20,PRE-COL,1,24.99,8.9,0,0.0,0.0
2025-05-20,PRE-FPU,2,49.98,17.8,0,0.0,0.0
2025-05-20,VIT-D3-120,2,19.98,4.2,0,0.0,0.0
2025-05-20,VIT-MUL-90,2,25.98,6.8,0,0.0,0.0
2025-05-20,WHY-CHO-1K,3,89.97,38.4,0,0.0,0.0
2025-05-20,WHY-CHO-25,2,109.98,51.0,0,0.0,0.0
2025-05-20,WHY-SCA-1K,3,89.97,38.4,0,0.0,0.0
2025-05-20,WHY-STR-1K,1,29.99,12.8,0,0.0,0.0
2025-05-20,WHY-VAN-1K,6,179.94,76.8,0,0.0,0.0
2025-05-20,WHY-VAN-25,2,109.98,51.0,0,0.0,0.0
2025-05-21,ACC-SHK,3,20.97,5.1,0,0.0,0.0
2025-05-21,BAR-CHO-12,4,99.96,52.8,0,0.0,0.0
2025-05-21,BAR-PNB-12,2,49.98,26.4,0,0.0,0.0
2025-05-21,BCA-LEM,4,79.96,27.2,0,0.0,0.0
2025-05-21,BCA-WAT,4,79.96,27.2,0,0.0,0.0
2025-05-21,CRE-300,8,159.92,44.8,0,0.0,0.0
2025-05-21,CRE-500,1,27.99,8.7,0,0.0,0.0
2025-05-21,GAI-CHO-25,2,79.98,36.8,0,0.0,0.0
2025-05-21,OMG-3-90,2,29.98,9.8,0,0.0,0.0
2025-05-21,PRE-BRA,7,174.93,62.3,0,0.0,0.0
2025-05-21,PRE-COL,4,99.96,35.6,0,0.0,0.0
2025-05-21,PRE-FPU,9,224.91,80.1,0,0.0,0.0
2025-05-21,VEG-BER-1K,1,32.99,15.9,0,0.0,0.0
2025-05-21,VIT-D3-120,1,9.99,2.1,0,0.0,0.0
2025-05-21,VIT-MUL-90,3,38.97,10.2,0,0.0,0.0
2025-05-21,WHY-CHO-1K,4,119.96,51.2,0,0.0,0.0
2025-05-21,WHY-CHO-25,4,219.96,102.0,0,0.0,0.0
2025-05-21,WHY-SCA-1K,3,89.97,38.4,0,0.0,0.0
2025-05-21,WHY-STR-1K,1,29.99,12.8,0,0.0,0.0
2025-05-21,WHY-VAN-1K,4,119.96,51.2,0,0.0,0.0
2025-05-21,WHY-VAN-25,1,54.99,25.5,0,0.0,0.0
2025-05-22,ACC-SHK,9,62.91,15.3,0,0.0,0.0
2025-05-22,BAR-CHO-12,13,324.87,171.6,0,0.0,0.0
2025-05-22,BAR-PNB-12,10,249.9,132.0,0,0.0,0.0
2025-05-22,BCA-LEM,1,19.99,6.8,0,0.0,0.0
2025-05-22,BCA-WAT,3,59.97,20.4,0,0.0,0.0
2025-05-22,CRE-300,11,219.89,61.6,0,0.0,0.0
2025-05-22,CRE-500,12,335.88,104.4,0,0.0,0.0
2025-05-22,GAI-CHO-25,1,39.99,18.4,0,0.0,0.0
2025-05-22,OMG-3-90,3,44.97,14.7,0,0.0,0.0
2025-05-22,PRE-BRA,9,224.91,80.1,0,0.0,0.0
2025-05-22,PRE-COL,1,24.99,8.9,0,0.0,0.0
2025-05-22,PRE-FPU,11,274.89,97.9,0,0.0,0.0
2025-05-22,VEG-BER-1K,2,65.98,31.8,0,0.0,0.0
2025-05-22,VEG-CHO-1K,1,32.99,15.9,0,0.0,0.0
2025-05-22,VIT-D3-120,1,9.99,2.1,0,0.0,0.0
2025-05-22,VIT-MUL-90,3,38.97,10.2,0,0.0,0.0
2025-05-22,WHY-CHO-1K,10,299.9,128.0,0,0.0,0.0
2025-05-22,WHY-CHO-25,3,164.97,76.5,0,0.0,0.0
2025-05-22,WHY-SCA-1K,8,239.92,102.4,0,0.0,0.0
2025-05-22,WHY-STR-1K,8,239.92,102.4,0,0.0,0.0
2025-05-22,WHY-VAN-1K,6,179.94,76.8,0,0.0,0.0
2025-05-22,WHY-VAN-25,5,274.95,127.5,0,0.0,0.0
2025-05-23,ACC-SHK,2,13.98,3.4,0,0.0,0.0
2025-05-23,BAR-CHO-12,3,74.97,39.6,0,0.0,0.0
2025-05-23,CRE-300,5,99.95,28.0,0,0.0,0.0
2025-05-23,CRE-500,1,27.99,8.7,0,0.0,0.0
2025-05-23,GAI-CHO-25,1,39.99,18.4,0,0.0,0.0
2025-05-23,PRE-BRA,2,49.98,17.8,0,0.0,0.0
2025-05-23,PRE-COL,5,124.95,44.5,0,0.0,0.0
2025-05-23,PRE-FPU,4,99.96,35.6,0,0.0,0.0
2025-05-23,VEG-BER-1K,1,32.99,15.9,0,0.0,0.0
2025-05-23,VEG-CHO-1K,1,32.99,15.9,0,0.0,0.0
2025-05-23,VIT-D3-120,2,19.98,4.2,0,0.0,0.0
2025-05-23,VIT-MUL-90,1,12.99,3.4,0,0.0,0.0
2025-05-23,WHY-CHO-1K,3,89.97,38.4,0,0.0,0.0
2025-05-23,WHY-CHO-25,2,109.98,51.0,0,0.0,0.0
2025-05-23,WHY-SCA-1K,1,29.99,12.8,0,0.0,0.0
2025-05-23,WHY-STR-1K,2,59.98,25.6,0,0.0,0.0
2025-05-23,WHY-VAN-1K,2,59.98,25.6,0,0.0,0.0
2025-05-23,WHY-VAN-25,1,54.99,25.5,0,0.0,0.0
2025-05-24,ACC-SHK,3,20.97,5.1,0,0.0,0.0
2025-05-24,BAR-CHO-12,3,74.97,39.6,0,0.0,0.0
2025-05-24,BAR-PNB-12,2,49.98,26.4,0,0.0,0.0
2025-05-24,BCA-LEM,2,39.98,13.6,0,0.0,0.0
2025-05-24,BCA-WAT,1,19.99,6.8,0,0.0,0.0
2025-05-24,CRE-300,3,59.97,16.8,0,0.0,0.0
2025-05-24,CRE-500,1,27.99,8.7,0,0.0,0.0
2025-05-24,PRE-BRA,4,99.96,35.6,0,0.0,0.0
2025-05-24,PRE-COL,1,24.99,8.9,0,0.0,0.0
2025-05-24,PRE-FPU,6,149.94,53.4,0,0.0,0.0
2025-05-24,VEG-BER-1K,5,164.95,79.5,0,0.0,0.0
2025-05-24,VEG-CHO-1K,2,65.98,31.8,0,0.0,0.0
2025-05-24,VIT-MUL-90,2,25.98,6.8,0,0.0,0.0
2025-05-24,WHY-CHO-1K,4,119.96,51.2,0,0.0,0.0
2025-05-24,WHY-CHO-25,2,109.98,51.0,0,0.0,0.0
2025-05-24,WHY-STR-1K,1,29.99,12.8,0,0.0,0.0
2025-05-24,WHY-VAN-1K,3,89.97,38.4,0,0.0,0.0
2025-05-24,WHY-VAN-25,2,109.98,51.0,0,0.0,0.0
2025-05-25,ACC-SHK,1,6.99,1.7,0,0.0,0.0
2025-05-25,BAR-CHO-12,1,24.99,13.2,0,0.0,0.0
2025-05-25,BAR-PNB-12,2,49.98,26.4,0,0.0,0.0
2025-05-25,CRE-300,11,219.89,61.6,0,0.0,0.0
2025-05-25,CRE-500,9,251.91,78.3,0,0.0,0.0
2025-05-25,OMG-3-90,4,59.96,19.6,0,0.0,0.0
2025-05-25,PRE-BRA,4,99.96,35.6,0,0.0,0.0
2025-05-25,PRE-FPU,1,24.99,8.9,0,0.0,0.0
2025-05-25,VEG-CHO-1K,1,32.99,15.9,0,0.0,0.0
2025-05-25,VIT-D3-120,1,9.99,2.1,0,0.0,0.0
2025-05-25,VIT-MUL-90,4,51.96,13.6,0,0.0,0.0
2025-05-25,WHY-CHO-1K,5,149.95,64.0,0,0.0,0.0
2025-05-25,WHY-CHO-25,3,164.97,76.5,0,0.0,0.0
2025-05-25,WHY-SCA-1K,3,89.97,38.4,0,0.0,0.0
2025-05-25,WHY-VAN-1K,4,119.96,51.2,0,0.0,0.0
2025-05-25,WHY-VAN-25,2,109.98,51.0,0,0.0,0.0
2025-05-26,ACC-SHK,2,13.98,3.4,0,0.0,0.0
2025-05-26,BAR-CHO-12,4,99.96,52.8,0,0.0,0.0
2025-05-26,BCA-LEM,3,59.97,20.4,0,0.0,0.0
2025-05-26,BCA-WAT,1,19.99,6.8,0,0.0,0.0
2025-05-26,CRE-300,3,59.97,16.8,0,0.0,0.0
2025-05-26,CRE-500,4,111.96,34.8,0,0.0,0.0
2025-05-26,GAI-CHO-25,2,79.98,36.8,0,0.0,0.0
2025-05-26,OMG-3-90,2,29.98,9.8,0,0.0,0.0
2025-05-26,PRE-BRA,2,49.98,17.8,0,0.0,0.0
2025-05-26,PRE-COL,3,74.97,26.7,0,0.0,0.0
2025-05-26,PRE-FPU,4,99.96,35.6,0,0.0,0.0
2025-05-26,VEG-CHO-1K,4,131.96,63.6,0,0.0,0.0
2025-05-26,VIT-D3-120,1,9.99,2.1,0,0.0,0.0
2025-05-26,WHY-CHO-1K,10,299.9,128.0,0,0.0,0.0
2025-05-26,WHY-CHO-25,3,164.97,76.5,0,0.0,0.0
2025-05-26,WHY-SCA-1K,1,29.99,12.8,0,0.0,0.0
2025-05-26,WHY-STR-1K,6,179.94,76.8,0,0.0,0.0
2025-05-26,WHY-VAN-1K,5,149.95,64.0,0,0.0,0.0
2025-05-26,WHY-VAN-25,1,54.99,25.5,0,0.0,0.0
2025-05-27,BAR-CHO-12,2,49.98,26.4,0,0.0,0.0
2025-05-27,BAR-PNB-12,2,49.98,26.4,0,0.0,0.0
2025-05-27,BCA-WAT,1,19.99,6.8,0,0.0,0.0
2025-05-27,CRE-300,6,119.94,33.6,0,0.0,0.0
2025-05-27,CRE-500,2,55.98,17.4,0,0.0,0.0
2025-05-27,GAI-CHO-25,1,39.99,18.4,0,0.0,0.0
2025-05-27,OMG-3-90,1,14.99,4.9,0,0.0,0.0
2025-05-27,PRE-BRA,1,24.99,8.9,0,0.0,0.0
2025-05-27,PRE-COL,1,24.99,8.9,0,0.0,0.0
2025-05-27,PRE-FPU,1,24.99,8.9,0,0.0,0.0
2025-05-27,VEG-CHO-1K,1,32.99,15.9,0,0.0,0.0
2025-05-27,VIT-D3-120,1,9.99,2.1,0,0.0,0.0
2025-05-27,VIT-MUL-90,2,25.98,6.8,0,0.0,0.0
2025-05-27,WHY-CHO-1K,8,239.92,102.4,0,0.0,0.0
2025-05-27,WHY-CHO-25,5,274.95,127.5,0,0.0,0.0
2025-05-27,WHY-SCA-1K,3,89.97,38.4,0,0.0,0.0
2025-05-27,WHY-STR-1K,3,89.97,38.4,0,0.0,0.0
2025-05-27,WHY-VAN-1K,5,149.95,64.0,0,0.0,0.0
2025-05-27,WHY-VAN-25,2,109.98,51.0,0,0.0,0.0
2025-05-28,ACC-SHK,4,27.96,6.8,0,0.0,0.0
2025-05-28,BAR-CHO-12,4,99.96,52.8,0,0.0,0.0
2025-05-28,BCA-LEM,3,59.97,20.4,0,0.0,0.0
2025-05-28,BCA-WAT,3,59.97,20.4,0,0.0,0.0
2025-05-28,CRE-300,4,79.96,22.4,0,0.0,0.0
2025-05-28,CRE-500,3,83.97,26.1,0,0.0,0.0
2025-05-28,PRE-BRA,2,49.98,17.8,0,0.0,0.0
2025-05-28,PRE-FPU,5,124.95,44.5,0,0.0,0.0
2025-05-28,VIT-D3-120,1,9.99,2.1,0,0.0,0.0
2025-05-28,WHY-CHO-1K,11,329.89,140.8,0,0.0,0.0
2025-05-28,WHY-CHO-25,1,54.99,25.5,0,0.0,0.0
2025-05-28,WHY-STR-1K,2,59.98,25.6,0,0.0,0.0
2025-05-28,WHY-VAN-1K,4,119.96,51.2,0,0.0,0.0
2025-05-28,WHY-VAN-25,3,164.97,76.5,0,0.0,0.0
2025-05-29,ACC-SHK,3,20.97,5.1,0,0.0,0.0
2025-05-29,BAR-CHO-12,3,74.97,39.6,0,0.0,0.0
2025-05-29,BAR-PNB-12,1,24.99,13.2,0,0.0,0.0
2025-05-29,BCA-WAT,1,19.99,6.8,0,0.0,0.0
2025-05-29,CRE-300,1,19.99,5.6,0,0.0,0.0
2025-05-29,CRE-500,6,167.94,52.2,0,0.0,0.0
2025-05-29,GAI-CHO-25,1,39.99,18.4,0,0.0,0.0
2025-05-29,PRE-BRA,3,74.97,26.7,0,0.0,0.0
2025-05-29,PRE-FPU,6,149.94,53.4,0,0.0,0.0
2025-05-29,VEG-CHO-1K,3,98.97,47.7,0,0.0,0.0
2025-05-29,VIT-D3-120,2,19.98,4.2,0,0.0,0.0
2025-05-29,VIT-MUL-90,4,51.96,13.6,0,0.0,0.0
2025-05-29,WHY-CHO-1K,7,209.93,89.6,0,0.0,0.0
2025-05-29,WHY-CHO-25,6,329.94,153.0,0,0.0,0.0
2025-05-29,WHY-SCA-1K,6,179.94,76.8,0,0.0,0.0
2025-05-29,WHY-STR-1K,1,29.99,12.8,0,0.0,0.0
2025-05-29,WHY-VAN-1K,14,419.86,179.2,0,0.0,0.0
2025-05-29,WHY-VAN-25,4,219.96,102.0,0,0.0,0.0
2025-05-30,ACC-SHK,4,27.96,6.8,0,0.0,0.0
2025-05-30,BAR-CHO-12,7,174.93,92.4,0,0.0,0.0
2025-05-30,BAR-PNB-12,1,24.99,13.2,0,0.0,0.0
2025-05-30,BCA-WAT,1,19.99,6.8,0,0.0,0.0
2025-05-30,CRE-300,6,119.94,33.6,0,0.0,0.0
2025-05-30,CRE-500,2,55.98,17.4,0,0.0,0.0
2025-05-30,GAI-CHO-25,3,119.97,55.2,0,0.0,0.0
2025-05-30,PRE-BRA,7,174.93,62.3,0,0.0,0.0
2025-05-30,PRE-FPU,9,224.91,80.1,0,0.0,0.0
2025-05-30,VEG-BER-1K,1,32.99,15.9,0,0.0,0.0
2025-05-30,VIT-D3-120,1,9.99,2.1,0,0.0,0.0
2025-05-30,VIT-MUL-90,2,25.98,6.8,0,0.0,0.0
2025-05-30,WHY-CHO-1K,13,389.87,166.4,0,0.0,0.0
2025-05-30,WHY-CHO-25,3,164.97,76.5,0,0.0,0.0
2025-05-30,WHY-SCA-1K,5,149.95,64.0,0,0.0,0.0
2025-05-30,WHY-STR-1K,4,119.96,51.2,0,0.0,0.0
2025-05-30,WHY-VAN-1K,5,149.95,64.0,0,0.0,0.0
2025-05-30,WHY-VAN-25,2,109.98,51.0,0,0.0,0.0
2025-05-31,ACC-SHK,2,13.98,3.4,0,0.0,0.0
2025-05-31,BAR-CHO-12,1,24.99,13.2,0,0.0,0.0
2025-05-31,BAR-PNB-12,3,74.97,39.6,0,0.0,0.0
2025-05-31,BCA-WAT,1,19.99,6.8,0,0.0,0.0
2025-05-31,CRE-300,4,79.96,22.4,0,0.0,0.0
2025-05-31,CRE-500,2,55.98,17.4,0,0.0,0.0
2025-05-31,GAI-CHO-25,3,119.97,55.2,0,0.0,0.0
2025-05-31,OMG-3-90,1,14.99,4.9,0,0.0,0.0
2025-05-31,PRE-BRA,1,24.99,8.9,0,0.0,0.0
2025-05-31,PRE-FPU,4,99.96,35.6,0,0.0,0.0
2025-05-31,VEG-BER-1K,1,32.99,15.9,0,0.0,0.0
2025-05-31,VEG-CHO-1K,2,65.98,31.8,0,0.0,0.0
2025-05-31,VIT-D3-120,5,49.95,10.5,0,0.0,0.0
2025-05-31,VIT-MUL-90,4,51.96,13.6,0,0.0,0.0
2025-05-31,WHY-CHO-1K,4,119.96,51.2,0,0.0,0.0
2025-05-31,WHY-CHO-25,4,219.96,102.0,0,0.0,0.0
2025-05-31,WHY-SCA-1K,4,119.96,51.2,0,0.0,0.0
2025-05-31,WHY-STR-1K,2,59.98,25.6,0,0.0,0.0
2025-05-31,WHY-VAN-1K,2,59.98,25.6,0,0.0,0.0
2025-06-01,BAR-CHO-12,4,99.96,52.8,0,0.0,0.0
2025-06-01,BAR-PNB-12,1,24.99,13.2,0,0.0,0.0
2025-06-01,BCA-LEM,1,19.99,6.8,0,0.0,0.0
2025-06-01,BCA-WAT,1,19.99,6.8,0,0.0,0.0
2025-06-01,CRE-300,4,79.96,22.4,0,0.0,0.0
2025-06-01,CRE-500,3,83.97,26.1,0,0.0,0.0
2025-06-01,GAI-CHO-25,1,39.99,18.4,0,0.0,0.0
2025-06-01,OMG-3-90,2,29.98,9.8,0,0.0,0.0
2025-06-01,PRE-BRA,2,49.98,17.8,0,0.0,0.0
2025-06-01,PRE-COL,1,24.99,8.9,0,0.0,0.0
2025-06-01,PRE-FPU,4,99.96,35.6,0,0.0,0.0
2025-06-01,VEG-BER-1K,1,32.99,15.9,0,0.0,0.0
2025-06-01,VEG-CHO-1K,1,32.99,15.9,0,0.0,0.0
2025-06-01,VIT-MUL-90,1,12.99,3.4,0,0.0,0.0
2025-06-01,WHY-CHO-1K,14,419.86,179.2,0,0.0,0.0
2025-06-01,WHY-CHO-25,3,164.97,76.5,0,0.0,0.0
2025-06-01,WHY-SCA-1K,1,29.99,12.8,0,0.0,0.0
2025-06-01,WHY-STR-1K,5,149.95,64.0,0,0.0,0.0
2025-06-01,WHY-VAN-1K,5,149.95,64.0,0,0.0,0.0
2025-06-02,ACC-SHK,2,13.98,3.4,0,0.0,0.0
2025-06-02,BAR-CHO-12,1,24.99,13.2,0,0.0,0.0
2025-06-02,BAR-PNB-12,1,24.99,13.2,0,0.0,0.0
2025-06-02,BCA-WAT,4,79.96,27.2,0,0.0,0.0
2025-06-02,CRE-300,8,159.92,44.8,0,0.0,0.0
2025-06-02,CRE-500,3,83.97,26.1,0,0.0,0.0
2025-06-02,OMG-3-90,1,14.99,4.9,0,0.0,0.0
2025-06-02,PRE-BRA,2,49.98,17.8,0,0.0,0.0
2025-06-02,PRE-COL,1,24.99,8.9,0,0.0,0.0
2025-06-02,PRE-FPU,6,149.94,53.4,0,0.0,0.0
2025-06-02,VIT-D3-120,4,39.96,8.4,0,0.0,0.0
2025-06-02,VIT-MUL-90,1,12.99,3.4,0,0.0,0.0
2025-06-02,WHY-CHO-1K,8,239.92,102.4,0,0.0,0.0
2025-06-02,WHY-CHO-25,1,54.99,25.5,0,0.0,0.0
2025-06-02,WHY-SCA-1K,6,179.94,76.8,0,0.0,0.0
2025-06-02,WHY-VAN-1K,8,239.92,102.4,0,0.0,0.0
2025-06-02,WHY-VAN-25,4,219.96,102.0,0,0.0,0.0
2025-06-03,ACC-SHK,3,20.97,5.1,0,0.0,0.0
2025-06-03,BAR-CHO-12,3,74.97,39.6,0,0.0,0.0
2025-06-03,BCA-WAT,3,59.97,20.4,0,0.0,0.0
2025-06-03,CRE-300,8,159.92,44.8,0,0.0,0.0
2025-06-03,CRE-500,1,27.99,8.7,0,0.0,0.0
2025-06-03,OMG-3-90,4,59.96,19.6,0,0.0,0.0
2025-06-03,PRE-FPU,2,49.98,17.8,0,0.0,0.0
2025-06-03,VEG-CHO-1K,2,65.98,31.8,0,0.0,0.0
2025-06-03,VIT-MUL-90,1,12.99,3.4,0,0.0,0.0
2025-06-03,WHY-CHO-1K,8,239.92,102.4,0,0.0,0.0
2025-06-03,WHY-CHO-25,3,164.97,76.5,0,0.0,0.0
2025-06-03,WHY-SCA-1K,5,149.95,64.0,0,0.0,0.0
2025-06-03,WHY-STR-1K,1,29.99,12.8,0,0.0,0.0
2025-06-03,WHY-VAN-1K,4,119.96,51.2,0,0.0,0.0
2025-06-04,ACC-SHK,2,13.98,3.4,0,0.0,0.0
2025-06-04,BAR-CHO-12,3,74.97,39.6,0,0.0,0.0
2025-06-04,BAR-PNB-12,1,24.99,13.2,0,0.0,0.0
2025-06-04,BCA-LEM,1,19.99,6.8,0,0.0,0.0
2025-06-04,BCA-WAT,3,59.97,20.4,0,0.0,0.0
2025-06-04,CRE-300,4,79.96,22.4,0,0.0,0.0
2025-06-04,CRE-500,2,55.98,17.4,0,0.0,0.0
2025-06-04,GAI-CHO-25,2,79.98,36.8,0,0.0,0.0
2025-06-04,OMG-3-90,4,59.96,19.6,0,0.0,0.0
2025-06-04,PRE-BRA,2,49.98,17.8,0,0.0,0.0
2025-06-04,PRE-COL,1,24.99,8.9,0,0.0,0.0
2025-06-04,PRE-FPU,3,74.97,26.7,0,0.0,0.0
2025-06-04,VEG-CHO-1K,1,32.99,15.9,0,0.0,0.0
2025-06-04,VIT-D3-120,3,29.97,6.3,0,0.0,0.0
2025-06-04,VIT-MUL-90,4,51.96,13.6,0,0.0,0.0
2025-06-04,WHY-CHO-1K,4,119.96,51.2,0,0.0,0.0
2025-06-04,WHY-CHO-25,4,219.96,102.0,0,0.0,0.0
2025-06-04,WHY-SCA-1K,2,59.98,25.6,0,0.0,0.0
2025-06-04,WHY-STR-1K,3,89.97,38.4,0,0.0,0.0
2025-06-04,WHY-VAN-1K,6,179.94,76.8,0,0.0,0.0
2025-06-05,ACC-SHK,8,55.92,13.6,0,0.0,0.0
2025-06-05,BAR-CHO-12,3,74.97,39.6,0,0.0,0.0
2025-06-05,BAR-PNB-12,5,124.95,66.0,0,0.0,0.0
2025-06-05,BCA-LEM,2,39.98,13.6,0,0.0,0.0
2025-06-05,BCA-WAT,2,39.98,13.6,0,0.0,0.0
2025-06-05,CRE-300,10,199.9,56.0,0,0.0,0.0
2025-06-05,CRE-500,12,335.88,104.4,0,0.0,0.0
2025-06-05,GAI-CHO-25,3,119.97,55.2,0,0.0,0.0
2025-06-05,PRE-BRA,6,149.94,53.4,0,0.0,0.0
2025-06-05,PRE-COL,2,49.98,17.8,0,0.0,0.0
2025-06-05,PRE-FPU,9,224.91,80.1,0,0.0,0.0
2025-06-05,VEG-CHO-1K,4,131.96,63.6,0,0.0,0.0
2025-06-05,VIT-D3-120,4,39.96,8.4,0,0.0,0.0
2025-06-05,VIT-MUL-90,4,51.96,13.6,0,0.0,0.0
2025-06-05,WHY-CHO-1K,19,569.81,243.2,0,0.0,0.0
2025-06-05,WHY-CHO-25,4,219.96,102.0,0,0.0,0.0
2025-06-05,WHY-SCA-1K,5,149.95,64.0,0,0.0,0.0
2025-06-05,WHY-STR-1K,1,29.99,12.8,0,0.0,0.0
2025-06-05,WHY-VAN-1K,10,299.9,128.0,0,0.0,0.0
2025-06-05,WHY-VAN-25,6,329.94,153.0,0,0.0,0.0
2025-06-06,ACC-SHK,1,6.99,1.7,0,0.0,0.0
2025-06-06,BAR-CHO-12,3,74.97,39.6,0,0.0,0.0
2025-06-06,BAR-PNB-12,1,24.99,13.2,0,0.0,0.0
2025-06-06,CRE-300,2,39.98,11.2,0,0.0,0.0
2025-06-06,CRE-500,3,83.97,26.1,0,0.0,0.0
2025-06-06,OMG-3-90,4,59.96,19.6,0,0.0,0.0
2025-06-06,PRE-BRA,2,49.98,17.8,0,0.0,0.0
2025-06-06,PRE-FPU,3,74.97,26.7,0,0.0,0.0
2025-06-06,VEG-BER-1K,1,32.99,15.9,0,0.0,0.0
2025-06-06,VEG-CHO-1K,1,32.99,15.9,0,0.0,0.0
2025-06-06,VIT-D3-120,2,19.98,4.2,0,0.0,0.0
2025-06-06,VIT-MUL-90,3,38.97,10.2,0,0.0,0.0
2025-06-06,WHY-CHO-1K,4,119.96,51.2,0,0.0,0.0
2025-06-06,WHY-CHO-25,1,54.99,25.5,0,0.0,0.0
2025-06-06,WHY-SCA-1K,3,89.97,38.4,0,0.0,0.0
2025-06-06,WHY-STR-1K,3,89.97,38.4,0,0.0,0.0
2025-06-06,WHY-VAN-1K,4,119.96,51.2,0,0.0,0.0
2025-06-07,BAR-CHO-12,2,49.98,26.4,0,0.0,0.0
2025-06-07,BCA-LEM,2,39.98,13.6,0,0.0,0.0
2025-06-07,CRE-300,4,79.96,22.4,0,0.0,0.0
2025-06-07,CRE-500,2,55.98,17.4,0,0.0,0.0
2025-06-07,OMG-3-90,1,14.99,4.9,0,0.0,0.0
2025-06-07,PRE-BRA,7,174.93,62.3,0,0.0,0.0
2025-06-07,PRE-COL,2,49.98,17.8,0,0.0,0.0
2025-06-07,PRE-FPU,4,99.96,35.6,0,0.0,0.0
2025-06-07,VIT-D3-120,2,19.98,4.2,0,0.0,0.0
2025-06-07,VIT-MUL-90,5,64.95,17.0,0,0.0,0.0
2025-06-07,WHY-CHO-1K,7,209.93,89.6,0,0.0,0.0
2025-06-07,WHY-CHO-25,1,54.99,25.5,0,0.0,0.0
2025-06-07,WHY-SCA-1K,4,119.96,51.2,0,0.0,0.0
2025-06-07,WHY-STR-1K,1,29.99,12.8,0,0.0,0.0
2025-06-07,WHY-VAN-1K,5,149.95,64.0,0,0.0,0.0
2025-06-08,ACC-SHK,5,34.95,8.5,0,0.0,0.0
2025-06-08,BAR-CHO-12,3,74.97,39.6,0,0.0,0.0
2025-06-08,BAR-PNB-12,1,24.99,13.2,0,0.0,0.0
2025-06-08,BCA-LEM,1,19.99,6.8,0,0.0,0.0
2025-06-08,CRE-300,4,79.96,22.4,0,0.0,0.0
2025-06-08,CRE-500,3,83.97,26.1,0,0.0,0.0
2025-06-08,GAI-CHO-25,1,39.99,18.4,0,0.0,0.0
2025-06-08,OMG-3-90,3,44.97,14.7,0,0.0,0.0
2025-06-08,PRE-FPU,2,49.98,17.8,0,0.0,0.0
2025-06-08,VEG-BER-1K,4,131.96,63.6,0,0.0,0.0
2025-06-08,VEG-CHO-1K,3,98.97,47.7,0,0.0,0.0
2025-06-08,VIT-MUL-90,2,25.98,6.8,0,0.0,0.0
2025-06-08,WHY-CHO-1K,5,149.95,64.0,0,0.0,0.0
2025-06-08,WHY-CHO-25,1,54.99,25.5,0,0.0,0.0
2025-06-08,WHY-SCA-1K,3,89.97,38.4,0,0.0,0.0
2025-06-08,WHY-VAN-1K,1,29.99,12.8,0,0.0,0.0
2025-06-09,ACC-SHK,1,6.99,1.7,0,0.0,0.0
2025-06-09,BAR-CHO-12,2,49.98,26.4,0,0.0,0.0
2025-06-09,BAR-PNB-12,3,74.97,39.6,0,0.0,0.0
2025-06-09,BCA-LEM,2,39.98,13.6,0,0.0,0.0
2025-06-09,BCA-WAT,1,19.99,6.8,0,0.0,0.0
2025-06-09,CRE-300,8,159.92,44.8,0,0.0,0.0
2025-06-09,CRE-500,3,83.97,26.1,0,0.0,0.0
2025-06-09,GAI-CHO-25,1,39.99,18.4,0,0.0,0.0
2025-06-09,OMG-3-90,1,14.99,4.9,0,0.0,0.0
2025-06-09,PRE-BRA,4,99.96,35.6,0,0.0,0.0
2025-06-09,PRE-FPU,6,149.94,53.4,0,0.0,0.0
2025-06-09,VEG-BER-1K,1,32.99,15.9,0,0.0,0.0
2025-06-09,VEG-CHO-1K,2,65.98,31.8,0,0.0,0.0
2025-06-09,VIT-D3-120,3,29.97,6.3,0,0.0,0.0
2025-06-09,WHY-CHO-1K,3,89.97,38.4,0,0.0,0.0
2025-06-09,WHY-CHO-25,3,164.97,76.5,0,0.0,0.0
2025-06-09,WHY-SCA-1K,2,59.98,25.6,0,0.0,0.0
2025-06-09,WHY-STR-1K,2,59.98,25.6,0,0.0,0.0
2025-06-09,WHY-VAN-1K,5,149.95,64.0,0,0.0,0.0
2025-06-09,WHY-VAN-25,2,109.98,51.0,0,0.0,0.0
2025-06-10,ACC-SHK,8,55.92,13.6,0,0.0,0.0
2025-06-10,BAR-CHO-12,2,49.98,26.4,0,0.0,0.0
2025-06-10,BCA-LEM,1,19.99,6.8,0,0.0,0.0
2025-06-10,BCA-WAT,1,19.99,6.8,0,0.0,0.0
2025-06-10,CRE-300,3,59.97,16.8,0,0.0,0.0
2025-06-10,GAI-CHO-25,1,39.99,18.4,0,0.0,0.0
2025-06-10,OMG-3-90,5,74.95,24.5,0,0.0,0.0
2025-06-10,PRE-BRA,2,49.98,17.8,0,0.0,0.0
2025-06-10,PRE-FPU,4,99.96,35.6,0,0.0,0.0
2025-06-10,VEG-BER-1K,3,98.97,47.7,0,0.0,0.0
2025-06-10,VIT-D3-120,2,19.98,4.2,0,0.0,0.0
2025-06-10,VIT-MUL-90,6,77.94,20.4,0,0.0,0.0
2025-06-10,WHY-CHO-1K,4,119.96,51.2,0,0.0,0.0
2025-06-10,WHY-CHO-25,6,329.94,153.0,0,0.0,0.0
2025-06-10,WHY-SCA-1K,3,89.97,38.4,0,0.0,0.0
2025-06-10,WHY-STR-1K,1,29.99,12.8,0,0.0,0.0
2025-06-10,WHY-VAN-1K,3,89.97,38.4,0,0.0,0.0
2025-06-10,WHY-VAN-25,1,54.99,25.5,0,0.0,0.0
2025-06-11,ACC-SHK,2,13.98,3.4,0,0.0,0.0
2025-06-11,BAR-CHO-12,3,74.97,39.6,0,0.0,0.0
2025-06-11,BCA-WAT,2,39.98,13.6,0,0.0,0.0
2025-06-11,CRE-300,4,79.96,22.4,0,0.0,0.0
2025-06-11,CRE-500,3,83.97,26.1,0,0.0,0.0
2025-06-11,OMG-3-90,2,29.98,9.8,0,0.0,0.0
2025-06-11,PRE-BRA,6,149.94,53.4,0,0.0,0.0
2025-06-11,PRE-FPU,3,74.97,26.7,0,0.0,0.0
2025-06-11,VEG-CHO-1K,1,32.99,15.9,0,0.0,0.0
2025-06-11,VIT-D3-120,2,19.98,4.2,0,0.0,0.0
2025-06-11,WHY-CHO-1K,9,269.91,115.2,0,0.0,0.0
2025-06-11,WHY-CHO-25,5,274.95,127.5,0,0.0,0.0
2025-06-11,WHY-SCA-1K,7,209.93,89.6,0,0.0,0.0
2025-06-11,WHY-STR-1K,1,29.99,12.8,0,0.0,0.0
2025-06-11,WHY-VAN-1K,4,119.96,51.2,0,0.0,0.0
2025-06-12,ACC-SHK,6,41.94,10.2,0,0.0,0.0
2025-06-12,BAR-CHO-12,2,49.98,26.4,0,0.0,0.0
2025-06-12,BAR-PNB-12,8,199.92,105.6,0,0.0,0.0
2025-06-12,BCA-WAT,4,79.96,27.2,0,0.0,0.0
2025-06-12,CRE-300,10,199.9,56.0,0,0.0,0.0
2025-06-12,CRE-500,3,83.97,26.1,0,0.0,0.0
2025-06-12,OMG-3-90,6,89.94,29.4,0,0.0,0.0
2025-06-12,PRE-BRA,7,174.93,62.3,0,0.0,0.0
2025-06-12,PRE-FPU,4,99.96,35.6,0,0.0,0.0
2025-06-12,VIT-D3-120,6,59.94,12.6,0,0.0,0.0
2025-06-12,VIT-MUL-90,5,64.95,17.0,0,0.0,0.0
2025-06-12,WHY-CHO-1K,10,299.9,128.0,0,0.0,0.0
2025-06-12,WHY-CHO-25,10,549.9,255.0,0,0.0,0.0
2025-06-12,WHY-SCA-1K,4,119.96,51.2,0,0.0,0.0
2025-06-12,WHY-STR-1K,3,89.97,38.4,0,0.0,0.0
2025-06-12,WHY-VAN-1K,8,239.92,102.4,0,0.0,0.0
2025-06-12,WHY-VAN-25,2,109.98,51.0,0,0.0,0.0
2025-06-13,ACC-SHK,2,13.98,3.4,0,0.0,0.0
2025-06-13,BAR-CHO-12,2,49.98,26.4,0,0.0,0.0
2025-06-13,BAR-PNB-12,2,49.98,26.4,0,0.0,0.0
2025-06-13,CRE-300,2,39.98,11.2,0,0.0,0.0
2025-06-13,CRE-500,6,167.94,52.2,0,0.0,0.0
2025-06-13,OMG-3-90,3,44.97,14.7,0,0.0,0.0
2025-06-13,PRE-COL,3,74.97,26.7,0,0.0,0.0
2025-06-13,PRE-FPU,3,74.97,26.7,0,0.0,0.0
2025-06-13,VEG-BER-1K,1,32.99,15.9,0,0.0,0.0
2025-06-13,VIT-D3-120,2,19.98,4.2,0,0.0,0.0
2025-06-13,VIT-MUL-90,2,25.98,6.8,0,0.0,0.0
2025-06-13,WHY-CHO-1K,6,179.94,76.8,0,0.0,0.0
2025-06-13,WHY-CHO-25,2,109.98,51.0,0,0.0,0.0
2025-06-13,WHY-SCA-1K,2,59.98,25.6,0,0.0,0.0
2025-06-13,WHY-STR-1K,3,89.97,38.4,0,0.0,0.0
2025-06-13,WHY-VAN-1K,7,209.93,89.6,0,0.0,0.0
2025-06-13,WHY-VAN-25,2,109.98,51.0,0,0.0,0.0
2025-06-14,BAR-CHO-12,2,49.98,26.4,0,0.0,0.0
2025-06-14,BCA-WAT,3,59.97,20.4,0,0.0,0.0
2025-06-14,CRE-300,1,19.99,5.6,0,0.0,0.0
2025-06-14,CRE-500,3,83.97,26.1,0,0.0,0.0
2025-06-14,OMG-3-90,1,14.99,4.9,0,0.0,0.0
2025-06-14,PRE-BRA,2,49.98,17.8,0,0.0,0.0
2025-06-14,PRE-FPU,2,49.98,17.8,0,0.0,0.0
2025-06-14,VEG-BER-1K,3,98.97,47.7,0,0.0,0.0
2025-06-14,VEG-CHO-1K,4,131.96,63.6,0,0.0,0.0
2025-06-14,WHY-CHO-1K,5,149.95,64.0,0,0.0,0.0
2025-06-14,WHY-CHO-25,3,164.97,76.5,0,0.0,0.0
2025-06-14,WHY-SCA-1K,5,149.95,64.0,0,0.0,0.0
2025-06-14,WHY-STR-1K,1,29.99,12.8,0,0.0,0.0
2025-06-14,WHY-VAN-1K,3,89.97,38.4,0,0.0,0.0
2025-06-15,ACC-SHK,3,20.97,5.1,0,0.0,0.0
2025-06-15,BAR-CHO-12,2,49.98,26.4,0,0.0,0.0
2025-06-15,BCA-WAT,2,39.98,13.6,0,0.0,0.0
2025-06-15,CRE-300,7,139.93,39.2,0,0.0,0.0
2025-06-15,CRE-500,2,55.98,17.4,0,0.0,0.0
2025-06-15,OMG-3-90,4,59.96,19.6,0,0.0,0.0
2025-06-15,PRE-BRA,2,49.98,17.8,0,0.0,0.0
2025-06-15,PRE-FPU,3,74.97,26.7,0,0.0,0.0
2025-06-15,VEG-BER-1K,2,65.98,31.8,0,0.0,0.0
2025-06-15,VEG-CHO-1K,2,65.98,31.8,0,0.0,0.0
2025-06-15,VIT-D3-120,1,9.99,2.1,0,0.0,0.0
2025-06-15,VIT-MUL-90,1,12.99,3.4,0,0.0,0.0
2025-06-15,WHY-CHO-1K,6,179.94,76.8,0,0.0,0.0
2025-06-15,WHY-CHO-25,3,164.97,76.5,0,0.0,0.0
2025-06-15,WHY-SCA-1K,4,119.96,51.2,0,0.0,0.0
2025-06-15,WHY-STR-1K,1,29.99,12.8,0,0.0,0.0
2025-06-15,WHY-VAN-1K,3,89.97,38.4,0,0.0,0.0
2025-06-15,WHY-VAN-25,1,54.99,25.5,0,0.0,0.0
2025-06-16,ACC-SHK,4,27.96,6.8,0,0.0,0.0
2025-06-16,BAR-CHO-12,3,74.97,39.6,0,0.0,0.0
2025-06-16,BAR-PNB-12,1,24.99,13.2,0,0.0,0.0
2025-06-16,BCA-LEM,3,59.97,20.4,0,0.0,0.0
2025-06-16,BCA-WAT,6,119.94,40.8,0,0.0,0.0
2025-06-16,CRE-300,7,139.93,39.2,0,0.0,0.0
2025-06-16,GAI-CHO-25,2,79.98,36.8,0,0.0,0.0
2025-06-16,OMG-3-90,1,14.99,4.9,0,0.0,0.0
2025-06-16,PRE-BRA,1,24.99,8.9,0,0.0,0.0
2025-06-16,PRE-FPU,4,99.96,35.6,0,0.0,0.0
2025-06-16,VEG-CHO-1K,4,131.96,63.6,0,0.0,0.0
2025-06-16,VIT-D3-120,3,29.97,6.3,0,0.0,0.0
2025-06-16,WHY-CHO-1K,6,179.94,76.8,0,0.0,0.0
2025-06-16,WHY-CHO-25,3,164.97,76.5,0,0.0,0.0
2025-06-16,WHY-SCA-1K,3,89.97,38.4,0,0.0,0.0
2025-06-16,WHY-VAN-1K,3,89.97,38.4,0,0.0,0.0
2025-06-17,ACC-SHK,3,20.97,5.1,0,0.0,0.0
2025-06-17,BAR-CHO-12,1,24.99,13.2,0,0.0,0.0
2025-06-17,BAR-PNB-12,4,99.96,52.8,0,0.0,0.0
2025-06-17,CRE-300,4,79.96,22.4,0,0.0,0.0
2025-06-17,CRE-500,4,111.96,34.8,0,0.0,0.0
2025-06-17,GAI-CHO-25,2,79.98,36.8,0,0.0,0.0
2025-06-17,OMG-3-90,3,44.97,14.7,0,0.0,0.0
2025-06-17,PRE-BRA,1,24.99,8.9,0,0.0,0.0
2025-06-17,PRE-COL,2,49.98,17.8,0,0.0,0.0
2025-06-17,PRE-FPU,5,124.95,44.5,0,0.0,0.0
2025-06-17,VEG-BER-1K,2,65.98,31.8,0,0.0,0.0
2025-06-17,VIT-MUL-90,4,51.96,13.6,0,0.0,0.0
2025-06-17,WHY-CHO-1K,9,269.91,115.2,0,0.0,0.0
2025-06-17,WHY-SCA-1K,4,119.96,51.2,0,0.0,0.0
2025-06-17,WHY-STR-1K,5,149.95,64.0,0,0.0,0.0
2025-06-17,WHY-VAN-1K,5,149.95,64.0,0,0.0,0.0
2025-06-17,WHY-VAN-25,2,109.98,51.0,0,0.0,0.0
2025-06-18,BAR-CHO-12,4,99.96,52.8,0,0.0,0.0
2025-06-18,BAR-PNB-12,2,49.98,26.4,0,0.0,0.0
2025-06-18,BCA-LEM,1,19.99,6.8,0,0.0,0.0
2025-06-18,BCA-WAT,4,79.96,27.2,0,0.0,0.0
2025-06-18,CRE-300,5,99.95,28.0,0,0.0,0.0
2025-06-18,CRE-500,3,83.97,26.1,0,0.0,0.0
2025-06-18,GAI-CHO-25,1,39.99,18.4,0,0.0,0.0
2025-06-18,PRE-BRA,1,24.99,8.9,0,0.0,0.0
2025-06-18,PRE-COL,2,49.98,17.8,0,0.0,0.0
2025-06-18,PRE-FPU,5,124.95,44.5,0,0.0,0.0
2025-06-18,VEG-BER-1K,3,98.97,47.7,0,0.0,0.0
2025-06-18,VEG-CHO-1K,2,65.98,31.8,0,0.0,0.0
2025-06-18,VIT-D3-120,2,19.98,4.2,0,0.0,0.0
2025-06-18,WHY-CHO-1K,9,269.91,115.2,0,0.0,0.0
2025-06-18,WHY-CHO-25,1,54.99,25.5,0,0.0,0.0
2025-06-18,WHY-SCA-1K,5,149.95,64.0,0,0.0,0.0
2025-06-18,WHY-STR-1K,10,299.9,128.0,0,0.0,0.0
2025-06-18,WHY-VAN-1K,6,179.94,76.8,0,0.0,0.0
2025-06-18,WHY-VAN-25,1,54.99,25.5,0,0.0,0.0
2025-06-19,ACC-SHK,6,41.94,10.2,0,0.0,0.0
2025-06-19,BAR-CHO-12,3,74.97,39.6,0,0.0,0.0
2025-06-19,BAR-PNB-12,2,49.98,26.4,0,0.0,0.0
2025-06-19,BCA-LEM,1,19.99,6.8,0,0.0,0.0
2025-06-19,BCA-WAT,3,59.97,20.4,0,0.0,0.0
2025-06-19,CRE-300,11,219.89,61.6,0,0.0,0.0
2025-06-19,CRE-500,5,139.95,43.5,0,0.0,0.0
2025-06-19,GAI-CHO-25,1,39.99,18.4,0,0.0,0.0
2025-06-19,PRE-BRA,4,99.96,35.6,0,0.0,0.0
2025-06-19,PRE-COL,1,24.99,8.9,0,0.0,0.0
2025-06-19,PRE-FPU,14,349.86,124.6,0,0.0,0.0
2025-06-19,VEG-BER-1K,3,98.97,47.7,0,0.0,0.0
2025-06-19,VEG-CHO-1K,3,98.97,47.7,0,0.0,0.0
2025-06-19,VIT-D3-120,6,59.94,12.6,0,0.0,0.0
2025-06-19,VIT-MUL-90,5,64.95,17.0,0,0.0,0.0
2025-06-19,WHY-CHO-1K,11,329.89,140.8,0,0.0,0.0
2025-06-19,WHY-CHO-25,2,109.98,51.0,0,0.0,0.0
2025-06-19,WHY-SCA-1K,5,149.95,64.0,0,0.0,0.0
2025-06-19,WHY-STR-1K,5,149.95,64.0,0,0.0,0.0
2025-06-19,WHY-VAN-1K,7,209.93,89.6,0,0.0,0.0
2025-06-19,WHY-VAN-25,1,54.99,25.5,0,0.0,0.0
2025-06-20,ACC-SHK,2,13.98,3.4,0,0.0,0.0
2025-06-20,BAR-PNB-12,1,24.99,13.2,0,0.0,0.0
2025-06-20,CRE-300,3,59.97,16.8,0,0.0,0.0
2025-06-20,CRE-500,3,83.97,26.1,0,0.0,0.0
2025-06-20,PRE-BRA,2,49.98,17.8,0,0.0,0.0
2025-06-20,PRE-COL,1,24.99,8.9,0,0.0,0.0
2025-06-20,PRE-FPU,5,124.95,44.5,0,0.0,0.0
2025-06-20,VEG-CHO-1K,1,32.99,15.9,0,0.0,0.0
2025-06-20,VIT-D3-120,1,9.99,2.1,0,0.0,0.0
2025-06-20,WHY-CHO-1K,2,59.98,25.6,0,0.0,0.0
2025-06-20,WHY-CHO-25,4,219.96,102.0,0,0.0,0.0
2025-06-20,WHY-SCA-1K,1,29.99,12.8,0,0.0,0.0
2025-06-20,WHY-STR-1K,2,59.98,25.6,0,0.0,0.0
2025-06-20,WHY-VAN-1K,3,89.97,38.4,0,0.0,0.0
2025-06-21,ACC-SHK,1,6.99,1.7,0,0.0,0.0
2025-06-21,BAR-CHO-12,1,24.99,13.2,0,0.0,0.0
2025-06-21,CRE-300,3,59.97,16.8,0,0.0,0.0
2025-06-21,CRE-500,2,55.98,17.4,0,0.0,0.0
2025-06-21,PRE-COL,1,24.99,8.9,0,0.0,0.0
2025-06-21,PRE-FPU,2,49.98,17.8,0,0.0,0.0
2025-06-21,VEG-BER-1K,1,32.99,15.9,0,0.0,0.0
2025-06-21,VEG-CHO-1K,1,32.99,15.9,0,0.0,0.0
2025-06-21,VIT-D3-120,1,9.99,2.1,0,0.0,0.0
2025-06-21,WHY-CHO-1K,4,119.96,51.2,0,0.0,0.0
2025-06-21,WHY-CHO-25,4,219.96,102.0,0,0.0,0.0
2025-06-21,WHY-SCA-1K,1,29.99,12.8,0,0.0,0.0
2025-06-21,WHY-STR-1K,2,59.98,25.6,0,0.0,0.0
2025-06-21,WHY-VAN-1K,6,179.94,76.8,0,0.0,0.0
2025-06-22,ACC-SHK,2,13.98,3.4,0,0.0,0.0
2025-06-22,BAR-CHO-12,4,99.96,52.8,0,0.0,0.0
2025-06-22,BCA-WAT,2,39.98,13.6,0,0.0,0.0
2025-06-22,CRE-300,3,59.97,16.8,0,0.0,0.0
2025-06-22,CRE-500,1,27.99,8.7,0,0.0,0.0
2025-06-22,GAI-CHO-25,2,79.98,36.8,0,0.0,0.0
2025-06-22,OMG-3-90,2,29.98,9.8,0,0.0,0.0
2025-06-22,PRE-BRA,4,99.96,35.6,0,0.0,0.0
2025-06-22,PRE-FPU,5,124.95,44.5,0,0.0,0.0
2025-06-22,VEG-CHO-1K,3,98.97,47.7,0,0.0,0.0
2025-06-22,VIT-D3-120,1,9.99,2.1,0,0.0,0.0
2025-06-22,VIT-MUL-90,2,25.98,6.8,0,0.0,0.0
2025-06-22,WHY-CHO-1K,6,179.94,76.8,0,0.0,0.0
2025-06-22,WHY-CHO-25,6,329.94,153.0,0,0.0,0.0
2025-06-22,WHY-SCA-1K,2,59.98,25.6,0,0.0,0.0
2025-06-22,WHY-STR-1K,2,59.98,25.6,0,0.0,0.0
2025-06-22,WHY-VAN-1K,7,209.93,89.6,0,0.0,0.0
2025-06-22,WHY-VAN-25,2,109.98,51.0,0,0.0,0.0
2025-06-23,ACC-SHK,6,41.94,10.2,0,0.0,0.0
2025-06-23,BCA-LEM,2,39.98,13.6,0,0.0,0.0
2025-06-23,CRE-300,10,199.9,56.0,0,0.0,0.0
2025-06-23,CRE-500,4,111.96,34.8,0,0.0,0.0
2025-06-23,GAI-CHO-25,3,119.97,55.2,0,0.0,0.0
2025-06-23,OMG-3-90,6,89.94,29.4,0,0.0,0.0
2025-06-23,PRE-BRA,6,149.94,53.4,0,0.0,0.0
2025-06-23,PRE-FPU,2,49.98,17.8,0,0.0,0.0
2025-06-23,VEG-CHO-1K,2,65.98,31.8,0,0.0,0.0
2025-06-23,VIT-D3-120,4,39.96,8.4,0,0.0,0.0
2025-06-23,VIT-MUL-90,3,38.97,10.2,0,0.0,0.0
2025-06-23,WHY-CHO-1K,7,209.93,89.6,0,0.0,0.0
2025-06-23,WHY-CHO-25,5,274.95,127.5,0,0.0,0.0
2025-06-23,WHY-SCA-1K,2,59.98,25.6,0,0.0,0.0
2025-06-23,WHY-STR-1K,3,89.97,38.4,0,0.0,0.0
2025-06-23,WHY-VAN-1K,9,269.91,115.2,0,0.0,0.0
2025-06-23,WHY-VAN-25,1,54.99,25.5,0,0.0,0.0
2025-06-24,ACC-SHK,6,41.94,10.2,0,0.0,0.0
2025-06-24,BAR-CHO-12,4,99.96,52.8,0,0.0,0.0
2025-06-24,BAR-PNB-12,1,24.99,13.2,0,0.0,0.0
2025-06-24,BCA-LEM,1,19.99,6.8,0,0.0,0.0
2025-06-24,BCA-WAT,1,19.99,6.8,0,0.0,0.0
2025-06-24,CRE-300,6,119.94,33.6,0,0.0,0.0
2025-06-24,CRE-500,5,139.95,43.5,0,0.0,0.0
2025-06-24,GAI-CHO-25,1,39.99,18.4,0,0.0,0.0
2025-06-24,OMG-3-90,1,14.99,4.9,0,0.0,0.0
2025-06-24,PRE-BRA,5,124.95,44.5,0,0.0,0.0
2025-06-24,PRE-COL,2,49.98,17.8,0,0.0,0.0
2025-06-24,PRE-FPU,1,24.99,8.9,0,0.0,0.0
2025-06-24,VEG-BER-1K,1,32.99,15.9,0,0.0,0.0
2025-06-24,VIT-D3-120,1,9.99,2.1,0,0.0,0.0
2025-06-24,VIT-MUL-90,2,25.98,6.8,0,0.0,0.0
2025-06-24,WHY-CHO-1K,6,179.94,76.8,0,0.0,0.0
2025-06-24,WHY-CHO-25,1,54.99,25.5,0,0.0,0.0
2025-06-24,WHY-STR-1K,3,89.97,38.4,0,0.0,0.0
2025-06-24,WHY-VAN-1K,3,89.97,38.4,0,0.0,0.0
2025-06-24,WHY-VAN-25,2,109.98,51.0,0,0.0,0.0
2025-06-25,ACC-SHK,2,13.98,3.4,0,0.0,0.0
2025-06-25,BCA-WAT,2,39.98,13.6,0,0.0,0.0
2025-06-25,CRE-300,2,39.98,11.2,0,0.0,0.0
2025-06-25,CRE-500,2,55.98,17.4,0,0.0,0.0
2025-06-25,OMG-3-90,1,14.99,4.9,0,0.0,0.0
2025-06-25,PRE-BRA,2,49.98,17.8,0,0.0,0.0
2025-06-25,PRE-COL,1,24.99,8.9,0,0.0,0.0
2025-06-25,PRE-FPU,3,74.97,26.7,0,0.0,0.0
2025-06-25,VIT-D3-120,2,19.98,4.2,0,0.0,0.0
2025-06-25,VIT-MUL-90,2,25.98,6.8,0,0.0,0.0
2025-06-25,WHY-CHO-1K,5,149.95,64.0,0,0.0,0.0
2025-06-25,WHY-CHO-25,2,109.98,51.0,0,0.0,0.0
2025-06-25,WHY-SCA-1K,4,119.96,51.2,0,0.0,0.0
2025-06-25,WHY-VAN-1K,4,119.96,51.2,0,0.0,0.0
2025-06-25,WHY-VAN-25,1,54.99,25.5,0,0.0,0.0
2025-06-26,ACC-SHK,6,41.94,10.2,0,0.0,0.0
2025-06-26,BAR-CHO-12,2,49.98,26.4,0,0.0,0.0
2025-06-26,BAR-PNB-12,4,99.96,52.8,0,0.0,0.0
2025-06-26,BCA-LEM,2,39.98,13.6,0,0.0,0.0
2025-06-26,BCA-WAT,2,39.98,13.6,0,0.0,0.0
2025-06-26,CRE-300,11,219.89,61.6,0,0.0,0.0
2025-06-26,CRE-500,7,195.93,60.9,0,0.0,0.0
2025-06-26,OMG-3-90,5,74.95,24.5,0,0.0,0.0
2025-06-26,PRE-BRA,11,274.89,97.9,0,0.0,0.0
2025-06-26,PRE-COL,2,49.98,17.8,0,0.0,0.0
2025-06-26,PRE-FPU,9,224.91,80.1,0,0.0,0.0
2025-06-26,VEG-BER-1K,1,32.99,15.9,0,0.0,0.0
2025-06-26,VEG-CHO-1K,3,98.97,47.7,0,0.0,0.0
2025-06-26,VIT-MUL-90,8,103.92,27.2,0,0.0,0.0
2025-06-26,WHY-CHO-1K,10,299.9,128.0,0,0.0,0.0
2025-06-26,WHY-CHO-25,9,494.91,229.5,0,0.0,0.0
2025-06-26,WHY-SCA-1K,1,29.99,12.8,0,0.0,0.0
2025-06-26,WHY-STR-1K,1,29.99,12.8,0,0.0,0.0
2025-06-26,WHY-VAN-1K,4,119.96,51.2,0,0.0,0.0
2025-06-26,WHY-VAN-25,4,219.96,102.0,0,0.0,0.0
2025-06-27,BAR-CHO-12,2,49.98,26.4,0,0.0,0.0
2025-06-27,BAR-PNB-12,2,49.98,26.4,0,0.0,0.0
2025-06-27,BCA-LEM,2,39.98,13.6,0,0.0,0.0
2025-06-27,BCA-WAT,3,59.97,20.4,0,0.0,0.0
2025-06-27,CRE-300,4,79.96,22.4,0,0.0,0.0
2025-06-27,CRE-500,7,195.93,60.9,0,0.0,0.0
2025-06-27,OMG-3-90,1,14.99,4.9,0,0.0,0.0
2025-06-27,PRE-BRA,1,24.99,8.9,0,0.0,0.0
2025-06-27,PRE-FPU,4,99.96,35.6,0,0.0,0.0
2025-06-27,VEG-CHO-1K,1,32.99,15.9,0,0.0,0.0
2025-06-27,VIT-D3-120,6,59.94,12.6,0,0.0,0.0
2025-06-27,WHY-CHO-1K,7,209.93,89.6,0,0.0,0.0
2025-06-27,WHY-CHO-25,3,164.97,76.5,0,0.0,0.0
2025-06-27,WHY-SCA-1K,3,89.97,38.4,0,0.0,0.0
2025-06-27,WHY-STR-1K,1,29.99,12.8,0,0.0,0.0
2025-06-27,WHY-VAN-1K,2,59.98,25.6,0,0.0,0.0
2025-06-27,WHY-VAN-25,2,109.98,51.0,0,0.0,0.0
2025-06-28,BAR-CHO-12,1,24.99,13.2,0,0.0,0.0
2025-06-28,BAR-PNB-12,3,74.97,39.6,0,0.0,0.0
2025-06-28,BCA-LEM,1,19.99,6.8,0,0.0,0.0
2025-06-28,BCA-WAT,1,19.99,6.8,0,0.0,0.0
2025-06-28,CRE-300,8,159.92,44.8,0,0.0,0.0
2025-06-28,CRE-500,1,27.99,8.7,0,0.0,0.0
2025-06-28,OMG-3-90,4,59.96,19.6,0,0.0,0.0
2025-06-28,PRE-BRA,2,49.98,17.8,0,0.0,0.0
2025-06-28,PRE-COL,1,24.99,8.9,0,0.0,0.0
2025-06-28,PRE-FPU,4,99.96,35.6,0,0.0,0.0
2025-06-28,VEG-BER-1K,1,32.99,15.9,0,0.0,0.0
2025-06-28,VEG-CHO-1K,1,32.99,15.9,0,0.0,0.0
2025-06-28,VIT-D3-120,1,9.99,2.1,0,0.0,0.0
2025-06-28,VIT-MUL-90,2,25.98,6.8,0,0.0,0.0
2025-06-28,WHY-CHO-1K,5,149.95,64.0,0,0.0,0.0
2025-06-28,WHY-SCA-1K,2,59.98,25.6,0,0.0,0.0
2025-06-28,WHY-VAN-1K,5,149.95,64.0,0,0.0,0.0
2025-06-29,ACC-SHK,2,13.98,3.4,0,0.0,0.0
2025-06-29,BAR-CHO-12,1,24.99,13.2,0,0.0,0.0
2025-06-29,BAR-PNB-12,2,49.98,26.4,0,0.0,0.0
2025-06-29,CRE-300,5,99.95,28.0,0,0.0,0.0
2025-06-29,CRE-500,6,167.94,52.2,0,0.0,0.0
2025-06-29,PRE-BRA,3,74.97,26.7,0,0.0,0.0
2025-06-29,PRE-COL,2,49.98,17.8,0,0.0,0.0
2025-06-29,PRE-FPU,8,199.92,71.2,0,0.0,0.0
2025-06-29,VEG-CHO-1K,2,65.98,31.8,0,0.0,0.0
2025-06-29,VIT-MUL-90,1,12.99,3.4,0,0.0,0.0
2025-06-29,WHY-CHO-1K,6,179.94,76.8,0,0.0,0.0
2025-06-29,WHY-CHO-25,3,164.97,76.5,0,0.0,0.0
2025-06-29,WHY-SCA-1K,2,59.98,25.6,0,0.0,0.0
2025-06-29,WHY-STR-1K,2,59.98,25.6,0,0.0,0.0
2025-06-29,WHY-VAN-1K,4,119.96,51.2,0,0.0,0.0
2025-06-29,WHY-VAN-25,1,54.99,25.5,0,0.0,0.0
2025-06-30,ACC-SHK,3,20.97,5.1,0,0.0,0.0
2025-06-30,BAR-CHO-12,2,49.98,26.4,0,0.0,0.0
2025-06-30,BAR-PNB-12,3,74.97,39.6,0,0.0,0.0
2025-06-30,BCA-LEM,1,19.99,6.8,0,0.0,0.0
2025-06-30,CRE-300,5,99.95,28.0,0,0.0,0.0
2025-06-30,CRE-500,1,27.99,8.7,0,0.0,0.0
2025-06-30,GAI-CHO-25,1,39.99,18.4,0,0.0,0.0
2025-06-30,OMG-3-90,1,14.99,4.9,0,0.0,0.0
2025-06-30,PRE-FPU,5,124.95,44.5,0,0.0,0.0
2025-06-30,VEG-BER-1K,1,32.99,15.9,0,0.0,0.0
2025-06-30,VEG-CHO-1K,1,32.99,15.9,0,0.0,0.0
2025-06-30,VIT-MUL-90,4,51.96,13.6,0,0.0,0.0
2025-06-30,WHY-CHO-1K,6,179.94,76.8,0,0.0,0.0
2025-06-30,WHY-SCA-1K,4,119.96,51.2,0,0.0,0.0
2025-06-30,WHY-STR-1K,5,149.95,64.0,0,0.0,0.0
2025-06-30,WHY-VAN-1K,2,59.98,25.6,0,0.0,0.0
2025-07-01,ACC-SHK,5,34.95,8.5,0,0.0,0.0
2025-07-01,BAR-CHO-12,2,49.98,26.4,0,0.0,0.0
2025-07-01,BCA-LEM,1,19.99,6.8,0,0.0,0.0
2025-07-01,BCA-WAT,2,39.98,13.6,0,0.0,0.0
2025-07-01,CRE-300,4,79.96,22.4,0,0.0,0.0
2025-07-01,CRE-500,3,83.97,26.1,0,0.0,0.0
2025-07-01,OMG-3-90,3,44.97,14.7,0,0.0,0.0
2025-07-01,PRE-BRA,1,24.99,8.9,0,0.0,0.0
2025-07-01,PRE-COL,4,99.96,35.6,0,0.0,0.0
2025-07-01,PRE-FPU,4,99.96,35.6,0,0.0,0.0
2025-07-01,VEG-CHO-1K,2,65.98,31.8,0,0.0,0.0
2025-07-01,VIT-D3-120,4,39.96,8.4,0,0.0,0.0
2025-07-01,VIT-MUL-90,4,51.96,13.6,0,0.0,0.0
2025-07-01,WHY-CHO-1K,11,329.89,140.8,0,0.0,0.0
2025-07-01,WHY-CHO-25,4,219.96,102.0,0,0.0,0.0
2025-07-01,WHY-SCA-1K,4,119.96,51.2,0,0.0,0.0
2025-07-01,WHY-STR-1K,6,179.94,76.8,0,0.0,0.0
2025-07-01,WHY-VAN-1K,8,239.92,102.4,0,0.0,0.0
2025-07-02,ACC-SHK,2,13.98,3.4,0,0.0,0.0
2025-07-02,BAR-CHO-12,2,49.98,26.4,0,0.0,0.0
2025-07-02,BCA-WAT,3,59.97,20.4,0,0.0,0.0
2025-07-02,CRE-300,8,159.92,44.8,0,0.0,0.0
2025-07-02,CRE-500,2,55.98,17.4,0,0.0,0.0
2025-07-02,OMG-3-90,1,14.99,4.9,0,0.0,0.0
2025-07-02,PRE-BRA,3,74.97,26.7,0,0.0,0.0
2025-07-02,PRE-COL,1,24.99,8.9,0,0.0,0.0
2025-07-02,PRE-FPU,1,24.99,8.9,0,0.0,0.0
2025-07-02,VEG-CHO-1K,3,98.97,47.7,0,0.0,0.0
2025-07-02,VIT-D3-120,3,29.97,6.3,0,0.0,0.0
2025-07-02,VIT-MUL-90,1,12.99,3.4,0,0.0,0.0
2025-07-02,WHY-CHO-1K,5,149.95,64.0,0,0.0,0.0
2025-07-02,WHY-CHO-25,5,274.95,127.5,0,0.0,0.0
2025-07-02,WHY-SCA-1K,9,269.91,115.2,0,0.0,0.0
2025-07-02,WHY-STR-1K,6,179.94,76.8,0,0.0,0.0
2025-07-02,WHY-VAN-25,3,164.97,76.5,0,0.0,0.0
2025-07-03,ACC-SHK,11,76.89,18.7,0,0.0,0.0
2025-07-03,BAR-CHO-12,2,49.98,26.4,0,0.0,0.0
2025-07-03,BAR-PNB-12,3,74.97,39.6,0,0.0,0.0
2025-07-03,BCA-LEM,4,79.96,27.2,0,0.0,0.0
2025-07-03,BCA-WAT,3,59.97,20.4,0,0.0,0.0
2025-07-03,CRE-300,7,139.93,39.2,0,0.0,0.0
2025-07-03,CRE-500,7,195.93,60.9,0,0.0,0.0
2025-07-03,GAI-CHO-25,2,79.98,36.8,0,0.0,0.0
2025-07-03,OMG-3-90,1,14.99,4.9,0,0.0,0.0
2025-07-03,PRE-BRA,4,99.96,35.6,0,0.0,0.0
2025-07-03,PRE-FPU,6,149.94,53.4,0,0.0,0.0
2025-07-03,VEG-BER-1K,1,32.99,15.9,0,0.0,0.0
2025-07-03,VEG-CHO-1K,2,65.98,31.8,0,0.0,0.0
2025-07-03,VIT-D3-120,1,9.99,2.1,0,0.0,0.0
2025-07-03,VIT-MUL-90,4,51.96,13.6,0,0.0,0.0
2025-07-03,WHY-CHO-1K,11,329.89,140.8,0,0.0,0.0
2025-07-03,WHY-CHO-25,4,219.96,102.0,0,0.0,0.0
2025-07-03,WHY-SCA-1K,2,59.98,25.6,0,0.0,0.0
2025-07-03,WHY-STR-1K,2,59.98,25.6,0,0.0,0.0
2025-07-03,WHY-VAN-1K,3,89.97,38.4,0,0.0,0.0
2025-07-03,WHY-VAN-25,2,109.98,51.0,0,0.0,0.0
2025-07-04,BAR-CHO-12,5,124.95,66.0,0,0.0,0.0
2025-07-04,CRE-300,1,19.99,5.6,0,0.0,0.0
2025-07-04,OMG-3-90,2,29.98,9.8,0,0.0,0.0
2025-07-04,PRE-BRA,4,99.96,35.6,0,0.0,0.0
2025-07-04,PRE-FPU,5,124.95,44.5,0,0.0,0.0
2025-07-04,VEG-CHO-1K,3,98.97,47.7,0,0.0,0.0
2025-07-04,WHY-CHO-1K,5,149.95,64.0,0,0.0,0.0
2025-07-04,WHY-CHO-25,3,164.97,76.5,0,0.0,0.0
2025-07-04,WHY-STR-1K,2,59.98,25.6,0,0.0,0.0
2025-07-04,WHY-VAN-25,1,54.99,25.5,0,0.0,0.0
2025-07-05,ACC-SHK,3,20.97,5.1,0,0.0,0.0
2025-07-05,BAR-CHO-12,2,49.98,26.4,0,0.0,0.0
2025-07-05,BAR-PNB-12,2,49.98,26.4,0,0.0,0.0
2025-07-05,BCA-LEM,2,39.98,13.6,0,0.0,0.0
2025-07-05,BCA-WAT,1,19.99,6.8,0,0.0,0.0
2025-07-05,CRE-300,4,79.96,22.4,0,0.0,0.0
2025-07-05,CRE-500,2,55.98,17.4,0,0.0,0.0
2025-07-05,GAI-CHO-25,4,159.96,73.6,0,0.0,0.0
2025-07-05,OMG-3-90,2,29.98,9.8,0,0.0,0.0
2025-07-05,PRE-COL,2,49.98,17.8,0,0.0,0.0
2025-07-05,PRE-FPU,6,149.94,53.4,0,0.0,0.0
2025-07-05,VEG-CHO-1K,3,98.97,47.7,0,0.0,0.0
2025-07-05,VIT-D3-120,4,39.96,8.4,0,0.0,0.0
2025-07-05,WHY-CHO-1K,9,269.91,115.2,0,0.0,0.0
2025-07-05,WHY-CHO-25,2,109.98,51.0,0,0.0,0.0
2025-07-05,WHY-SCA-1K,2,59.98,25.6,0,0.0,0.0
2025-07-05,WHY-VAN-1K,1,29.99,12.8,0,0.0,0.0
2025-07-05,WHY-VAN-25,1,54.99,25.5,0,0.0,0.0
2025-07-06,ACC-SHK,1,6.99,1.7,0,0.0,0.0
2025-07-06,BAR-CHO-12,1,24.99,13.2,0,0.0,0.0
2025-07-06,BAR-PNB-12,2,49.98,26.4,0,0.0,0.0
2025-07-06,BCA-LEM,1,19.99,6.8,0,0.0,0.0
2025-07-06,CRE-300,6,119.94,33.6,0,0.0,0.0
2025-07-06,CRE-500,4,111.96,34.8,0,0.0,0.0
2025-07-06,GAI-CHO-25,2,79.98,36.8,0,0.0,0.0
2025-07-06,OMG-3-90,1,14.99,4.9,0,0.0,0.0
2025-07-06,PRE-BRA,4,99.96,35.6,0,0.0,0.0
2025-07-06,PRE-COL,1,24.99,8.9,0,0.0,0.0
2025-07-06,PRE-FPU,3,74.97,26.7,0,0.0,0.0
2025-07-06,VEG-BER-1K,1,32.99,15.9,0,0.0,0.0
2025-07-06,VIT-D3-120,2,19.98,4.2,0,0.0,0.0
2025-07-06,VIT-MUL-90,2,25.98,6.8,0,0.0,0.0
2025-07-06,WHY-CHO-1K,4,119.96,51.2,0,0.0,0.0
2025-07-06,WHY-SCA-1K,3,89.97,38.4,0,0.0,0.0
2025-07-06,WHY-STR-1K,4,119.96,51.2,0,0.0,0.0
2025-07-06,WHY-VAN-1K,1,29.99,12.8,0,0.0,0.0
2025-07-06,WHY-VAN-25,1,54.99,25.5,0,0.0,0.0
2025-07-07,ACC-SHK,2,13.98,3.4,0,0.0,0.0
2025-07-07,BAR-CHO-12,3,74.97,39.6,0,0.0,0.0
2025-07-07,BAR-PNB-12,3,74.97,39.6,0,0.0,0.0
2025-07-07,BCA-LEM,1,19.99,6.8,0,0.0,0.0
2025-07-07,BCA-WAT,1,19.99,6.8,0,0.0,0.0
2025-07-07,CRE-300,8,159.92,44.8,0,0.0,0.0
2025-07-07,CRE-500,3,83.97,26.1,0,0.0,0.0
2025-07-07,PRE-BRA,2,49.98,17.8,0,0.0,0.0
2025-07-07,PRE-COL,2,49.98,17.8,0,0.0,0.0
2025-07-07,PRE-FPU,4,99.96,35.6,0,0.0,0.0
2025-07-07,VEG-BER-1K,1,32.99,15.9,0,0.0,0.0
2025-07-07,VEG-CHO-1K,2,65.98,31.8,0,0.0,0.0
2025-07-07,VIT-D3-120,5,49.95,10.5,0,0.0,0.0
2025-07-07,VIT-MUL-90,1,12.99,3.4,0,0.0,0.0
2025-07-07,WHY-CHO-1K,10,299.9,128.0,0,0.0,0.0
2025-07-07,WHY-CHO-25,2,109.98,51.0,0,0.0,0.0
2025-07-07,WHY-SCA-1K,1,29.99,12.8,0,0.0,0.0
2025-07-07,WHY-STR-1K,1,29.99,12.8,0,0.0,0.0
2025-07-07,WHY-VAN-1K,2,59.98,25.6,0,0.0,0.0
2025-07-07,WHY-VAN-25,3,164.97,76.5,0,0.0,0.0
2025-07-08,ACC-SHK,1,6.99,1.7,0,0.0,0.0
2025-07-08,BAR-CHO-12,3,74.97,39.6,0,0.0,0.0
2025-07-08,BAR-PNB-12,3,74.97,39.6,0,0.0,0.0
2025-07-08,CRE-300,3,59.97,16.8,0,0.0,0.0
2025-07-08,CRE-500,1,27.99,8.7,0,0.0,0.0
2025-07-08,GAI-CHO-25,1,39.99,18.4,0,0.0,0.0
2025-07-08,OMG-3-90,1,14.99,4.9,0,0.0,0.0
2025-07-08,PRE-BRA,5,124.95,44.5,0,0.0,0.0
2025-07-08,PRE-FPU,4,99.96,35.6,0,0.0,0.0
2025-07-08,VEG-BER-1K,1,32.99,15.9,0,0.0,0.0
2025-07-08,VEG-CHO-1K,1,32.99,15.9,0,0.0,0.0
2025-07-08,VIT-MUL-90,3,38.97,10.2,0,0.0,0.0
2025-07-08,WHY-CHO-1K,8,239.92,102.4,0,0.0,0.0
2025-07-08,WHY-CHO-25,4,219.96,102.0,0,0.0,0.0
2025-07-08,WHY-SCA-1K,4,119.96,51.2,0,0.0,0.0
2025-07-08,WHY-STR-1K,2,59.98,25.6,0,0.0,0.0
2025-07-08,WHY-VAN-1K,3,89.97,38.4,0,0.0,0.0
2025-07-09,BAR-CHO-12,1,24.99,13.2,0,0.0,0.0
2025-07-09,BCA-LEM,1,19.99,6.8,0,0.0,0.0
2025-07-09,BCA-WAT,1,19.99,6.8,0,0.0,0.0
2025-07-09,CRE-300,1,19.99,5.6,0,0.0,0.0
2025-07-09,CRE-500,5,139.95,43.5,0,0.0,0.0
2025-07-09,OMG-3-90,2,29.98,9.8,0,0.0,0.0
2025-07-09,PRE-BRA,2,49.98,17.8,0,0.0,0.0
2025-07-09,PRE-FPU,9,224.91,80.1,0,0.0,0.0
2025-07-09,VEG-CHO-1K,1,32.99,15.9,0,0.0,0.0
2025-07-09,VIT-MUL-90,1,12.99,3.4,0,0.0,0.0
2025-07-09,WHY-CHO-1K,4,119.96,51.2,0,0.0,0.0
2025-07-09,WHY-CHO-25,1,54.99,25.5,0,0.0,0.0
2025-07-09,WHY-SCA-1K,5,149.95,64.0,0,0.0,0.0
2025-07-09,WHY-STR-1K,1,29.99,12.8,0,0.0,0.0
2025-07-09,WHY-VAN-1K,4,119.96,51.2,0,0.0,0.0
2025-07-09,WHY-VAN-25,2,109.98,51.0,0,0.0,0.0
2025-07-10,ACC-SHK,13,90.87,22.1,0,0.0,0.0
2025-07-10,BAR-CHO-12,3,74.97,39.6,0,0.0,0.0
2025-07-10,BAR-PNB-12,3,74.97,39.6,0,0.0,0.0
2025-07-10,BCA-LEM,1,19.99,6.8,0,0.0,0.0
2025-07-10,BCA-WAT,2,39.98,13.6,0,0.0,0.0
2025-07-10,CRE-300,9,179.91,50.4,0,0.0,0.0
2025-07-10,CRE-500,3,83.97,26.1,0,0.0,0.0
2025-07-10,GAI-CHO-25,1,39.99,18.4,0,0.0,0.0
2025-07-10,OMG-3-90,2,29.98,9.8,0,0.0,0.0
2025-07-10,PRE-BRA,2,49.98,17.8,0,0.0,0.0
2025-07-10,PRE-COL,2,49.98,17.8,0,0.0,0.0
2025-07-10,PRE-FPU,5,124.95,44.5,0,0.0,0.0
2025-07-10,VEG-BER-1K,1,32.99,15.9,0,0.0,0.0
2025-07-10,VEG-CHO-1K,4,131.96,63.6,0,0.0,0.0
2025-07-10,VIT-D3-120,3,29.97,6.3,0,0.0,0.0
2025-07-10,VIT-MUL-90,3,38.97,10.2,0,0.0,0.0
2025-07-10,WHY-CHO-1K,8,239.92,102.4,0,0.0,0.0
2025-07-10,WHY-CHO-25,6,329.94,153.0,0,0.0,0.0
2025-07-10,WHY-SCA-1K,8,239.92,102.4,0,0.0,0.0
2025-07-10,WHY-STR-1K,2,59.98,25.6,0,0.0,0.0
2025-07-10,WHY-VAN-1K,5,149.95,64.0,0,0.0,0.0
2025-07-10,WHY-VAN-25,4,219.96,102.0,0,0.0,0.0
2025-07-11,ACC-SHK,2,13.98,3.4,0,0.0,0.0
2025-07-11,BAR-PNB-12,1,24.99,13.2,0,0.0,0.0
2025-07-11,BCA-LEM,2,39.98,13.6,0,0.0,0.0
2025-07-11,CRE-300,4,79.96,22.4,0,0.0,0.0
2025-07-11,PRE-BRA,2,49.98,17.8,0,0.0,0.0
2025-07-11,PRE-FPU,3,74.97,26.7,0,0.0,0.0
2025-07-11,VEG-BER-1K,1,32.99,15.9,0,0.0,0.0
2025-07-11,VEG-CHO-1K,2,65.98,31.8,0,0.0,0.0
2025-07-11,VIT-D3-120,2,19.98,4.2,0,0.0,0.0
2025-07-11,VIT-MUL-90,3,38.97,10.2,0,0.0,0.0
2025-07-11,WHY-CHO-1K,3,89.97,38.4,0,0.0,0.0
2025-07-11,WHY-SCA-1K,5,149.95,64.0,0,0.0,0.0
2025-07-11,WHY-STR-1K,1,29.99,12.8,0,0.0,0.0
2025-07-11,WHY-VAN-1K,1,29.99,12.8,0,0.0,0.0
2025-07-12,ACC-SHK,2,13.98,3.4,0,0.0,0.0
2025-07-12,BCA-LEM,3,59.97,20.4,0,0.0,0.0
2025-07-12,BCA-WAT,1,19.99,6.8,0,0.0,0.0
2025-07-12,CRE-300,2,39.98,11.2,0,0.0,0.0
2025-07-12,GAI-CHO-25,2,79.98,36.8,0,0.0,0.0
2025-07-12,OMG-3-90,6,89.94,29.4,0,0.0,0.0
2025-07-12,PRE-BRA,4,99.96,35.6,0,0.0,0.0
2025-07-12,PRE-FPU,3,74.97,26.7,0,0.0,0.0
2025-07-12,VIT-MUL-90,4,51.96,13.6,0,0.0,0.0
2025-07-12,WHY-CHO-1K,7,209.93,89.6,0,0.0,0.0
2025-07-12,WHY-CHO-25,4,219.96,102.0,0,0.0,0.0
2025-07-12,WHY-SCA-1K,4,119.96,51.2,0,0.0,0.0
2025-07-13,BAR-CHO-12,4,99.96,52.8,0,0.0,0.0
2025-07-13,BAR-PNB-12,1,24.99,13.2,0,0.0,0.0
2025-07-13,BCA-LEM,2,39.98,13.6,0,0.0,0.0
2025-07-13,BCA-WAT,2,39.98,13.6,0,0.0,0.0
2025-07-13,CRE-300,6,119.94,33.6,0,0.0,0.0
2025-07-13,CRE-500,2,55.98,17.4,0,0.0,0.0
2025-07-13,GAI-CHO-25,1,39.99,18.4,0,0.0,0.0
2025-07-13,OMG-3-90,5,74.95,24.5,0,0.0,0.0
2025-07-13,PRE-BRA,7,174.93,62.3,0,0.0,0.0
2025-07-13,PRE-COL,2,49.98,17.8,0,0.0,0.0
2025-07-13,PRE-FPU,3,74.97,26.7,0,0.0,0.0
2025-07-13,VIT-D3-120,2,19.98,4.2,0,0.0,0.0
2025-07-13,VIT-MUL-90,2,25.98,6.8,0,0.0,0.0
2025-07-13,WHY-CHO-1K,6,179.94,76.8,0,0.0,0.0
2025-07-13,WHY-SCA-1K,4,119.96,51.2,0,0.0,0.0
2025-07-13,WHY-STR-1K,4,119.96,51.2,0,0.0,0.0
2025-07-13,WHY-VAN-1K,2,59.98,25.6,0,0.0,0.0
2025-07-13,WHY-VAN-25,1,54.99,25.5,0,0.0,0.0
2025-07-14,ACC-SHK,2,13.98,3.4,0,0.0,0.0
2025-07-14,BAR-CHO-12,10,249.9,132.0,0,0.0,0.0
2025-07-14,BAR-PNB-12,3,74.97,39.6,0,0.0,0.0
2025-07-14,BCA-LEM,3,59.97,20.4,0,0.0,0.0
2025-07-14,CRE-300,4,79.96,22.4,0,0.0,0.0
2025-07-14,GAI-CHO-25,2,79.98,36.8,0,0.0,0.0
2025-07-14,OMG-3-90,2,29.98,9.8,0,0.0,0.0
2025-07-14,PRE-BRA,8,199.92,71.2,0,0.0,0.0
2025-07-14,PRE-FPU,5,124.95,44.5,0,0.0,0.0
2025-07-14,VEG-CHO-1K,3,98.97,47.7,0,0.0,0.0
2025-07-14,VIT-MUL-90,3,38.97,10.2,0,0.0,0.0
2025-07-14,WHY-CHO-1K,9,269.91,115.2,0,0.0,0.0
2025-07-14,WHY-CHO-25,6,329.94,153.0,0,0.0,0.0
2025-07-14,WHY-SCA-1K,1,29.99,12.8,0,0.0,0.0
2025-07-14,WHY-STR-1K,1,29.99,12.8,0,0.0,0.0
2025-07-14,WHY-VAN-1K,6,179.94,76.8,0,0.0,0.0
2025-07-14,WHY-VAN-25,2,109.98,51.0,0,0.0,0.0
2025-07-15,ACC-SHK,3,20.97,5.1,0,0.0,0.0
2025-07-15,BAR-CHO-12,2,49.98,26.4,0,0.0,0.0
2025-07-15,BCA-WAT,2,39.98,13.6,0,0.0,0.0
2025-07-15,CRE-500,1,27.99,8.7,0,0.0,0.0
2025-07-15,GAI-CHO-25,3,119.97,55.2,0,0.0,0.0
2025-07-15,OMG-3-90,1,14.99,4.9,0,0.0,0.0
2025-07-15,PRE-BRA,1,24.99,8.9,0,0.0,0.0
2025-07-15,PRE-FPU,2,49.98,17.8,0,0.0,0.0
2025-07-15,VEG-BER-1K,2,65.98,31.8,0,0.0,0.0
2025-07-15,VEG-CHO-1K,3,98.97,47.7,0,0.0,0.0
2025-07-15,VIT-D3-120,1,9.99,2.1,0,0.0,0.0
2025-07-15,VIT-MUL-90,2,25.98,6.8,0,0.0,0.0
2025-07-15,WHY-CHO-1K,3,89.97,38.4,0,0.0,0.0
2025-07-15,WHY-CHO-25,2,109.98,51.0,0,0.0,0.0
2025-07-15,WHY-SCA-1K,1,29.99,12.8,0,0.0,0.0
2025-07-15,WHY-STR-1K,2,59.98,25.6,0,0.0,0.0
2025-07-15,WHY-VAN-1K,1,29.99,12.8,0,0.0,0.0
2025-07-15,WHY-VAN-25,1,54.99,25.5,0,0.0,0.0
2025-07-16,ACC-SHK,3,20.97,5.1,0,0.0,0.0
2025-07-16,BAR-PNB-12,1,24.99,13.2,0,0.0,0.0
2025-07-16,BCA-LEM,2,39.98,13.6,0,0.0,0.0
2025-07-16,BCA-WAT,2,39.98,13.6,0,0.0,0.0
2025-07-16,CRE-300,3,59.97,16.8,0,0.0,0.0
2025-07-16,CRE-500,4,111.96,34.8,0,0.0,0.0
2025-07-16,GAI-CHO-25,3,119.97,55.2,0,0.0,0.0
2025-07-16,OMG-3-90,1,14.99,4.9,0,0.0,0.0
2025-07-16,PRE-BRA,9,224.91,80.1,0,0.0,0.0
2025-07-16,PRE-FPU,7,174.93,62.3,0,0.0,0.0
2025-07-16,VEG-CHO-1K,2,65.98,31.8,0,0.0,0.0
2025-07-16,VIT-MUL-90,3,38.97,10.2,0,0.0,0.0
2025-07-16,WHY-CHO-1K,7,209.93,89.6,0,0.0,0.0
2025-07-16,WHY-CHO-25,2,109.98,51.0,0,0.0,0.0
2025-07-16,WHY-SCA-1K,4,119.96,51.2,0,0.0,0.0
2025-07-16,WHY-STR-1K,1,29.99,12.8,0,0.0,0.0
2025-07-16,WHY-VAN-1K,1,29.99,12.8,0,0.0,0.0
2025-07-17,ACC-SHK,2,13.98,3.4,0,0.0,0.0
2025-07-17,BAR-CHO-12,4,99.96,52.8,0,0.0,0.0
2025-07-17,BAR-PNB-12,3,74.97,39.6,0,0.0,0.0
2025-07-17,BCA-LEM,4,79.96,27.2,0,0.0,0.0
2025-07-17,BCA-WAT,2,39.98,13.6,0,0.0,0.0
2025-07-17,CRE-300,12,239.88,67.2,0,0.0,0.0
2025-07-17,CRE-500,4,111.96,34.8,0,0.0,0.0
2025-07-17,GAI-CHO-25,2,79.98,36.8,0,0.0,0.0
2025-07-17,OMG-3-90,4,59.96,19.6,0,0.0,0.0
2025-07-17,PRE-BRA,6,149.94,53.4,0,0.0,0.0
2025-07-17,PRE-COL,2,49.98,17.8,0,0.0,0.0
2025-07-17,PRE-FPU,6,149.94,53.4,0,0.0,0.0
2025-07-17,VEG-BER-1K,1,32.99,15.9,0,0.0,0.0
2025-07-17,VEG-CHO-1K,1,32.99,15.9,0,0.0,0.0
2025-07-17,VIT-D3-120,4,39.96,8.4,0,0.0,0.0
2025-07-17,VIT-MUL-90,6,77.94,20.4,0,0.0,0.0
2025-07-17,WHY-CHO-1K,9,269.91,115.2,0,0.0,0.0
2025-07-17,WHY-CHO-25,8,439.92,204.0,0,0.0,0.0
2025-07-17,WHY-STR-1K,2,59.98,25.6,0,0.0,0.0
2025-07-17,WHY-VAN-1K,8,239.92,102.4,0,0.0,0.0
2025-07-17,WHY-VAN-25,1,54.99,25.5,0,0.0,0.0
2025-07-18,ACC-SHK,2,13.98,3.4,0,0.0,0.0
2025-07-18,BAR-CHO-12,1,24.99,13.2,0,0.0,0.0
2025-07-18,BAR-PNB-12,1,24.99,13.2,0,0.0,0.0
2025-07-18,BCA-LEM,1,19.99,6.8,0,0.0,0.0
2025-07-18,BCA-WAT,1,19.99,6.8,0,0.0,0.0
2025-07-18,CRE-300,6,119.94,33.6,0,0.0,0.0
2025-07-18,CRE-500,2,55.98,17.4,0,0.0,0.0
2025-07-18,GAI-CHO-25,3,119.97,55.2,0,0.0,0.0
2025-07-18,OMG-3-90,2,29.98,9.8,0,0.0,0.0
2025-07-18,PRE-BRA,4,99.96,35.6,0,0.0,0.0
2025-07-18,PRE-FPU,8,199.92,71.2,0,0.0,0.0
2025-07-18,VEG-CHO-1K,3,98.97,47.7,0,0.0,0.0
2025-07-18,VIT-D3-120,2,19.98,4.2,0,0.0,0.0
2025-07-18,VIT-MUL-90,6,77.94,20.4,0,0.0,0.0
2025-07-18,WHY-CHO-1K,4,119.96,51.2,0,0.0,0.0
2025-07-18,WHY-CHO-25,4,219.96,102.0,0,0.0,0.0
2025-07-18,WHY-SCA-1K,1,29.99,12.8,0,0.0,0.0
2025-07-18,WHY-VAN-1K,2,59.98,25.6,0,0.0,0.0
2025-07-18,WHY-VAN-25,2,109.98,51.0,0,0.0,0.0
2025-07-19,ACC-SHK,2,13.98,3.4,0,0.0,0.0
2025-07-19,BAR-CHO-12,1,24.99,13.2,0,0.0,0.0
2025-07-19,BAR-PNB-12,1,24.99,13.2,0,0.0,0.0
2025-07-19,BCA-LEM,2,39.98,13.6,0,0.0,0.0
2025-07-19,CRE-300,6,119.94,33.6,0,0.0,0.0
2025-07-19,GAI-CHO-25,1,39.99,18.4,0,0.0,0.0
2025-07-19,OMG-3-90,1,14.99,4.9,0,0.0,0.0
2025-07-19,PRE-BRA,8,199.92,71.2,0,0.0,0.0
2025-07-19,PRE-FPU,5,124.95,44.5,0,0.0,0.0
2025-07-19,VIT-D3-120,1,9.99,2.1,0,0.0,0.0
2025-07-19,VIT-MUL-90,3,38.97,10.2,0,0.0,0.0
2025-07-19,WHY-CHO-1K,7,209.93,89.6,0,0.0,0.0
2025-07-19,WHY-SCA-1K,8,239.92,102.4,0,0.0,0.0
2025-07-19,WHY-STR-1K,1,29.99,12.8,0,0.0,0.0
2025-07-19,WHY-VAN-1K,7,209.93,89.6,0,0.0,0.0
2025-07-19,WHY-VAN-25,1,54.99,25.5,0,0.0,0.0
2025-07-20,BAR-CHO-12,4,99.96,52.8,0,0.0,0.0
2025-07-20,BAR-PNB-12,2,49.98,26.4,0,0.0,0.0
2025-07-20,BCA-LEM,1,19.99,6.8,0,0.0,0.0
2025-07-20,CRE-300,2,39.98,11.2,0,0.0,0.0
2025-07-20,CRE-500,2,55.98,17.4,0,0.0,0.0
2025-07-20,OMG-3-90,1,14.99,4.9,0,0.0,0.0
2025-07-20,PRE-BRA,2,49.98,17.8,0,0.0,0.0
2025-07-20,PRE-FPU,2,49.98,17.8,0,0.0,0.0
2025-07-20,WHY-CHO-1K,6,179.94,76.8,0,0.0,0.0
2025-07-20,WHY-CHO-25,3,164.97,76.5,0,0.0,0.0
2025-07-20,WHY-STR-1K,2,59.98,25.6,0,0.0,0.0
2025-07-20,WHY-VAN-1K,7,209.93,89.6,0,0.0,0.0
2025-07-20,WHY-VAN-25,1,54.99,25.5,0,0.0,0.0
2025-07-21,ACC-SHK,1,6.99,1.7,0,0.0,0.0
2025-07-21,BAR-CHO-12,1,24.99,13.2,0,0.0,0.0
2025-07-21,BAR-PNB-12,1,24.99,13.2,0,0.0,0.0
2025-07-21,CRE-300,6,119.94,33.6,0,0.0,0.0
2025-07-21,CRE-500,2,55.98,17.4,0,0.0,0.0
2025-07-21,OMG-3-90,1,14.99,4.9,0,0.0,0.0
2025-07-21,PRE-BRA,4,99.96,35.6,0,0.0,0.0
2025-07-21,PRE-COL,2,49.98,17.8,0,0.0,0.0
2025-07-21,PRE-FPU,3,74.97,26.7,0,0.0,0.0
2025-07-21,VEG-CHO-1K,1,32.99,15.9,0,0.0,0.0
2025-07-21,VIT-MUL-90,2,25.98,6.8,0,0.0,0.0
2025-07-21,WHY-CHO-1K,8,239.92,102.4,0,0.0,0.0
2025-07-21,WHY-CHO-25,3,164.97,76.5,0,0.0,0.0
2025-07-21,WHY-VAN-1K,2,59.98,25.6,0,0.0,0.0
2025-07-22,ACC-SHK,5,34.95,8.5,0,0.0,0.0
2025-07-22,BCA-LEM,2,39.98,13.6,0,0.0,0.0
2025-07-22,BCA-WAT,3,59.97,20.4,0,0.0,0.0
2025-07-22,CRE-300,3,59.97,16.8,0,0.0,0.0
2025-07-22,CRE-500,5,139.95,43.5,0,0.0,0.0
2025-07-22,OMG-3-90,1,14.99,4.9,0,0.0,0.0
2025-07-22,PRE-BRA,4,99.96,35.6,0,0.0,0.0
2025-07-22,PRE-COL,1,24.99,8.9,0,0.0,0.0
2025-07-22,PRE-FPU,3,74.97,26.7,0,0.0,0.0
2025-07-22,VEG-CHO-1K,3,98.97,47.7,0,0.0,0.0
2025-07-22,VIT-D3-120,3,29.97,6.3,0,0.0,0.0
2025-07-22,VIT-MUL-90,3,38.97,10.2,0,0.0,0.0
2025-07-22,WHY-CHO-1K,6,179.94,76.8,0,0.0,0.0
2025-07-22,WHY-SCA-1K,3,89.97,38.4,0,0.0,0.0
2025-07-22,WHY-STR-1K,2,59.98,25.6,0,0.0,0.0
2025-07-22,WHY-VAN-1K,1,29.99,12.8,0,0.0,0.0
2025-07-22,WHY-VAN-25,1,54.99,25.5,0,0.0,0.0
2025-07-23,ACC-SHK,2,13.98,3.4,0,0.0,0.0
2025-07-23,BAR-CHO-12,5,124.95,66.0,0,0.0,0.0
2025-07-23,BAR-PNB-12,1,24.99,13.2,0,0.0,0.0
2025-07-23,BCA-LEM,1,19.99,6.8,0,0.0,0.0
2025-07-23,CRE-300,5,99.95,28.0,0,0.0,0.0
2025-07-23,CRE-500,4,111.96,34.8,0,0.0,0.0
2025-07-23,GAI-CHO-25,1,39.99,18.4,0,0.0,0.0
2025-07-23,PRE-BRA,6,149.94,53.4,0,0.0,0.0
2025-07-23,PRE-FPU,3,74.97,26.7,0,0.0,0.0
2025-07-23,VIT-MUL-90,1,12.99,3.4,0,0.0,0.0
2025-07-23,WHY-CHO-1K,9,269.91,115.2,0,0.0,0.0
2025-07-23,WHY-CHO-25,4,219.96,102.0,0,0.0,0.0
2025-07-23,WHY-VAN-1K,3,89.97,38.4,0,0.0,0.0
2025-07-24,ACC-SHK,3,20.97,5.1,0,0.0,0.0
2025-07-24,BAR-CHO-12,5,124.95,66.0,0,0.0,0.0
2025-07-24,BAR-PNB-12,3,74.97,39.6,0,0.0,0.0
2025-07-24,CRE-300,7,139.93,39.2,0,0.0,0.0
2025-07-24,CRE-500,4,111.96,34.8,0,0.0,0.0
2025-07-24,OMG-3-90,5,74.95,24.5,0,0.0,0.0
2025-07-24,PRE-BRA,4,99.96,35.6,0,0.0,0.0
2025-07-24,PRE-COL,2,49.98,17.8,0,0.0,0.0
2025-07-24,PRE-FPU,3,74.97,26.7,0,0.0,0.0
2025-07-24,VEG-BER-1K,1,32.99,15.9,0,0.0,0.0
2025-07-24,VEG-CHO-1K,1,32.99,15.9,0,0.0,0.0
2025-07-24,VIT-D3-120,5,49.95,10.5,0,0.0,0.0
2025-07-24,VIT-MUL-90,5,64.95,17.0,0,0.0,0.0
2025-07-24,WHY-CHO-1K,8,239.92,102.4,0,0.0,0.0
2025-07-24,WHY-CHO-25,3,164.97,76.5,0,0.0,0.0
2025-07-24,WHY-SCA-1K,4,119.96,51.2,0,0.0,0.0
2025-07-24,WHY-STR-1K,4,119.96,51.2,0,0.0,0.0
2025-07-24,WHY-VAN-1K,6,179.94,76.8,0,0.0,0.0
2025-07-24,WHY-VAN-25,1,54.99,25.5,0,0.0,0.0
2025-07-25,ACC-SHK,1,6.99,1.7,0,0.0,0.0
2025-07-25,BAR-CHO-12,2,49.98,26.4,0,0.0,0.0
2025-07-25,BCA-LEM,2,39.98,13.6,0,0.0,0.0
2025-07-25,BCA-WAT,1,19.99,6.8,0,0.0,0.0
2025-07-25,CRE-300,4,79.96,22.4,0,0.0,0.0
2025-07-25,CRE-500,4,111.96,34.8,0,0.0,0.0
2025-07-25,GAI-CHO-25,2,79.98,36.8,0,0.0,0.0
2025-07-25,OMG-3-90,1,14.99,4.9,0,0.0,0.0
2025-07-25,PRE-BRA,1,24.99,8.9,0,0.0,0.0
2025-07-25,PRE-FPU,3,74.97,26.7,0,0.0,0.0
2025-07-25,VEG-CHO-1K,1,32.99,15.9,0,0.0,0.0
2025-07-25,VIT-D3-120,1,9.99,2.1,0,0.0,0.0
2025-07-25,VIT-MUL-90,1,12.99,3.4,0,0.0,0.0
2025-07-25,WHY-CHO-1K,4,119.96,51.2,0,0.0,0.0
2025-07-25,WHY-CHO-25,1,54.99,25.5,0,0.0,0.0
2025-07-25,WHY-SCA-1K,2,59.98,25.6,0,0.0,0.0
2025-07-25,WHY-STR-1K,2,59.98,25.6,0,0.0,0.0
2025-07-25,WHY-VAN-1K,3,89.97,38.4,0,0.0,0.0
2025-07-25,WHY-VAN-25,3,164.97,76.5,0,0.0,0.0
2025-07-26,ACC-SHK,1,6.99,1.7,0,0.0,0.0
2025-07-26,BAR-CHO-12,2,49.98,26.4,0,0.0,0.0
2025-07-26,BCA-LEM,2,39.98,13.6,0,0.0,0.0
2025-07-26,BCA-WAT,2,39.98,13.6,0,0.0,0.0
2025-07-26,CRE-300,6,119.94,33.6,0,0.0,0.0
2025-07-26,CRE-500,1,27.99,8.7,0,0.0,0.0
2025-07-26,GAI-CHO-25,4,159.96,73.6,0,0.0,0.0
2025-07-26,PRE-BRA,2,49.98,17.8,0,0.0,0.0
2025-07-26,PRE-FPU,1,24.99,8.9,0,0.0,0.0
2025-07-26,WHY-CHO-1K,4,119.96,51.2,0,0.0,0.0
2025-07-26,WHY-CHO-25,5,274.95,127.5,0,0.0,0.0
2025-07-26,WHY-SCA-1K,3,89.97,38.4,0,0.0,0.0
2025-07-26,WHY-STR-1K,2,59.98,25.6,0,0.0,0.0
2025-07-26,WHY-VAN-1K,4,119.96,51.2,0,0.0,0.0
2025-07-26,WHY-VAN-25,2,109.98,51.0,0,0.0,0.0
2025-07-27,ACC-SHK,4,27.96,6.8,0,0.0,0.0
2025-07-27,BAR-CHO-12,4,99.96,52.8,0,0.0,0.0
2025-07-27,BCA-LEM,1,19.99,6.8,0,0.0,0.0
2025-07-27,CRE-300,1,19.99,5.6,0,0.0,0.0
2025-07-27,CRE-500,2,55.98,17.4,0,0.0,0.0
2025-07-27,PRE-BRA,1,24.99,8.9,0,0.0,0.0
2025-07-27,PRE-FPU,4,99.96,35.6,0,0.0,0.0
2025-07-27,VIT-MUL-90,2,25.98,6.8,0,0.0,0.0
2025-07-27,WHY-CHO-1K,4,119.96,51.2,0,0.0,0.0
2025-07-27,WHY-CHO-25,1,54.99,25.5,0,0.0,0.0
2025-07-27,WHY-SCA-1K,2,59.98,25.6,0,0.0,0.0
2025-07-27,WHY-STR-1K,2,59.98,25.6,0,0.0,0.0
2025-07-27,WHY-VAN-1K,6,179.94,76.8,0,0.0,0.0
2025-07-27,WHY-VAN-25,1,54.99,25.5,0,0.0,0.0
2025-07-28,ACC-SHK,1,6.99,1.7,0,0.0,0.0
2025-07-28,BAR-CHO-12,2,49.98,26.4,0,0.0,0.0
2025-07-28,BCA-LEM,2,39.98,13.6,0,0.0,0.0
2025-07-28,BCA-WAT,1,19.99,6.8,0,0.0,0.0
2025-07-28,CRE-300,7,139.93,39.2,0,0.0,0.0
2025-07-28,CRE-500,3,83.97,26.1,0,0.0,0.0
2025-07-28,GAI-CHO-25,4,159.96,73.6,0,0.0,0.0
2025-07-28,OMG-3-90,1,14.99,4.9,0,0.0,0.0
2025-07-28,PRE-BRA,2,49.98,17.8,0,0.0,0.0
2025-07-28,PRE-COL,1,24.99,8.9,0,0.0,0.0
2025-07-28,PRE-FPU,1,24.99,8.9,0,0.0,0.0
2025-07-28,VEG-BER-1K,2,65.98,31.8,0,0.0,0.0
2025-07-28,VEG-CHO-1K,1,32.99,15.9,0,0.0,0.0
2025-07-28,VIT-D3-120,3,29.97,6.3,0,0.0,0.0
2025-07-28,VIT-MUL-90,1,12.99,3.4,0,0.0,0.0
2025-07-28,WHY-CHO-1K,5,149.95,64.0,0,0.0,0.0
2025-07-28,WHY-CHO-25,3,164.97,76.5,0,0.0,0.0
2025-07-28,WHY-SCA-1K,6,179.94,76.8,0,0.0,0.0
2025-07-28,WHY-STR-1K,1,29.99,12.8,0,0.0,0.0
2025-07-28,WHY-VAN-1K,7,209.93,89.6,0,0.0,0.0
2025-07-28,WHY-VAN-25,1,54.99,25.5,0,0.0,0.0
2025-07-29,BAR-CHO-12,1,24.99,13.2,0,0.0,0.0
2025-07-29,BAR-PNB-12,2,49.98,26.4,0,0.0,0.0
2025-07-29,BCA-WAT,1,19.99,6.8,0,0.0,0.0
2025-07-29,CRE-300,4,79.96,22.4,0,0.0,0.0
2025-07-29,CRE-500,1,27.99,8.7,0,0.0,0.0
2025-07-29,PRE-BRA,1,24.99,8.9,0,0.0,0.0
2025-07-29,PRE-COL,2,49.98,17.8,0,0.0,0.0
2025-07-29,PRE-FPU,6,149.94,53.4,0,0.0,0.0
2025-07-29,VIT-D3-120,2,19.98,4.2,0,0.0,0.0
2025-07-29,VIT-MUL-90,2,25.98,6.8,0,0.0,0.0
2025-07-29,WHY-CHO-1K,7,209.93,89.6,0,0.0,0.0
2025-07-29,WHY-CHO-25,1,54.99,25.5,0,0.0,0.0
2025-07-29,WHY-SCA-1K,3,89.97,38.4,0,0.0,0.0
2025-07-29,WHY-STR-1K,3,89.97,38.4,0,0.0,0.0
2025-07-29,WHY-VAN-1K,4,119.96,51.2,0,0.0,0.0
2025-07-29,WHY-VAN-25,3,164.97,76.5,0,0.0,0.0
2025-07-30,ACC-SHK,7,48.93,11.9,0,0.0,0.0
2025-07-30,BAR-CHO-12,4,99.96,52.8,0,0.0,0.0
2025-07-30,BAR-PNB-12,1,24.99,13.2,0,0.0,0.0
2025-07-30,BCA-LEM,2,39.98,13.6,0,0.0,0.0
2025-07-30,BCA-WAT,1,19.99,6.8,0,0.0,0.0
2025-07-30,CRE-300,6,119.94,33.6,0,0.0,0.0
2025-07-30,CRE-500,1,27.99,8.7,0,0.0,0.0
2025-07-30,OMG-3-90,4,59.96,19.6,0,0.0,0.0
2025-07-30,PRE-BRA,2,49.98,17.8,0,0.0,0.0
2025-07-30,PRE-COL,1,24.99,8.9,0,0.0,0.0
2025-07-30,PRE-FPU,2,49.98,17.8,0,0.0,0.0
2025-07-30,VEG-CHO-1K,3,98.97,47.7,0,0.0,0.0
2025-07-30,VIT-D3-120,4,39.96,8.4,0,0.0,0.0
2025-07-30,WHY-CHO-1K,11,329.89,140.8,0,0.0,0.0
2025-07-30,WHY-CHO-25,4,219.96,102.0,0,0.0,0.0
2025-07-30,WHY-SCA-1K,7,209.93,89.6,0,0.0,0.0
2025-07-30,WHY-STR-1K,2,59.98,25.6,0,0.0,0.0
2025-07-30,WHY-VAN-1K,5,149.95,64.0,0,0.0,0.0
2025-07-30,WHY-VAN-25,2,109.98,51.0,0,0.0,0.0
2025-07-31,ACC-SHK,2,13.98,3.4,0,0.0,0.0
2025-07-31,BAR-CHO-12,5,124.95,66.0,0,0.0,0.0
2025-07-31,BAR-PNB-12,7,174.93,92.4,0,0.0,0.0
2025-07-31,BCA-LEM,2,39.98,13.6,0,0.0,0.0
2025-07-31,BCA-WAT,2,39.98,13.6,0,0.0,0.0
2025-07-31,CRE-300,7,139.93,39.2,0,0.0,0.0
2025-07-31,CRE-500,1,27.99,8.7,0,0.0,0.0
2025-07-31,GAI-CHO-25,2,79.98,36.8,0,0.0,0.0
2025-07-31,PRE-BRA,6,149.94,53.4,0,0.0,0.0
2025-07-31,PRE-COL,2,49.98,17.8,0,0.0,0.0
2025-07-31,PRE-FPU,8,199.92,71.2,0,0.0,0.0
2025-07-31,VEG-BER-1K,1,32.99,15.9,0,0.0,0.0
2025-07-31,VEG-CHO-1K,3,98.97,47.7,0,0.0,0.0
2025-07-31,VIT-D3-120,5,49.95,10.5,0,0.0,0.0
2025-07-31,VIT-MUL-90,4,51.96,13.6,0,0.0,0.0
2025-07-31,WHY-CHO-1K,14,419.86,179.2,0,0.0,0.0
2025-07-31,WHY-CHO-25,4,219.96,102.0,0,0.0,0.0
2025-07-31,WHY-SCA-1K,6,179.94,76.8,0,0.0,0.0
2025-07-31,WHY-STR-1K,6,179.94,76.8,0,0.0,0.0
2025-07-31,WHY-VAN-1K,14,419.86,179.2,0,0.0,0.0
2025-07-31,WHY-VAN-25,3,164.97,76.5,0,0.0,0.0
2025-08-01,ACC-SHK,7,48.93,11.9,0,0.0,0.0
2025-08-01,BAR-CHO-12,3,74.97,39.6,0,0.0,0.0
2025-08-01,BAR-PNB-12,2,49.98,26.4,0,0.0,0.0
2025-08-01,BCA-LEM,3,59.97,20.4,0,0.0,0.0
2025-08-01,BCA-WAT,1,19.99,6.8,0,0.0,0.0
2025-08-01,CRE-300,4,79.96,22.4,0,0.0,0.0
2025-08-01,CRE-500,6,167.94,52.2,0,0.0,0.0
2025-08-01,GAI-CHO-25,2,79.98,36.8,0,0.0,0.0
2025-08-01,OMG-3-90,1,14.99,4.9,0,0.0,0.0
2025-08-01,PRE-BRA,1,24.99,8.9,0,0.0,0.0
2025-08-01,PRE-FPU,2,49.98,17.8,0,0.0,0.0
2025-08-01,VEG-BER-1K,1,32.99,15.9,0,0.0,0.0
2025-08-01,VEG-CHO-1K,2,65.98,31.8,0,0.0,0.0
2025-08-01,VIT-D3-120,8,79.92,16.8,0,0.0,0.0
2025-08-01,VIT-MUL-90,3,38.97,10.2,0,0.0,0.0
2025-08-01,WHY-CHO-1K,6,179.94,76.8,0,0.0,0.0
2025-08-01,WHY-CHO-25,6,329.94,153.0,0,0.0,0.0
2025-08-01,WHY-SCA-1K,1,29.99,12.8,0,0.0,0.0
2025-08-01,WHY-STR-1K,2,59.98,25.6,0,0.0,0.0
2025-08-01,WHY-VAN-1K,1,29.99,12.8,0,0.0,0.0
2025-08-01,WHY-VAN-25,1,54.99,25.5,0,0.0,0.0
2025-08-02,BAR-PNB-12,2,49.98,26.4,0,0.0,0.0
2025-08-02,BCA-LEM,1,19.99,6.8,0,0.0,0.0
2025-08-02,BCA-WAT,2,39.98,13.6,0,0.0,0.0
2025-08-02,CRE-300,6,119.94,33.6,0,0.0,0.0
2025-08-02,CRE-500,2,55.98,17.4,0,0.0,0.0
2025-08-02,GAI-CHO-25,2,79.98,36.8,0,0.0,0.0
2025-08-02,PRE-FPU,1,24.99,8.9,0,0.0,0.0
2025-08-02,VIT-D3-120,4,39.96,8.4,0,0.0,0.0
2025-08-02,VIT-MUL-90,2,25.98,6.8,0,0.0,0.0
2025-08-02,WHY-CHO-1K,10,299.9,128.0,0,0.0,0.0
2025-08-02,WHY-CHO-25,2,109.98,51.0,0,0.0,0.0
2025-08-02,WHY-SCA-1K,3,89.97,38.4,0,0.0,0.0
2025-08-02,WHY-STR-1K,3,89.97,38.4,0,0.0,0.0
2025-08-02,WHY-VAN-1K,1,29.99,12.8,0,0.0,0.0
2025-08-02,WHY-VAN-25,2,109.98,51.0,0,0.0,0.0
2025-08-03,ACC-SHK,6,41.94,10.2,0,0.0,0.0
2025-08-03,BAR-CHO-12,1,24.99,13.2,0,0.0,0.0
2025-08-03,CRE-300,7,139.93,39.2,0,0.0,0.0
2025-08-03,CRE-500,11,307.89,95.7,0,0.0,0.0
2025-08-03,GAI-CHO-25,1,39.99,18.4,0,0.0,0.0
2025-08-03,OMG-3-90,1,14.99,4.9,0,0.0,0.0
2025-08-03,PRE-BRA,3,74.97,26.7,0,0.0,0.0
2025-08-03,PRE-FPU,2,49.98,17.8,0,0.0,0.0
2025-08-03,VEG-CHO-1K,3,98.97,47.7,0,0.0,0.0
2025-08-03,VIT-D3-120,1,9.99,2.1,0,0.0,0.0
2025-08-03,VIT-MUL-90,2,25.98,6.8,0,0.0,0.0
2025-08-03,WHY-CHO-1K,8,239.92,102.4,0,0.0,0.0
2025-08-03,WHY-CHO-25,1,54.99,25.5,0,0.0,0.0
2025-08-03,WHY-SCA-1K,4,119.96,51.2,0,0.0,0.0
2025-08-03,WHY-STR-1K,1,29.99,12.8,0,0.0,0.0
2025-08-03,WHY-VAN-1K,1,29.99,12.8,0,0.0,0.0
2025-08-03,WHY-VAN-25,3,164.97,76.5,0,0.0,0.0
2025-08-04,ACC-SHK,2,13.98,3.4,0,0.0,0.0
2025-08-04,BAR-PNB-12,2,49.98,26.4,0,0.0,0.0
2025-08-04,BCA-WAT,2,39.98,13.6,0,0.0,0.0
2025-08-04,CRE-300,5,99.95,28.0,0,0.0,0.0
2025-08-04,CRE-500,4,111.96,34.8,0,0.0,0.0
2025-08-04,OMG-3-90,1,14.99,4.9,0,0.0,0.0
2025-08-04,PRE-BRA,1,24.99,8.9,0,0.0,0.0
2025-08-04,PRE-FPU,1,24.99,8.9,0,0.0,0.0
2025-08-04,VEG-CHO-1K,1,32.99,15.9,0,0.0,0.0
2025-08-04,VIT-D3-120,2,19.98,4.2,0,0.0,0.0
2025-08-04,VIT-MUL-90,2,25.98,6.8,0,0.0,0.0
2025-08-04,WHY-CHO-1K,9,269.91,115.2,0,0.0,0.0
2025-08-04,WHY-CHO-25,3,164.97,76.5,0,0.0,0.0
2025-08-04,WHY-STR-1K,2,59.98,25.6,0,0.0,0.0
2025-08-04,WHY-VAN-1K,2,59.98,25.6,0,0.0,0.0
2025-08-04,WHY-VAN-25,3,164.97,76.5,0,0.0,0.0
2025-08-05,ACC-SHK,8,55.92,13.6,0,0.0,0.0
2025-08-05,BAR-CHO-12,1,24.99,13.2,0,0.0,0.0
2025-08-05,BAR-PNB-12,1,24.99,13.2,0,0.0,0.0
2025-08-05,BCA-LEM,1,19.99,6.8,0,0.0,0.0
2025-08-05,BCA-WAT,2,39.98,13.6,0,0.0,0.0
2025-08-05,CRE-300,5,99.95,28.0,0,0.0,0.0
2025-08-05,CRE-500,6,167.94,52.2,0,0.0,0.0
2025-08-05,GAI-CHO-25,1,39.99,18.4,0,0.0,0.0
2025-08-05,OMG-3-90,1,14.99,4.9,0,0.0,0.0
2025-08-05,PRE-BRA,3,74.97,26.7,0,0.0,0.0
2025-08-05,PRE-FPU,4,99.96,35.6,0,0.0,0.0
2025-08-05,VEG-CHO-1K,2,65.98,31.8,0,0.0,0.0
2025-08-05,VIT-D3-120,3,29.97,6.3,0,0.0,0.0
2025-08-05,WHY-CHO-1K,5,149.95,64.0,0,0.0,0.0
2025-08-05,WHY-CHO-25,4,219.96,102.0,0,0.0,0.0
2025-08-05,WHY-SCA-1K,2,59.98,25.6,0,0.0,0.0
2025-08-05,WHY-VAN-1K,4,119.96,51.2,0,0.0,0.0
2025-08-05,WHY-VAN-25,4,219.96,102.0,0,0.0,0.0
2025-08-06,ACC-SHK,3,20.97,5.1,0,0.0,0.0
2025-08-06,BAR-CHO-12,2,49.98,26.4,0,0.0,0.0
2025-08-06,BAR-PNB-12,2,49.98,26.4,0,0.0,0.0
2025-08-06,BCA-LEM,1,19.99,6.8,0,0.0,0.0
2025-08-06,BCA-WAT,1,19.99,6.8,0,0.0,0.0
2025-08-06,CRE-300,3,59.97,16.8,0,0.0,0.0
2025-08-06,CRE-500,6,167.94,52.2,0,0.0,0.0
2025-08-06,GAI-CHO-25,1,39.99,18.4,0,0.0,0.0
2025-08-06,PRE-COL,1,24.99,8.9,0,0.0,0.0
2025-08-06,PRE-FPU,2,49.98,17.8,0,0.0,0.0
2025-08-06,VEG-CHO-1K,1,32.99,15.9,0,0.0,0.0
2025-08-06,VIT-D3-120,4,39.96,8.4,0,0.0,0.0
2025-08-06,VIT-MUL-90,4,51.96,13.6,0,0.0,0.0
2025-08-06,WHY-CHO-1K,8,239.92,102.4,0,0.0,0.0
2025-08-06,WHY-CHO-25,2,109.98,51.0,0,0.0,0.0
2025-08-06,WHY-SCA-1K,1,29.99,12.8,0,0.0,0.0
2025-08-06,WHY-STR-1K,3,89.97,38.4,0,0.0,0.0
2025-08-06,WHY-VAN-1K,1,29.99,12.8,0,0.0,0.0
2025-08-06,WHY-VAN-25,1,54.99,25.5,0,0.0,0.0
2025-08-07,ACC-SHK,3,20.97,5.1,0,0.0,0.0
2025-08-07,BAR-CHO-12,2,49.98,26.4,0,0.0,0.0
2025-08-07,BCA-WAT,1,19.99,6.8,0,0.0,0.0
2025-08-07,CRE-300,2,39.98,11.2,0,0.0,0.0
2025-08-07,CRE-500,7,195.93,60.9,0,0.0,0.0
2025-08-07,GAI-CHO-25,4,159.96,73.6,0,0.0,0.0
2025-08-07,OMG-3-90,5,74.95,24.5,0,0.0,0.0
2025-08-07,PRE-BRA,2,49.98,17.8,0,0.0,0.0
2025-08-07,PRE-FPU,4,99.96,35.6,0,0.0,0.0
2025-08-07,VEG-BER-1K,1,32.99,15.9,0,0.0,0.0
2025-08-07,VEG-CHO-1K,4,131.96,63.6,0,0.0,0.0
2025-08-07,VIT-D3-120,2,19.98,4.2,0,0.0,0.0
2025-08-07,VIT-MUL-90,3,38.97,10.2,0,0.0,0.0
2025-08-07,WHY-CHO-1K,13,389.87,166.4,0,0.0,0.0
2025-08-07,WHY-CHO-25,6,329.94,153.0,0,0.0,0.0
2025-08-07,WHY-SCA-1K,1,29.99,12.8,0,0.0,0.0
2025-08-07,WHY-STR-1K,3,89.97,38.4,0,0.0,0.0
2025-08-07,WHY-VAN-1K,4,119.96,51.2,0,0.0,0.0
2025-08-07,WHY-VAN-25,4,219.96,102.0,0,0.0,0.0
2025-08-08,ACC-SHK,1,6.99,1.7,0,0.0,0.0
2025-08-08,BAR-PNB-12,1,24.99,13.2,0,0.0,0.0
2025-08-08,BCA-LEM,1,19.99,6.8,0,0.0,0.0
2025-08-08,CRE-300,5,99.95,28.0,0,0.0,0.0
2025-08-08,CRE-500,1,27.99,8.7,0,0.0,0.0
2025-08-08,OMG-3-90,1,14.99,4.9,0,0.0,0.0
2025-08-08,PRE-BRA,1,24.99,8.9,0,0.0,0.0
2025-08-08,PRE-FPU,1,24.99,8.9,0,0.0,0.0
2025-08-08,VIT-D3-120,2,19.98,4.2,0,0.0,0.0
2025-08-08,VIT-MUL-90,1,12.99,3.4,0,0.0,0.0
2025-08-08,WHY-CHO-1K,3,89.97,38.4,0,0.0,0.0
2025-08-08,WHY-CHO-25,2,109.98,51.0,0,0.0,0.0
2025-08-08,WHY-SCA-1K,1,29.99,12.8,0,0.0,0.0
2025-08-08,WHY-STR-1K,1,29.99,12.8,0,0.0,0.0
2025-08-08,WHY-VAN-25,1,54.99,25.5,0,0.0,0.0
2025-08-09,ACC-SHK,2,13.98,3.4,0,0.0,0.0
2025-08-09,BAR-CHO-12,1,24.99,13.2,0,0.0,0.0
2025-08-09,BAR-PNB-12,1,24.99,13.2,0,0.0,0.0
2025-08-09,BCA-LEM,1,19.99,6.8,0,0.0,0.0
2025-08-09,BCA-WAT,1,19.99,6.8,0,0.0,0.0
2025-08-09,CRE-300,6,119.94,33.6,0,0.0,0.0
2025-08-09,CRE-500,6,167.94,52.2,0,0.0,0.0
2025-08-09,GAI-CHO-25,2,79.98,36.8,0,0.0,0.0
2025-08-09,OMG-3-90,1,14.99,4.9,0,0.0,0.0
2025-08-09,PRE-BRA,2,49.98,17.8,0,0.0,0.0
2025-08-09,PRE-FPU,1,24.99,8.9,0,0.0,0.0
2025-08-09,VEG-BER-1K,1,32.99,15.9,0,0.0,0.0
2025-08-09,VEG-CHO-1K,2,65.98,31.8,0,0.0,0.0
2025-08-09,VIT-MUL-90,2,25.98,6.8,0,0.0,0.0
2025-08-09,WHY-CHO-1K,6,179.94,76.8,0,0.0,0.0
2025-08-09,WHY-CHO-25,3,164.97,76.5,0,0.0,0.0
2025-08-09,WHY-STR-1K,4,119.96,51.2,0,0.0,0.0
2025-08-09,WHY-VAN-1K,4,119.96,51.2,0,0.0,0.0
2025-08-09,WHY-VAN-25,1,54.99,25.5,0,0.0,0.0
2025-08-10,ACC-SHK,1,6.99,1.7,0,0.0,0.0
2025-08-10,BAR-CHO-12,4,99.96,52.8,0,0.0,0.0
2025-08-10,BCA-LEM,2,39.98,13.6,0,0.0,0.0
2025-08-10,CRE-300,1,19.99,5.6,0,0.0,0.0
2025-08-10,CRE-500,5,139.95,43.5,0,0.0,0.0
2025-08-10,GAI-CHO-25,1,39.99,18.4,0,0.0,0.0
2025-08-10,OMG-3-90,3,44.97,14.7,0,0.0,0.0
2025-08-10,PRE-BRA,3,74.97,26.7,0,0.0,0.0
2025-08-10,PRE-COL,2,49.98,17.8,0,0.0,0.0
2025-08-10,PRE-FPU,1,24.99,8.9,0,0.0,0.0
2025-08-10,VEG-BER-1K,1,32.99,15.9,0,0.0,0.0
2025-08-10,VIT-D3-120,3,29.97,6.3,0,0.0,0.0
2025-08-10,VIT-MUL-90,6,77.94,20.4,0,0.0,0.0
2025-08-10,WHY-CHO-1K,6,179.94,76.8,0,0.0,0.0
2025-08-10,WHY-CHO-25,2,109.98,51.0,0,0.0,0.0
2025-08-10,WHY-STR-1K,6,179.94,76.8,0,0.0,0.0
2025-08-10,WHY-VAN-1K,11,329.89,140.8,0,0.0,0.0
2025-08-11,ACC-SHK,3,20.97,5.1,0,0.0,0.0
2025-08-11,BAR-CHO-12,1,24.99,13.2,0,0.0,0.0
2025-08-11,BAR-PNB-12,5,124.95,66.0,0,0.0,0.0
2025-08-11,BCA-WAT,2,39.98,13.6,0,0.0,0.0
2025-08-11,CRE-300,5,99.95,28.0,0,0.0,0.0
2025-08-11,CRE-500,2,55.98,17.4,0,0.0,0.0
2025-08-11,GAI-CHO-25,1,39.99,18.4,0,0.0,0.0
2025-08-11,OMG-3-90,2,29.98,9.8,0,0.0,0.0
2025-08-11,PRE-BRA,2,49.98,17.8,0,0.0,0.0
2025-08-11,VEG-CHO-1K,1,32.99,15.9,0,0.0,0.0
2025-08-11,VIT-D3-120,1,9.99,2.1,0,0.0,0.0
2025-08-11,VIT-MUL-90,3,38.97,10.2,0,0.0,0.0
2025-08-11,WHY-CHO-1K,9,269.91,115.2,0,0.0,0.0
2025-08-11,WHY-CHO-25,2,109.98,51.0,0,0.0,0.0
2025-08-11,WHY-SCA-1K,1,29.99,12.8,0,0.0,0.0
2025-08-11,WHY-STR-1K,1,29.99,12.8,0,0.0,0.0
2025-08-11,WHY-VAN-1K,4,119.96,51.2,0,0.0,0.0
2025-08-11,WHY-VAN-25,7,384.93,178.5,0,0.0,0.0
2025-08-12,ACC-SHK,2,13.98,3.4,0,0.0,0.0
2025-08-12,BAR-CHO-12,2,49.98,26.4,0,0.0,0.0
2025-08-12,BAR-PNB-12,2,49.98,26.4,0,0.0,0.0
2025-08-12,BCA-LEM,2,39.98,13.6,0,0.0,0.0
2025-08-12,BCA-WAT,3,59.97,20.4,0,0.0,0.0
2025-08-12,CRE-300,1,19.99,5.6,0,0.0,0.0
2025-08-12,CRE-500,1,27.99,8.7,0,0.0,0.0
2025-08-12,PRE-BRA,1,24.99,8.9,0,0.0,0.0
2025-08-12,PRE-FPU,2,49.98,17.8,0,0.0,0.0
2025-08-12,VIT-D3-120,1,9.99,2.1,0,0.0,0.0
2025-08-12,WHY-CHO-1K,5,149.95,64.0,0,0.0,0.0
2025-08-12,WHY-CHO-25,4,219.96,102.0,0,0.0,0.0
2025-08-12,WHY-SCA-1K,1,29.99,12.8,0,0.0,0.0
2025-08-12,WHY-STR-1K,3,89.97,38.4,0,0.0,0.0
2025-08-12,WHY-VAN-1K,4,119.96,51.2,0,0.0,0.0
2025-08-13,ACC-SHK,2,13.98,3.4,0,0.0,0.0
2025-08-13,BAR-CHO-12,4,99.96,52.8,0,0.0,0.0
2025-08-13,BAR-PNB-12,1,24.99,13.2,0,0.0,0.0
2025-08-13,BCA-LEM,1,19.99,6.8,0,0.0,0.0
2025-08-13,BCA-WAT,3,59.97,20.4,0,0.0,0.0
2025-08-13,CRE-300,8,159.92,44.8,0,0.0,0.0
2025-08-13,OMG-3-90,2,29.98,9.8,0,0.0,0.0
2025-08-13,PRE-BRA,1,24.99,8.9,0,0.0,0.0
2025-08-13,PRE-FPU,2,49.98,17.8,0,0.0,0.0
2025-08-13,VEG-CHO-1K,2,65.98,31.8,0,0.0,0.0
2025-08-13,VIT-D3-120,3,29.97,6.3,0,0.0,0.0
2025-08-13,VIT-MUL-90,3,38.97,10.2,0,0.0,0.0
2025-08-13,WHY-CHO-1K,9,269.91,115.2,0,0.0,0.0
2025-08-13,WHY-SCA-1K,3,89.97,38.4,0,0.0,0.0
2025-08-13,WHY-STR-1K,3,89.97,38.4,0,0.0,0.0
2025-08-13,WHY-VAN-1K,8,239.92,102.4,0,0.0,0.0
2025-08-13,WHY-VAN-25,4,219.96,102.0,0,0.0,0.0
2025-08-14,ACC-SHK,7,48.93,11.9,0,0.0,0.0
2025-08-14,BAR-CHO-12,3,74.97,39.6,0,0.0,0.0
2025-08-14,BCA-LEM,2,39.98,13.6,0,0.0,0.0
2025-08-14,BCA-WAT,1,19.99,6.8,0,0.0,0.0
2025-08-14,CRE-300,6,119.94,33.6,0,0.0,0.0
2025-08-14,CRE-500,5,139.95,43.5,0,0.0,0.0
2025-08-14,GAI-CHO-25,2,79.98,36.8,0,0.0,0.0
2025-08-14,OMG-3-90,3,44.97,14.7,0,0.0,0.0
2025-08-14,PRE-BRA,9,224.91,80.1,0,0.0,0.0
2025-08-14,PRE-FPU,6,149.94,53.4,0,0.0,0.0
2025-08-14,VEG-BER-1K,3,98.97,47.7,0,0.0,0.0
2025-08-14,VIT-D3-120,3,29.97,6.3,0,0.0,0.0
2025-08-14,VIT-MUL-90,3,38.97,10.2,0,0.0,0.0
2025-08-14,WHY-CHO-1K,15,449.85,192.0,0,0.0,0.0
2025-08-14,WHY-SCA-1K,4,119.96,51.2,0,0.0,0.0
2025-08-14,WHY-STR-1K,3,89.97,38.4,0,0.0,0.0
2025-08-14,WHY-VAN-1K,3,89.97,38.4,0,0.0,0.0
2025-08-14,WHY-VAN-25,3,164.97,76.5,0,0.0,0.0
2025-08-15,ACC-SHK,1,6.99,1.7,0,0.0,0.0
2025-08-15,BAR-CHO-12,2,49.98,26.4,0,0.0,0.0
2025-08-15,BAR-PNB-12,2,49.98,26.4,0,0.0,0.0
2025-08-15,CRE-300,5,99.95,28.0,0,0.0,0.0
2025-08-15,CRE-500,1,27.99,8.7,0,0.0,0.0
2025-08-15,GAI-CHO-25,1,39.99,18.4,0,0.0,0.0
2025-08-15,OMG-3-90,2,29.98,9.8,0,0.0,0.0
2025-08-15,PRE-BRA,1,24.99,8.9,0,0.0,0.0
2025-08-15,PRE-FPU,2,49.98,17.8,0,0.0,0.0
2025-08-15,VIT-D3-120,2,19.98,4.2,0,0.0,0.0
2025-08-15,VIT-MUL-90,3,38.97,10.2,0,0.0,0.0
2025-08-15,WHY-CHO-1K,8,239.92,102.4,0,0.0,0.0
2025-08-15,WHY-CHO-25,3,164.97,76.5,0,0.0,0.0
2025-08-15,WHY-SCA-1K,4,119.96,51.2,0,0.0,0.0
2025-08-15,WHY-STR-1K,1,29.99,12.8,0,0.0,0.0
2025-08-15,WHY-VAN-1K,8,239.92,102.4,0,0.0,0.0
2025-08-15,WHY-VAN-25,1,54.99,25.5,0,0.0,0.0
2025-08-16,ACC-SHK,2,13.98,3.4,0,0.0,0.0
2025-08-16,BAR-CHO-12,1,24.99,13.2,0,0.0,0.0
2025-08-16,BCA-WAT,4,79.96,27.2,0,0.0,0.0
2025-08-16,CRE-500,1,27.99,8.7,0,0.0,0.0
2025-08-16,GAI-CHO-25,1,39.99,18.4,0,0.0,0.0
2025-08-16,PRE-BRA,1,24.99,8.9,0,0.0,0.0
2025-08-16,PRE-FPU,4,99.96,35.6,0,0.0,0.0
2025-08-16,VEG-CHO-1K,1,32.99,15.9,0,0.0,0.0
2025-08-16,VIT-MUL-90,3,38.97,10.2,0,0.0,0.0
2025-08-16,WHY-CHO-1K,4,119.96,51.2,0,0.0,0.0
2025-08-16,WHY-CHO-25,4,219.96,102.0,0,0.0,0.0
2025-08-16,WHY-VAN-1K,2,59.98,25.6,0,0.0,0.0
2025-08-16,WHY-VAN-25,3,164.97,76.5,0,0.0,0.0
2025-08-17,BAR-PNB-12,2,49.98,26.4,0,0.0,0.0
2025-08-17,BCA-WAT,3,59.97,20.4,0,0.0,0.0
2025-08-17,CRE-300,2,39.98,11.2,0,0.0,0.0
2025-08-17,CRE-500,1,27.99,8.7,0,0.0,0.0
2025-08-17,PRE-FPU,3,74.97,26.7,0,0.0,0.0
2025-08-17,VEG-CHO-1K,1,32.99,15.9,0,0.0,0.0
2025-08-17,VIT-D3-120,4,39.96,8.4,0,0.0,0.0
2025-08-17,VIT-MUL-90,1,12.99,3.4,0,0.0,0.0
2025-08-17,WHY-CHO-1K,5,149.95,64.0,0,0.0,0.0
2025-08-17,WHY-CHO-25,4,219.96,102.0,0,0.0,0.0
2025-08-17,WHY-SCA-1K,2,59.98,25.6,0,0.0,0.0
2025-08-17,WHY-STR-1K,2,59.98,25.6,0,0.0,0.0
2025-08-17,WHY-VAN-1K,6,179.94,76.8,0,0.0,0.0
2025-08-18,ACC-SHK,5,34.95,8.5,0,0.0,0.0
2025-08-18,BAR-CHO-12,1,24.99,13.2,0,0.0,0.0
2025-08-18,BAR-PNB-12,1,24.99,13.2,0,0.0,0.0
2025-08-18,BCA-LEM,3,59.97,20.4,0,0.0,0.0
2025-08-18,BCA-WAT,2,39.98,13.6,0,0.0,0.0
2025-08-18,CRE-300,6,119.94,33.6,0,0.0,0.0
2025-08-18,CRE-500,3,83.97,26.1,0,0.0,0.0
2025-08-18,OMG-3-90,2,29.98,9.8,0,0.0,0.0
2025-08-18,PRE-BRA,3,74.97,26.7,0,0.0,0.0
2025-08-18,PRE-FPU,7,174.93,62.3,0,0.0,0.0
2025-08-18,VEG-BER-1K,1,32.99,15.9,0,0.0,0.0
2025-08-18,VEG-CHO-1K,2,65.98,31.8,0,0.0,0.0
2025-08-18,WHY-CHO-1K,5,149.95,64.0,0,0.0,0.0
2025-08-18,WHY-CHO-25,2,109.98,51.0,0,0.0,0.0
2025-08-18,WHY-SCA-1K,2,59.98,25.6,0,0.0,0.0
2025-08-18,WHY-STR-1K,2,59.98,25.6,0,0.0,0.0
2025-08-18,WHY-VAN-1K,4,119.96,51.2,0,0.0,0.0
2025-08-18,WHY-VAN-25,3,164.97,76.5,0,0.0,0.0
2025-08-19,ACC-SHK,1,6.99,1.7,0,0.0,0.0
2025-08-19,BAR-CHO-12,2,49.98,26.4,0,0.0,0.0
2025-08-19,BCA-WAT,2,39.98,13.6,0,0.0,0.0
2025-08-19,CRE-300,5,99.95,28.0,0,0.0,0.0
2025-08-19,CRE-500,5,139.95,43.5,0,0.0,0.0
2025-08-19,GAI-CHO-25,3,119.97,55.2,0,0.0,0.0
2025-08-19,OMG-3-90,2,29.98,9.8,0,0.0,0.0
2025-08-19,PRE-BRA,2,49.98,17.8,0,0.0,0.0
2025-08-19,PRE-FPU,4,99.96,35.6,0,0.0,0.0
2025-08-19,VEG-BER-1K,1,32.99,15.9,0,0.0,0.0
2025-08-19,VEG-CHO-1K,1,32.99,15.9,0,0.0,0.0
2025-08-19,VIT-D3-120,2,19.98,4.2,0,0.0,0.0
2025-08-19,VIT-MUL-90,4,51.96,13.6,0,0.0,0.0
2025-08-19,WHY-CHO-1K,6,179.94,76.8,0,0.0,0.0
2025-08-19,WHY-CHO-25,3,164.97,76.5,0,0.0,0.0
2025-08-19,WHY-SCA-1K,8,239.92,102.4,0,0.0,0.0
2025-08-19,WHY-STR-1K,2,59.98,25.6,0,0.0,0.0
2025-08-19,WHY-VAN-1K,4,119.96,51.2,0,0.0,0.0
2025-08-19,WHY-VAN-25,1,54.99,25.5,0,0.0,0.0
2025-08-20,BAR-PNB-12,3,74.97,39.6,0,0.0,0.0
2025-08-20,CRE-300,7,139.93,39.2,0,0.0,0.0
2025-08-20,CRE-500,3,83.97,26.1,0,0.0,0.0
2025-08-20,PRE-BRA,2,49.98,17.8,0,0.0,0.0
2025-08-20,PRE-FPU,2,49.98,17.8,0,0.0,0.0
2025-08-20,VIT-D3-120,1,9.99,2.1,0,0.0,0.0
2025-08-20,VIT-MUL-90,2,25.98,6.8,0,0.0,0.0
2025-08-20,WHY-CHO-1K,12,359.88,153.6,0,0.0,0.0
2025-08-20,WHY-CHO-25,4,219.96,102.0,0,0.0,0.0
2025-08-20,WHY-SCA-1K,2,59.98,25.6,0,0.0,0.0
2025-08-20,WHY-STR-1K,1,29.99,12.8,0,0.0,0.0
2025-08-20,WHY-VAN-1K,4,119.96,51.2,0,0.0,0.0
2025-08-20,WHY-VAN-25,3,164.97,76.5,0,0.0,0.0
2025-08-21,ACC-SHK,1,6.99,1.7,0,0.0,0.0
2025-08-21,BAR-CHO-12,2,49.98,26.4,0,0.0,0.0
2025-08-21,BAR-PNB-12,3,74.97,39.6,0,0.0,0.0
2025-08-21,CRE-300,12,239.88,67.2,0,0.0,0.0
2025-08-21,CRE-500,4,111.96,34.8,0,0.0,0.0
2025-08-21,GAI-CHO-25,3,119.97,55.2,0,0.0,0.0
2025-08-21,OMG-3-90,2,29.98,9.8,0,0.0,0.0
2025-08-21,PRE-BRA,3,74.97,26.7,0,0.0,0.0
2025-08-21,PRE-COL,1,24.99,8.9,0,0.0,0.0
2025-08-21,PRE-FPU,7,174.93,62.3,0,0.0,0.0
2025-08-21,VEG-CHO-1K,1,32.99,15.9,0,0.0,0.0
2025-08-21,VIT-D3-120,1,9.99,2.1,0,0.0,0.0
2025-08-21,VIT-MUL-90,3,38.97,10.2,0,0.0,0.0
2025-08-21,WHY-CHO-1K,12,359.88,153.6,0,0.0,0.0
2025-08-21,WHY-CHO-25,5,274.95,127.5,0,0.0,0.0
2025-08-21,WHY-SCA-1K,3,89.97,38.4,0,0.0,0.0
2025-08-21,WHY-STR-1K,2,59.98,25.6,0,0.0,0.0
2025-08-21,WHY-VAN-1K,4,119.96,51.2,0,0.0,0.0
2025-08-21,WHY-VAN-25,2,109.98,51.0,0,0.0,0.0
2025-08-22,ACC-SHK,1,6.99,1.7,0,0.0,0.0
2025-08-22,BAR-CHO-12,3,74.97,39.6,0,0.0,0.0
2025-08-22,BAR-PNB-12,3,74.97,39.6,0,0.0,0.0
2025-08-22,BCA-LEM,1,19.99,6.8,0,0.0,0.0
2025-08-22,BCA-WAT,1,19.99,6.8,0,0.0,0.0
2025-08-22,CRE-300,6,119.94,33.6,0,0.0,0.0
2025-08-22,OMG-3-90,1,14.99,4.9,0,0.0,0.0
2025-08-22,PRE-BRA,1,24.99,8.9,0,0.0,0.0
2025-08-22,PRE-FPU,2,49.98,17.8,0,0.0,0.0
2025-08-22,VEG-CHO-1K,1,32.99,15.9,0,0.0,0.0
2025-08-22,VIT-D3-120,4,39.96,8.4,0,0.0,0.0
2025-08-22,VIT-MUL-90,1,12.99,3.4,0,0.0,0.0
2025-08-22,WHY-CHO-1K,5,149.95,64.0,0,0.0,0.0
2025-08-22,WHY-CHO-25,2,109.98,51.0,0,0.0,0.0
2025-08-22,WHY-VAN-1K,4,119.96,51.2,0,0.0,0.0
2025-08-22,WHY-VAN-25,1,54.99,25.5,0,0.0,0.0
2025-08-23,ACC-SHK,1,6.99,1.7,0,0.0,0.0
2025-08-23,BCA-LEM,2,39.98,13.6,0,0.0,0.0
2025-08-23,BCA-WAT,1,19.99,6.8,0,0.0,0.0
2025-08-23,CRE-300,4,79.96,22.4,0,0.0,0.0
2025-08-23,CRE-500,4,111.96,34.8,0,0.0,0.0
2025-08-23,OMG-3-90,2,29.98,9.8,0,0.0,0.0
2025-08-23,PRE-BRA,5,124.95,44.5,0,0.0,0.0
2025-08-23,PRE-FPU,2,49.98,17.8,0,0.0,0.0
2025-08-23,VEG-BER-1K,2,65.98,31.8,0,0.0,0.0
2025-08-23,VIT-D3-120,1,9.99,2.1,0,0.0,0.0
2025-08-23,VIT-MUL-90,3,38.97,10.2,0,0.0,0.0
2025-08-23,WHY-CHO-1K,3,89.97,38.4,0,0.0,0.0
2025-08-23,WHY-CHO-25,4,219.96,102.0,0,0.0,0.0
2025-08-23,WHY-VAN-1K,1,29.99,12.8,0,0.0,0.0
2025-08-23,WHY-VAN-25,1,54.99,25.5,0,0.0,0.0
2025-08-24,ACC-SHK,1,6.99,1.7,0,0.0,0.0
2025-08-24,BCA-LEM,1,19.99,6.8,0,0.0,0.0
2025-08-24,CRE-300,6,119.94,33.6,0,0.0,0.0
2025-08-24,CRE-500,2,55.98,17.4,0,0.0,0.0
2025-08-24,GAI-CHO-25,1,39.99,18.4,0,0.0,0.0
2025-08-24,OMG-3-90,2,29.98,9.8,0,0.0,0.0
2025-08-24,PRE-COL,1,24.99,8.9,0,0.0,0.0
2025-08-24,PRE-FPU,3,74.97,26.7,0,0.0,0.0
2025-08-24,VEG-BER-1K,1,32.99,15.9,0,0.0,0.0
2025-08-24,VEG-CHO-1K,2,65.98,31.8,0,0.0,0.0
2025-08-24,VIT-D3-120,2,19.98,4.2,0,0.0,0.0
2025-08-24,VIT-MUL-90,3,38.97,10.2,0,0.0,0.0
2025-08-24,WHY-CHO-1K,6,179.94,76.8,0,0.0,0.0
2025-08-24,WHY-CHO-25,1,54.99,25.5,0,0.0,0.0
2025-08-24,WHY-SCA-1K,4,119.96,51.2,0,0.0,0.0
2025-08-24,WHY-STR-1K,2,59.98,25.6,0,0.0,0.0
2025-08-24,WHY-VAN-1K,1,29.99,12.8,0,0.0,0.0
2025-08-24,WHY-VAN-25,1,54.99,25.5,0,0.0,0.0
2025-08-25,ACC-SHK,1,6.99,1.7,0,0.0,0.0
2025-08-25,BAR-CHO-12,5,124.95,66.0,0,0.0,0.0
2025-08-25,BAR-PNB-12,2,49.98,26.4,0,0.0,0.0
2025-08-25,CRE-300,4,79.96,22.4,0,0.0,0.0
2025-08-25,CRE-500,3,83.97,26.1,0,0.0,0.0
2025-08-25,GAI-CHO-25,1,39.99,18.4,0,0.0,0.0
2025-08-25,PRE-BRA,4,99.96,35.6,0,0.0,0.0
2025-08-25,PRE-FPU,2,49.98,17.8,0,0.0,0.0
2025-08-25,VIT-D3-120,1,9.99,2.1,0,0.0,0.0
2025-08-25,VIT-MUL-90,3,38.97,10.2,0,0.0,0.0
2025-08-25,WHY-CHO-1K,8,239.92,102.4,0,0.0,0.0
2025-08-25,WHY-CHO-25,2,109.98,51.0,0,0.0,0.0
2025-08-25,WHY-SCA-1K,4,119.96,51.2,0,0.0,0.0
2025-08-25,WHY-VAN-1K,3,89.97,38.4,0,0.0,0.0
2025-08-25,WHY-VAN-25,4,219.96,102.0,0,0.0,0.0
2025-08-26,ACC-SHK,1,6.99,1.7,0,0.0,0.0
2025-08-26,BAR-CHO-12,5,124.95,66.0,0,0.0,0.0
2025-08-26,BCA-LEM,1,19.99,6.8,0,0.0,0.0
2025-08-26,BCA-WAT,1,19.99,6.8,0,0.0,0.0
2025-08-26,CRE-300,4,79.96,22.4,0,0.0,0.0
2025-08-26,CRE-500,3,83.97,26.1,0,0.0,0.0
2025-08-26,GAI-CHO-25,4,159.96,73.6,0,0.0,0.0
2025-08-26,OMG-3-90,1,14.99,4.9,0,0.0,0.0
2025-08-26,PRE-FPU,5,124.95,44.5,0,0.0,0.0
2025-08-26,VEG-BER-1K,1,32.99,15.9,0,0.0,0.0
2025-08-26,VEG-CHO-1K,2,65.98,31.8,0,0.0,0.0
2025-08-26,VIT-D3-120,2,19.98,4.2,0,0.0,0.0
2025-08-26,VIT-MUL-90,1,12.99,3.4,0,0.0,0.0
2025-08-26,WHY-CHO-1K,2,59.98,25.6,0,0.0,0.0
2025-08-26,WHY-CHO-25,3,164.97,76.5,0,0.0,0.0
2025-08-26,WHY-SCA-1K,3,89.97,38.4,0,0.0,0.0
2025-08-26,WHY-STR-1K,3,89.97,38.4,0,0.0,0.0
2025-08-26,WHY-VAN-1K,5,149.95,64.0,0,0.0,0.0
2025-08-26,WHY-VAN-25,4,219.96,102.0,0,0.0,0.0
2025-08-27,ACC-SHK,1,6.99,1.7,0,0.0,0.0
2025-08-27,BAR-CHO-12,3,74.97,39.6,0,0.0,0.0
2025-08-27,BCA-LEM,2,39.98,13.6,0,0.0,0.0
2025-08-27,CRE-300,1,19.99,5.6,0,0.0,0.0
2025-08-27,CRE-500,1,27.99,8.7,0,0.0,0.0
2025-08-27,OMG-3-90,1,14.99,4.9,0,0.0,0.0
2025-08-27,PRE-BRA,3,74.97,26.7,0,0.0,0.0
2025-08-27,VIT-D3-120,1,9.99,2.1,0,0.0,0.0
2025-08-27,WHY-CHO-1K,1,29.99,12.8,0,0.0,0.0
2025-08-27,WHY-SCA-1K,2,59.98,25.6,0,0.0,0.0
2025-08-27,WHY-VAN-1K,3,89.97,38.4,0,0.0,0.0
2025-08-27,WHY-VAN-25,3,164.97,76.5,0,0.0,0.0
2025-08-28,ACC-SHK,8,55.92,13.6,0,0.0,0.0
2025-08-28,BAR-CHO-12,4,99.96,52.8,0,0.0,0.0
2025-08-28,BCA-WAT,4,79.96,27.2,0,0.0,0.0
2025-08-28,CRE-300,8,159.92,44.8,0,0.0,0.0
2025-08-28,CRE-500,4,111.96,34.8,0,0.0,0.0
2025-08-28,GAI-CHO-25,1,39.99,18.4,0,0.0,0.0
2025-08-28,OMG-3-90,1,14.99,4.9,0,0.0,0.0
2025-08-28,PRE-BRA,2,49.98,17.8,0,0.0,0.0
2025-08-28,PRE-COL,2,49.98,17.8,0,0.0,0.0
2025-08-28,PRE-FPU,6,149.94,53.4,0,0.0,0.0
2025-08-28,VEG-BER-1K,1,32.99,15.9,0,0.0,0.0
2025-08-28,VEG-CHO-1K,2,65.98,31.8,0,0.0,0.0
2025-08-28,VIT-D3-120,7,69.93,14.7,0,0.0,0.0
2025-08-28,VIT-MUL-90,6,77.94,20.4,0,0.0,0.0
2025-08-28,WHY-CHO-1K,12,359.88,153.6,0,0.0,0.0
2025-08-28,WHY-CHO-25,5,274.95,127.5,0,0.0,0.0
2025-08-28,WHY-SCA-1K,5,149.95,64.0,0,0.0,0.0
2025-08-28,WHY-STR-1K,3,89.97,38.4,0,0.0,0.0
2025-08-28,WHY-VAN-1K,8,239.92,102.4,0,0.0,0.0
2025-08-28,WHY-VAN-25,2,109.98,51.0,0,0.0,0.0
2025-08-29,ACC-SHK,5,34.95,8.5,0,0.0,0.0
2025-08-29,BAR-CHO-12,4,99.96,52.8,0,0.0,0.0
2025-08-29,BAR-PNB-12,1,24.99,13.2,0,0.0,0.0
2025-08-29,CRE-300,4,79.96,22.4,0,0.0,0.0
2025-08-29,CRE-500,2,55.98,17.4,0,0.0,0.0
2025-08-29,GAI-CHO-25,2,79.98,36.8,0,0.0,0.0
2025-08-29,OMG-3-90,2,29.98,9.8,0,0.0,0.0
2025-08-29,PRE-BRA,3,74.97,26.7,0,0.0,0.0
2025-08-29,PRE-FPU,4,99.96,35.6,0,0.0,0.0
2025-08-29,VEG-CHO-1K,1,32.99,15.9,0,0.0,0.0
2025-08-29,VIT-MUL-90,1,12.99,3.4,0,0.0,0.0
2025-08-29,WHY-CHO-1K,6,179.94,76.8,0,0.0,0.0
2025-08-29,WHY-CHO-25,4,219.96,102.0,0,0.0,0.0
2025-08-29,WHY-SCA-1K,4,119.96,51.2,0,0.0,0.0
2025-08-29,WHY-STR-1K,1,29.99,12.8,0,0.0,0.0
2025-08-29,WHY-VAN-1K,8,239.92,102.4,0,0.0,0.0
2025-08-29,WHY-VAN-25,2,109.98,51.0,0,0.0,0.0
2025-08-30,ACC-SHK,4,27.96,6.8,0,0.0,0.0
2025-08-30,BAR-CHO-12,2,49.98,26.4,0,0.0,0.0
2025-08-30,BAR-PNB-12,1,24.99,13.2,0,0.0,0.0
2025-08-30,BCA-WAT,3,59.97,20.4,0,0.0,0.0
2025-08-30,CRE-300,3,59.97,16.8,0,0.0,0.0
2025-08-30,OMG-3-90,3,44.97,14.7,0,0.0,0.0
2025-08-30,PRE-BRA,3,74.97,26.7,0,0.0,0.0
2025-08-30,PRE-COL,2,49.98,17.8,0,0.0,0.0
2025-08-30,PRE-FPU,1,24.99,8.9,0,0.0,0.0
2025-08-30,VEG-BER-1K,1,32.99,15.9,0,0.0,0.0
2025-08-30,VIT-D3-120,1,9.99,2.1,0,0.0,0.0
2025-08-30,VIT-MUL-90,1,12.99,3.4,0,0.0,0.0
2025-08-30,WHY-CHO-1K,4,119.96,51.2,0,0.0,0.0
2025-08-30,WHY-CHO-25,1,54.99,25.5,0,0.0,0.0
2025-08-30,WHY-STR-1K,1,29.99,12.8,0,0.0,0.0
2025-08-30,WHY-VAN-1K,4,119.96,51.2,0,0.0,0.0
2025-08-31,ACC-SHK,3,20.97,5.1,0,0.0,0.0
2025-08-31,BAR-PNB-12,1,24.99,13.2,0,0.0,0.0
2025-08-31,BCA-LEM,1,19.99,6.8,0,0.0,0.0
2025-08-31,BCA-WAT,1,19.99,6.8,0,0.0,0.0
2025-08-31,CRE-300,2,39.98,11.2,0,0.0,0.0
2025-08-31,GAI-CHO-25,2,79.98,36.8,0,0.0,0.0
2025-08-31,PRE-BRA,2,49.98,17.8,0,0.0,0.0
2025-08-31,PRE-FPU,1,24.99,8.9,0,0.0,0.0
2025-08-31,VIT-D3-120,2,19.98,4.2,0,0.0,0.0
2025-08-31,VIT-MUL-90,1,12.99,3.4,0,0.0,0.0
2025-08-31,WHY-CHO-1K,5,149.95,64.0,0,0.0,0.0
2025-08-31,WHY-CHO-25,3,164.97,76.5,0,0.0,0.0
2025-08-31,WHY-SCA-1K,3,89.97,38.4,0,0.0,0.0
2025-08-31,WHY-STR-1K,4,119.96,51.2,0,0.0,0.0
2025-08-31,WHY-VAN-1K,7,209.93,89.6,0,0.0,0.0
2025-08-31,WHY-VAN-25,1,54.99,25.5,0,0.0,0.0
2025-09-01,ACC-SHK,4,27.96,6.8,0,0.0,0.0
2025-09-01,BAR-CHO-12,2,49.98,26.4,0,0.0,0.0
2025-09-01,BAR-PNB-12,2,49.98,26.4,0,0.0,0.0
2025-09-01,BCA-WAT,2,39.98,13.6,0,0.0,0.0
2025-09-01,CRE-300,5,99.95,28.0,0,0.0,0.0
2025-09-01,CRE-500,4,111.96,34.8,0,0.0,0.0
2025-09-01,GAI-CHO-25,2,79.98,36.8,0,0.0,0.0
2025-09-01,OMG-3-90,1,14.99,4.9,0,0.0,0.0
2025-09-01,PRE-BRA,6,149.94,53.4,0,0.0,0.0
2025-09-01,PRE-FPU,8,199.92,71.2,0,0.0,0.0
2025-09-01,VEG-BER-1K,2,65.98,31.8,0,0.0,0.0
2025-09-01,VEG-CHO-1K,5,164.95,79.5,0,0.0,0.0
2025-09-01,VIT-D3-120,3,29.97,6.3,0,0.0,0.0
2025-09-01,VIT-MUL-90,5,64.95,17.0,0,0.0,0.0
2025-09-01,WHY-CHO-1K,6,179.94,76.8,0,0.0,0.0
2025-09-01,WHY-CHO-25,2,109.98,51.0,0,0.0,0.0
2025-09-01,WHY-SCA-1K,2,59.98,25.6,0,0.0,0.0
2025-09-01,WHY-STR-1K,3,89.97,38.4,0,0.0,0.0
2025-09-01,WHY-VAN-1K,4,119.96,51.2,0,0.0,0.0
2025-09-01,WHY-VAN-25,3,164.97,76.5,0,0.0,0.0
2025-09-02,ACC-SHK,4,27.96,6.8,0,0.0,0.0
2025-09-02,BAR-CHO-12,2,49.98,26.4,0,0.0,0.0
2025-09-02,BAR-PNB-12,2,49.98,26.4,0,0.0,0.0
2025-09-02,BCA-LEM,1,19.99,6.8,0,0.0,0.0
2025-09-02,BCA-WAT,2,39.98,13.6,0,0.0,0.0
2025-09-02,CRE-300,5,99.95,28.0,0,0.0,0.0
2025-09-02,CRE-500,1,27.99,8.7,0,0.0,0.0
2025-09-02,PRE-BRA,1,24.99,8.9,0,0.0,0.0
2025-09-02,PRE-COL,1,24.99,8.9,0,0.0,0.0
2025-09-02,PRE-FPU,2,49.98,17.8,0,0.0,0.0
2025-09-02,VEG-CHO-1K,4,131.96,63.6,0,0.0,0.0
2025-09-02,VIT-D3-120,3,29.97,6.3,0,0.0,0.0
2025-09-02,VIT-MUL-90,4,51.96,13.6,0,0.0,0.0
2025-09-02,WHY-CHO-1K,8,239.92,102.4,0,0.0,0.0
2025-09-02,WHY-CHO-25,4,219.96,102.0,0,0.0,0.0
2025-09-02,WHY-SCA-1K,1,29.99,12.8,0,0.0,0.0
2025-09-02,WHY-STR-1K,5,149.95,64.0,0,0.0,0.0
2025-09-02,WHY-VAN-1K,5,149.95,64.0,0,0.0,0.0
2025-09-02,WHY-VAN-25,1,54.99,25.5,0,0.0,0.0
2025-09-03,ACC-SHK,5,34.95,8.5,0,0.0,0.0
2025-09-03,BAR-CHO-12,2,49.98,26.4,0,0.0,0.0
2025-09-03,BAR-PNB-12,3,74.97,39.6,0,0.0,0.0
2025-09-03,BCA-LEM,1,19.99,6.8,0,0.0,0.0
2025-09-03,BCA-WAT,6,119.94,40.8,0,0.0,0.0
2025-09-03,CRE-300,9,179.91,50.4,0,0.0,0.0
2025-09-03,CRE-500,5,139.95,43.5,0,0.0,0.0
2025-09-03,GAI-CHO-25,5,199.95,92.0,0,0.0,0.0
2025-09-03,OMG-3-90,2,29.98,9.8,0,0.0,0.0
2025-09-03,PRE-BRA,1,24.99,8.9,0,0.0,0.0
2025-09-03,PRE-FPU,11,274.89,97.9,0,0.0,0.0
2025-09-03,VEG-BER-1K,2,65.98,31.8,0,0.0,0.0
2025-09-03,VEG-CHO-1K,4,131.96,63.6,0,0.0,0.0
2025-09-03,VIT-MUL-90,3,38.97,10.2,0,0.0,0.0
2025-09-03,WHY-CHO-1K,8,239.92,102.4,0,0.0,0.0
2025-09-03,WHY-CHO-25,4,219.96,102.0,0,0.0,0.0
2025-09-03,WHY-SCA-1K,1,29.99,12.8,0,0.0,0.0
2025-09-03,WHY-STR-1K,4,119.96,51.2,0,0.0,0.0
2025-09-03,WHY-VAN-1K,6,179.94,76.8,0,0.0,0.0
2025-09-03,WHY-VAN-25,3,164.97,76.5,0,0.0,0.0
2025-09-04,ACC-SHK,4,27.96,6.8,0,0.0,0.0
2025-09-04,BAR-CHO-12,5,124.95,66.0,0,0.0,0.0
2025-09-04,BAR-PNB-12,6,149.94,79.2,0,0.0,0.0
2025-09-04,BCA-LEM,1,19.99,6.8,0,0.0,0.0
2025-09-04,BCA-WAT,9,179.91,61.2,0,0.0,0.0
2025-09-04,CRE-300,10,199.9,56.0,0,0.0,0.0
2025-09-04,CRE-500,8,223.92,69.6,0,0.0,0.0
2025-09-04,GAI-CHO-25,2,79.98,36.8,0,0.0,0.0
2025-09-04,OMG-3-90,3,44.97,14.7,0,0.0,0.0
2025-09-04,PRE-BRA,3,74.97,26.7,0,0.0,0.0
2025-09-04,PRE-COL,2,49.98,17.8,0,0.0,0.0
2025-09-04,PRE-FPU,3,74.97,26.7,0,0.0,0.0
2025-09-04,VEG-BER-1K,2,65.98,31.8,0,0.0,0.0
2025-09-04,VEG-CHO-1K,3,98.97,47.7,0,0.0,0.0
2025-09-04,VIT-D3-120,5,49.95,10.5,0,0.0,0.0
2025-09-04,VIT-MUL-90,1,12.99,3.4,0,0.0,0.0
2025-09-04,WHY-CHO-1K,8,239.92,102.4,0,0.0,0.0
2025-09-04,WHY-CHO-25,6,329.94,153.0,0,0.0,0.0
2025-09-04,WHY-SCA-1K,2,59.98,25.6,0,0.0,0.0
2025-09-04,WHY-STR-1K,3,89.97,38.4,0,0.0,0.0
2025-09-04,WHY-VAN-1K,7,209.93,89.6,0,0.0,0.0
2025-09-05,CRE-300,2,39.98,11.2,0,0.0,0.0
2025-09-05,CRE-500,1,27.99,8.7,0,0.0,0.0
2025-09-05,GAI-CHO-25,1,39.99,18.4,0,0.0,0.0
2025-09-05,OMG-3-90,3,44.97,14.7,0,0.0,0.0
2025-09-05,PRE-BRA,2,49.98,17.8,0,0.0,0.0
2025-09-05,PRE-FPU,1,24.99,8.9,0,0.0,0.0
2025-09-05,VEG-CHO-1K,2,65.98,31.8,0,0.0,0.0
2025-09-05,VIT-D3-120,3,29.97,6.3,0,0.0,0.0
2025-09-05,VIT-MUL-90,2,25.98,6.8,0,0.0,0.0
2025-09-05,WHY-CHO-1K,7,209.93,89.6,0,0.0,0.0
2025-09-05,WHY-CHO-25,2,109.98,51.0,0,0.0,0.0
2025-09-05,WHY-SCA-1K,2,59.98,25.6,0,0.0,0.0
2025-09-05,WHY-STR-1K,1,29.99,12.8,0,0.0,0.0
2025-09-05,WHY-VAN-1K,5,149.95,64.0,0,0.0,0.0
2025-09-06,ACC-SHK,2,13.98,3.4,0,0.0,0.0
2025-09-06,BAR-CHO-12,7,174.93,92.4,0,0.0,0.0
2025-09-06,BCA-LEM,2,39.98,13.6,0,0.0,0.0
2025-09-06,BCA-WAT,1,19.99,6.8,0,0.0,0.0
2025-09-06,CRE-300,1,19.99,5.6,0,0.0,0.0
2025-09-06,CRE-500,8,223.92,69.6,0,0.0,0.0
2025-09-06,OMG-3-90,4,59.96,19.6,0,0.0,0.0
2025-09-06,PRE-BRA,6,149.94,53.4,0,0.0,0.0
2025-09-06,PRE-COL,2,49.98,17.8,0,0.0,0.0
2025-09-06,PRE-FPU,5,124.95,44.5,0,0.0,0.0
2025-09-06,VEG-CHO-1K,4,131.96,63.6,0,0.0,0.0
2025-09-06,VIT-D3-120,4,39.96,8.4,0,0.0,0.0
2025-09-06,VIT-MUL-90,1,12.99,3.4,0,0.0,0.0
2025-09-06,WHY-CHO-1K,3,89.97,38.4,0,0.0,0.0
2025-09-06,WHY-CHO-25,4,219.96,102.0,0,0.0,0.0
2025-09-06,WHY-SCA-1K,1,29.99,12.8,0,0.0,0.0
2025-09-06,WHY-STR-1K,2,59.98,25.6,0,0.0,0.0
2025-09-06,WHY-VAN-1K,2,59.98,25.6,0,0.0,0.0
2025-09-06,WHY-VAN-25,1,54.99,25.5,0,0.0,0.0
2025-09-07,ACC-SHK,4,27.96,6.8,0,0.0,0.0
2025-09-07,BAR-CHO-12,2,49.98,26.4,0,0.0,0.0
2025-09-07,BAR-PNB-12,2,49.98,26.4,0,0.0,0.0
2025-09-07,CRE-300,2,39.98,11.2,0,0.0,0.0
2025-09-07,GAI-CHO-25,7,279.93,128.8,0,0.0,0.0
2025-09-07,PRE-BRA,4,99.96,35.6,0,0.0,0.0
2025-09-07,PRE-COL,2,49.98,17.8,0,0.0,0.0
2025-09-07,PRE-FPU,1,24.99,8.9,0,0.0,0.0
2025-09-07,VIT-D3-120,3,29.97,6.3,0,0.0,0.0
2025-09-07,VIT-MUL-90,2,25.98,6.8,0,0.0,0.0
2025-09-07,WHY-CHO-1K,4,119.96,51.2,0,0.0,0.0
2025-09-07,WHY-CHO-25,2,109.98,51.0,0,0.0,0.0
2025-09-07,WHY-SCA-1K,3,89.97,38.4,0,0.0,0.0
2025-09-07,WHY-STR-1K,5,149.95,64.0,0,0.0,0.0
2025-09-07,WHY-VAN-25,1,54.99,25.5,0,0.0,0.0
2025-09-08,ACC-SHK,1,6.99,1.7,0,0.0,0.0
2025-09-08,BAR-CHO-12,1,24.99,13.2,0,0.0,0.0
2025-09-08,BAR-PNB-12,1,24.99,13.2,0,0.0,0.0
2025-09-08,BCA-LEM,2,39.98,13.6,0,0.0,0.0
2025-09-08,BCA-WAT,4,79.96,27.2,0,0.0,0.0
2025-09-08,CRE-300,10,199.9,56.0,0,0.0,0.0
2025-09-08,CRE-500,3,83.97,26.1,0,0.0,0.0
2025-09-08,GAI-CHO-25,2,79.98,36.8,0,0.0,0.0
2025-09-08,OMG-3-90,4,59.96,19.6,0,0.0,0.0
2025-09-08,PRE-BRA,2,49.98,17.8,0,0.0,0.0
2025-09-08,PRE-COL,2,49.98,17.8,0,0.0,0.0
2025-09-08,PRE-FPU,1,24.99,8.9,0,0.0,0.0
2025-09-08,VEG-BER-1K,4,131.96,63.6,0,0.0,0.0
2025-09-08,VEG-CHO-1K,2,65.98,31.8,0,0.0,0.0
2025-09-08,VIT-D3-120,1,9.99,2.1,0,0.0,0.0
2025-09-08,VIT-MUL-90,2,25.98,6.8,0,0.0,0.0
2025-09-08,WHY-CHO-1K,12,359.88,153.6,0,0.0,0.0
2025-09-08,WHY-CHO-25,5,274.95,127.5,0,0.0,0.0
2025-09-08,WHY-SCA-1K,3,89.97,38.4,0,0.0,0.0
2025-09-08,WHY-STR-1K,5,149.95,64.0,0,0.0,0.0
2025-09-08,WHY-VAN-1K,9,269.91,115.2,0,0.0,0.0
2025-09-08,WHY-VAN-25,2,109.98,51.0,0,0.0,0.0
2025-09-09,ACC-SHK,6,41.94,10.2,0,0.0,0.0
2025-09-09,BAR-CHO-12,4,99.96,52.8,0,0.0,0.0
2025-09-09,BAR-PNB-12,3,74.97,39.6,0,0.0,0.0
2025-09-09,BCA-LEM,5,99.95,34.0,0,0.0,0.0
2025-09-09,BCA-WAT,4,79.96,27.2,0,0.0,0.0
2025-09-09,CRE-300,6,119.94,33.6,0,0.0,0.0
2025-09-09,CRE-500,6,167.94,52.2,0,0.0,0.0
2025-09-09,GAI-CHO-25,2,79.98,36.8,0,0.0,0.0
2025-09-09,OMG-3-90,3,44.97,14.7,0,0.0,0.0
2025-09-09,PRE-BRA,3,74.97,26.7,0,0.0,0.0
2025-09-09,PRE-FPU,3,74.97,26.7,0,0.0,0.0
2025-09-09,VEG-CHO-1K,2,65.98,31.8,0,0.0,0.0
2025-09-09,VIT-MUL-90,1,12.99,3.4,0,0.0,0.0
2025-09-09,WHY-CHO-1K,8,239.92,102.4,0,0.0,0.0
2025-09-09,WHY-CHO-25,2,109.98,51.0,0,0.0,0.0
2025-09-09,WHY-SCA-1K,5,149.95,64.0,0,0.0,0.0
2025-09-09,WHY-STR-1K,3,89.97,38.4,0,0.0,0.0
2025-09-09,WHY-VAN-1K,7,209.93,89.6,0,0.0,0.0
2025-09-09,WHY-VAN-25,1,54.99,25.5,0,0.0,0.0
2025-09-10,ACC-SHK,6,41.94,10.2,0,0.0,0.0
2025-09-10,BAR-CHO-12,3,74.97,39.6,0,0.0,0.0
2025-09-10,BAR-PNB-12,1,24.99,13.2,0,0.0,0.0
2025-09-10,CRE-300,3,59.97,16.8,0,0.0,0.0
2025-09-10,CRE-500,2,55.98,17.4,0,0.0,0.0
2025-09-10,GAI-CHO-25,4,159.96,73.6,0,0.0,0.0
2025-09-10,PRE-BRA,1,24.99,8.9,0,0.0,0.0
2025-09-10,PRE-COL,2,49.98,17.8,0,0.0,0.0
2025-09-10,PRE-FPU,4,99.96,35.6,0,0.0,0.0
2025-09-10,VEG-BER-1K,1,32.99,15.9,0,0.0,0.0
2025-09-10,VEG-CHO-1K,1,32.99,15.9,0,0.0,0.0
2025-09-10,VIT-D3-120,2,19.98,4.2,0,0.0,0.0
2025-09-10,VIT-MUL-90,1,12.99,3.4,0,0.0,0.0
2025-09-10,WHY-CHO-1K,9,269.91,115.2,0,0.0,0.0
2025-09-10,WHY-CHO-25,2,109.98,51.0,0,0.0,0.0
2025-09-10,WHY-SCA-1K,6,179.94,76.8,0,0.0,0.0
2025-09-10,WHY-STR-1K,1,29.99,12.8,0,0.0,0.0
2025-09-10,WHY-VAN-1K,7,209.93,89.6,0,0.0,0.0
2025-09-11,ACC-SHK,7,48.93,11.9,0,0.0,0.0
2025-09-11,BAR-CHO-12,3,74.97,39.6,0,0.0,0.0
2025-09-11,BAR-PNB-12,3,74.97,39.6,0,0.0,0.0
2025-09-11,BCA-WAT,3,59.97,20.4,0,0.0,0.0
2025-09-11,CRE-300,10,199.9,56.0,0,0.0,0.0
2025-09-11,CRE-500,5,139.95,43.5,0,0.0,0.0
2025-09-11,GAI-CHO-25,3,119.97,55.2,0,0.0,0.0
2025-09-11,OMG-3-90,4,59.96,19.6,0,0.0,0.0
2025-09-11,PRE-BRA,6,149.94,53.4,0,0.0,0.0
2025-09-11,PRE-FPU,7,174.93,62.3,0,0.0,0.0
2025-09-11,VEG-BER-1K,1,32.99,15.9,0,0.0,0.0
2025-09-11,VEG-CHO-1K,8,263.92,127.2,0,0.0,0.0
2025-09-11,VIT-D3-120,2,19.98,4.2,0,0.0,0.0
2025-09-11,VIT-MUL-90,3,38.97,10.2,0,0.0,0.0
2025-09-11,WHY-CHO-1K,12,359.88,153.6,0,0.0,0.0
2025-09-11,WHY-CHO-25,4,219.96,102.0,0,0.0,0.0
2025-09-11,WHY-SCA-1K,9,269.91,115.2,0,0.0,0.0
2025-09-11,WHY-STR-1K,3,89.97,38.4,0,0.0,0.0
2025-09-11,WHY-VAN-1K,6,179.94,76.8,0,0.0,0.0
2025-09-11,WHY-VAN-25,4,219.96,102.0,0,0.0,0.0
2025-09-12,ACC-SHK,3,20.97,5.1,0,0.0,0.0
2025-09-12,BAR-CHO-12,3,74.97,39.6,0,0.0,0.0
2025-09-12,BAR-PNB-12,4,99.96,52.8,0,0.0,0.0
2025-09-12,BCA-WAT,4,79.96,27.2,0,0.0,0.0
2025-09-12,CRE-300,8,159.92,44.8,0,0.0,0.0
2025-09-12,CRE-500,1,27.99,8.7,0,0.0,0.0
2025-09-12,GAI-CHO-25,1,39.99,18.4,0,0.0,0.0
2025-09-12,OMG-3-90,3,44.97,14.7,0,0.0,0.0
2025-09-12,PRE-BRA,4,99.96,35.6,0,0.0,0.0
2025-09-12,PRE-FPU,3,74.97,26.7,0,0.0,0.0
2025-09-12,VEG-CHO-1K,4,131.96,63.6,0,0.0,0.0
2025-09-12,VIT-D3-120,1,9.99,2.1,0,0.0,0.0
2025-09-12,VIT-MUL-90,2,25.98,6.8,0,0.0,0.0
2025-09-12,WHY-CHO-1K,13,389.87,166.4,0,0.0,0.0
2025-09-12,WHY-SCA-1K,1,29.99,12.8,0,0.0,0.0
2025-09-12,WHY-STR-1K,8,239.92,102.4,0,0.0,0.0
2025-09-12,WHY-VAN-1K,5,149.95,64.0,0,0.0,0.0
2025-09-13,ACC-SHK,1,6.99,1.7,0,0.0,0.0
2025-09-13,BAR-CHO-12,2,49.98,26.4,0,0.0,0.0
2025-09-13,BAR-PNB-12,5,124.95,66.0,0,0.0,0.0
2025-09-13,BCA-LEM,1,19.99,6.8,0,0.0,0.0
2025-09-13,BCA-WAT,2,39.98,13.6,0,0.0,0.0
2025-09-13,CRE-300,5,99.95,28.0,0,0.0,0.0
2025-09-13,CRE-500,4,111.96,34.8,0,0.0,0.0
2025-09-13,GAI-CHO-25,1,39.99,18.4,0,0.0,0.0
2025-09-13,OMG-3-90,4,59.96,19.6,0,0.0,0.0
2025-09-13,PRE-BRA,3,74.97,26.7,0,0.0,0.0
2025-09-13,PRE-COL,2,49.98,17.8,0,0.0,0.0
2025-09-13,PRE-FPU,2,49.98,17.8,0,0.0,0.0
2025-09-13,VEG-BER-1K,2,65.98,31.8,0,0.0,0.0
2025-09-13,VIT-D3-120,3,29.97,6.3,0,0.0,0.0
2025-09-13,VIT-MUL-90,3,38.97,10.2,0,0.0,0.0
2025-09-13,WHY-CHO-1K,4,119.96,51.2,0,0.0,0.0
2025-09-13,WHY-CHO-25,4,219.96,102.0,0,0.0,0.0
2025-09-13,WHY-SCA-1K,2,59.98,25.6,0,0.0,0.0
2025-09-13,WHY-STR-1K,2,59.98,25.6,0,0.0,0.0
2025-09-13,WHY-VAN-1K,2,59.98,25.6,0,0.0,0.0
2025-09-13,WHY-VAN-25,4,219.96,102.0,0,0.0,0.0
2025-09-14,ACC-SHK,3,20.97,5.1,0,0.0,0.0
2025-09-14,BAR-CHO-12,2,49.98,26.4,0,0.0,0.0
2025-09-14,BAR-PNB-12,1,24.99,13.2,0,0.0,0.0
2025-09-14,BCA-LEM,1,19.99,6.8,0,0.0,0.0
2025-09-14,CRE-300,3,59.97,16.8,0,0.0,0.0
2025-09-14,CRE-500,7,195.93,60.9,0,0.0,0.0
2025-09-14,GAI-CHO-25,3,119.97,55.2,0,0.0,0.0
2025-09-14,OMG-3-90,3,44.97,14.7,0,0.0,0.0
2025-09-14,PRE-BRA,4,99.96,35.6,0,0.0,0.0
2025-09-14,PRE-COL,3,74.97,26.7,0,0.0,0.0
2025-09-14,PRE-FPU,1,24.99,8.9,0,0.0,0.0
2025-09-14,VIT-D3-120,2,19.98,4.2,0,0.0,0.0
2025-09-14,VIT-MUL-90,3,38.97,10.2,0,0.0,0.0
2025-09-14,WHY-CHO-1K,14,419.86,179.2,0,0.0,0.0
2025-09-14,WHY-CHO-25,5,274.95,127.5,0,0.0,0.0
2025-09-14,WHY-SCA-1K,2,59.98,25.6,0,0.0,0.0
2025-09-14,WHY-STR-1K,3,89.97,38.4,0,0.0,0.0
2025-09-14,WHY-VAN-1K,8,239.92,102.4,0,0.0,0.0
2025-09-14,WHY-VAN-25,6,329.94,153.0,0,0.0,0.0
2025-09-15,ACC-SHK,4,27.96,6.8,0,0.0,0.0
2025-09-15,BAR-CHO-12,12,299.88,158.4,0,0.0,0.0
2025-09-15,BAR-PNB-12,1,24.99,13.2,0,0.0,0.0
2025-09-15,BCA-LEM,7,139.93,47.6,0,0.0,0.0
2025-09-15,CRE-300,5,99.95,28.0,0,0.0,0.0
2025-09-15,CRE-500,4,111.96,34.8,0,0.0,0.0
2025-09-15,GAI-CHO-25,7,279.93,128.8,0,0.0,0.0
2025-09-15,OMG-3-90,3,44.97,14.7,0,0.0,0.0
2025-09-15,PRE-BRA,5,124.95,44.5,0,0.0,0.0
2025-09-15,PRE-COL,1,24.99,8.9,0,0.0,0.0
2025-09-15,PRE-FPU,3,74.97,26.7,0,0.0,0.0
2025-09-15,VEG-CHO-1K,2,65.98,31.8,0,0.0,0.0
2025-09-15,VIT-D3-120,2,19.98,4.2,0,0.0,0.0
2025-09-15,VIT-MUL-90,6,77.94,20.4,0,0.0,0.0
2025-09-15,WHY-CHO-1K,8,239.92,102.4,0,0.0,0.0
2025-09-15,WHY-CHO-25,2,109.98,51.0,0,0.0,0.0
2025-09-15,WHY-SCA-1K,2,59.98,25.6,0,0.0,0.0
2025-09-15,WHY-STR-1K,8,239.92,102.4,0,0.0,0.0
2025-09-15,WHY-VAN-1K,3,89.97,38.4,0,0.0,0.0
2025-09-15,WHY-VAN-25,2,109.98,51.0,0,0.0,0.0
2025-09-16,ACC-SHK,1,6.99,1.7,0,0.0,0.0
2025-09-16,BAR-CHO-12,5,124.95,66.0,0,0.0,0.0
2025-09-16,BAR-PNB-12,4,99.96,52.8,0,0.0,0.0
2025-09-16,BCA-LEM,1,19.99,6.8,0,0.0,0.0
2025-09-16,BCA-WAT,4,79.96,27.2,0,0.0,0.0
2025-09-16,CRE-300,5,99.95,28.0,0,0.0,0.0
2025-09-16,CRE-500,3,83.97,26.1,0,0.0,0.0
2025-09-16,PRE-BRA,3,74.97,26.7,0,0.0,0.0
2025-09-16,PRE-COL,1,24.99,8.9,0,0.0,0.0
2025-09-16,PRE-FPU,3,74.97,26.7,0,0.0,0.0
2025-09-16,VEG-CHO-1K,3,98.97,47.7,0,0.0,0.0
2025-09-16,VIT-MUL-90,5,64.95,17.0,0,0.0,0.0
2025-09-16,WHY-CHO-1K,12,359.88,153.6,0,0.0,0.0
2025-09-16,WHY-CHO-25,3,164.97,76.5,0,0.0,0.0
2025-09-16,WHY-SCA-1K,7,209.93,89.6,0,0.0,0.0
2025-09-16,WHY-STR-1K,3,89.97,38.4,0,0.0,0.0
2025-09-16,WHY-VAN-1K,5,149.95,64.0,0,0.0,0.0
2025-09-16,WHY-VAN-25,1,54.99,25.5,0,0.0,0.0
2025-09-17,ACC-SHK,1,6.99,1.7,0,0.0,0.0
2025-09-17,BAR-PNB-12,1,24.99,13.2,0,0.0,0.0
2025-09-17,BCA-WAT,2,39.98,13.6,0,0.0,0.0
2025-09-17,CRE-300,4,79.96,22.4,0,0.0,0.0
2025-09-17,CRE-500,2,55.98,17.4,0,0.0,0.0
2025-09-17,GAI-CHO-25,2,79.98,36.8,0,0.0,0.0
2025-09-17,PRE-BRA,1,24.99,8.9,0,0.0,0.0
2025-09-17,PRE-COL,1,24.99,8.9,0,0.0,0.0
2025-09-17,PRE-FPU,1,24.99,8.9,0,0.0,0.0
2025-09-17,VEG-CHO-1K,1,32.99,15.9,0,0.0,0.0
2025-09-17,VIT-D3-120,4,39.96,8.4,0,0.0,0.0
2025-09-17,VIT-MUL-90,1,12.99,3.4,0,0.0,0.0
2025-09-17,WHY-CHO-1K,3,89.97,38.4,0,0.0,0.0
2025-09-17,WHY-CHO-25,1,54.99,25.5,0,0.0,0.0
2025-09-17,WHY-SCA-1K,3,89.97,38.4,0,0.0,0.0
2025-09-17,WHY-STR-1K,2,59.98,25.6,0,0.0,0.0
2025-09-17,WHY-VAN-1K,5,149.95,64.0,0,0.0,0.0
2025-09-17,WHY-VAN-25,2,109.98,51.0,0,0.0,0.0
2025-09-18,ACC-SHK,2,13.98,3.4,0,0.0,0.0
2025-09-18,BAR-CHO-12,6,149.94,79.2,0,0.0,0.0
2025-09-18,BAR-PNB-12,2,49.98,26.4,0,0.0,0.0
2025-09-18,BCA-LEM,2,39.98,13.6,0,0.0,0.0
2025-09-18,BCA-WAT,3,59.97,20.4,0,0.0,0.0
2025-09-18,CRE-300,12,239.88,67.2,0,0.0,0.0
2025-09-18,CRE-500,3,83.97,26.1,0,0.0,0.0
2025-09-18,GAI-CHO-25,6,239.94,110.4,0,0.0,0.0
2025-09-18,OMG-3-90,1,14.99,4.9,0,0.0,0.0
2025-09-18,PRE-BRA,1,24.99,8.9,0,0.0,0.0
2025-09-18,PRE-FPU,9,224.91,80.1,0,0.0,0.0
2025-09-18,VEG-BER-1K,1,32.99,15.9,0,0.0,0.0
2025-09-18,VEG-CHO-1K,8,263.92,127.2,0,0.0,0.0
2025-09-18,VIT-D3-120,4,39.96,8.4,0,0.0,0.0
2025-09-18,VIT-MUL-90,6,77.94,20.4,0,0.0,0.0
2025-09-18,WHY-CHO-1K,7,209.93,89.6,0,0.0,0.0
2025-09-18,WHY-CHO-25,4,219.96,102.0,0,0.0,0.0
2025-09-18,WHY-SCA-1K,2,59.98,25.6,0,0.0,0.0
2025-09-18,WHY-STR-1K,5,149.95,64.0,0,0.0,0.0
2025-09-18,WHY-VAN-1K,10,299.9,128.0,0,0.0,0.0
2025-09-18,WHY-VAN-25,3,164.97,76.5,0,0.0,0.0
2025-09-19,ACC-SHK,2,13.98,3.4,0,0.0,0.0
2025-09-19,BAR-CHO-12,1,24.99,13.2,0,0.0,0.0
2025-09-19,BAR-PNB-12,3,74.97,39.6,0,0.0,0.0
2025-09-19,BCA-LEM,2,39.98,13.6,0,0.0,0.0
2025-09-19,BCA-WAT,3,59.97,20.4,0,0.0,0.0
2025-09-19,CRE-300,2,39.98,11.2,0,0.0,0.0
2025-09-19,CRE-500,9,251.91,78.3,0,0.0,0.0
2025-09-19,GAI-CHO-25,3,119.97,55.2,0,0.0,0.0
2025-09-19,OMG-3-90,2,29.98,9.8,0,0.0,0.0
2025-09-19,PRE-BRA,2,49.98,17.8,0,0.0,0.0
2025-09-19,PRE-COL,1,24.99,8.9,0,0.0,0.0
2025-09-19,PRE-FPU,6,149.94,53.4,0,0.0,0.0
2025-09-19,VEG-CHO-1K,6,197.94,95.4,0,0.0,0.0
2025-09-19,VIT-D3-120,3,29.97,6.3,0,0.0,0.0
2025-09-19,VIT-MUL-90,6,77.94,20.4,0,0.0,0.0
2025-09-19,WHY-CHO-1K,5,149.95,64.0,0,0.0,0.0
2025-09-19,WHY-CHO-25,1,54.99,25.5,0,0.0,0.0
2025-09-19,WHY-SCA-1K,1,29.99,12.8,0,0.0,0.0
2025-09-20,ACC-SHK,3,20.97,5.1,0,0.0,0.0
2025-09-20,BAR-CHO-12,1,24.99,13.2,0,0.0,0.0
2025-09-20,BAR-PNB-12,3,74.97,39.6,0,0.0,0.0
2025-09-20,BCA-LEM,1,19.99,6.8,0,0.0,0.0
2025-09-20,BCA-WAT,1,19.99,6.8,0,0.0,0.0
2025-09-20,CRE-300,10,199.9,56.0,0,0.0,0.0
2025-09-20,CRE-500,8,223.92,69.6,0,0.0,0.0
2025-09-20,GAI-CHO-25,2,79.98,36.8,0,0.0,0.0
2025-09-20,OMG-3-90,4,59.96,19.6,0,0.0,0.0
2025-09-20,PRE-BRA,3,74.97,26.7,0,0.0,0.0
2025-09-20,PRE-FPU,4,99.96,35.6,0,0.0,0.0
2025-09-20,VEG-CHO-1K,5,164.95,79.5,0,0.0,0.0
2025-09-20,VIT-D3-120,1,9.99,2.1,0,0.0,0.0
2025-09-20,WHY-CHO-1K,7,209.93,89.6,0,0.0,0.0
2025-09-20,WHY-CHO-25,3,164.97,76.5,0,0.0,0.0
2025-09-20,WHY-SCA-1K,3,89.97,38.4,0,0.0,0.0
2025-09-20,WHY-VAN-1K,7,209.93,89.6,0,0.0,0.0
2025-09-20,WHY-VAN-25,1,54.99,25.5,0,0.0,0.0
2025-09-21,ACC-SHK,1,6.99,1.7,0,0.0,0.0
2025-09-21,BAR-CHO-12,4,99.96,52.8,0,0.0,0.0
2025-09-21,BCA-LEM,2,39.98,13.6,0,0.0,0.0
2025-09-21,BCA-WAT,4,79.96,27.2,0,0.0,0.0
2025-09-21,CRE-300,7,139.93,39.2,0,0.0,0.0
2025-09-21,CRE-500,1,27.99,8.7,0,0.0,0.0
2025-09-21,OMG-3-90,1,14.99,4.9,0,0.0,0.0
2025-09-21,PRE-BRA,2,49.98,17.8,0,0.0,0.0
2025-09-21,PRE-COL,2,49.98,17.8,0,0.0,0.0
2025-09-21,VIT-MUL-90,7,90.93,23.8,0,0.0,0.0
2025-09-21,WHY-CHO-1K,8,239.92,102.4,0,0.0,0.0
2025-09-21,WHY-CHO-25,7,384.93,178.5,0,0.0,0.0
2025-09-21,WHY-SCA-1K,4,119.96,51.2,0,0.0,0.0
2025-09-21,WHY-STR-1K,1,29.99,12.8,0,0.0,0.0
2025-09-21,WHY-VAN-1K,5,149.95,64.0,0,0.0,0.0
2025-09-21,WHY-VAN-25,1,54.99,25.5,0,0.0,0.0
2025-09-22,ACC-SHK,2,13.98,3.4,0,0.0,0.0
2025-09-22,BAR-CHO-12,6,149.94,79.2,0,0.0,0.0
2025-09-22,BAR-PNB-12,1,24.99,13.2,0,0.0,0.0
2025-09-22,BCA-WAT,2,39.98,13.6,0,0.0,0.0
2025-09-22,CRE-300,5,99.95,28.0,0,0.0,0.0
2025-09-22,CRE-500,5,139.95,43.5,0,0.0,0.0
2025-09-22,OMG-3-90,2,29.98,9.8,0,0.0,0.0
2025-09-22,PRE-BRA,1,24.99,8.9,0,0.0,0.0
2025-09-22,PRE-FPU,2,49.98,17.8,0,0.0,0.0
2025-09-22,VEG-BER-1K,1,32.99,15.9,0,0.0,0.0
2025-09-22,VIT-D3-120,2,19.98,4.2,0,0.0,0.0
2025-09-22,VIT-MUL-90,4,51.96,13.6,0,0.0,0.0
2025-09-22,WHY-CHO-1K,8,239.92,102.4,0,0.0,0.0
2025-09-22,WHY-CHO-25,3,164.97,76.5,0,0.0,0.0
2025-09-22,WHY-SCA-1K,5,149.95,64.0,0,0.0,0.0
2025-09-22,WHY-STR-1K,3,89.97,38.4,0,0.0,0.0
2025-09-22,WHY-VAN-1K,1,29.99,12.8,0,0.0,0.0
2025-09-23,ACC-SHK,3,20.97,5.1,0,0.0,0.0
2025-09-23,BAR-CHO-12,3,74.97,39.6,0,0.0,0.0
2025-09-23,BAR-PNB-12,3,74.97,39.6,0,0.0,0.0
2025-09-23,BCA-WAT,1,19.99,6.8,0,0.0,0.0
2025-09-23,CRE-300,6,119.94,33.6,0,0.0,0.0
2025-09-23,CRE-500,4,111.96,34.8,0,0.0,0.0
2025-09-23,PRE-BRA,2,49.98,17.8,0,0.0,0.0
2025-09-23,PRE-COL,1,24.99,8.9,0,0.0,0.0
2025-09-23,PRE-FPU,3,74.97,26.7,0,0.0,0.0
2025-09-23,VEG-BER-1K,1,32.99,15.9,0,0.0,0.0
2025-09-23,VEG-CHO-1K,2,65.98,31.8,0,0.0,0.0
2025-09-23,VIT-D3-120,1,9.99,2.1,0,0.0,0.0
2025-09-23,WHY-CHO-1K,4,119.96,51.2,0,0.0,0.0
2025-09-23,WHY-CHO-25,1,54.99,25.5,0,0.0,0.0
2025-09-23,WHY-SCA-1K,2,59.98,25.6,0,0.0,0.0
2025-09-23,WHY-STR-1K,4,119.96,51.2,0,0.0,0.0
2025-09-23,WHY-VAN-1K,6,179.94,76.8,0,0.0,0.0
2025-09-23,WHY-VAN-25,2,109.98,51.0,0,0.0,0.0
2025-09-24,ACC-SHK,4,27.96,6.8,0,0.0,0.0
2025-09-24,BAR-CHO-12,5,124.95,66.0,0,0.0,0.0
2025-09-24,BAR-PNB-12,1,24.99,13.2,0,0.0,0.0
2025-09-24,BCA-LEM,1,19.99,6.8,0,0.0,0.0
2025-09-24,BCA-WAT,3,59.97,20.4,0,0.0,0.0
2025-09-24,CRE-300,5,99.95,28.0,0,0.0,0.0
2025-09-24,CRE-500,2,55.98,17.4,0,0.0,0.0
2025-09-24,GAI-CHO-25,2,79.98,36.8,0,0.0,0.0
2025-09-24,OMG-3-90,2,29.98,9.8,0,0.0,0.0
2025-09-24,PRE-BRA,8,199.92,71.2,0,0.0,0.0
2025-09-24,PRE-COL,2,49.98,17.8,0,0.0,0.0
2025-09-24,PRE-FPU,3,74.97,26.7,0,0.0,0.0
2025-09-24,VEG-CHO-1K,2,65.98,31.8,0,0.0,0.0
2025-09-24,VIT-D3-120,4,39.96,8.4,0,0.0,0.0
2025-09-24,VIT-MUL-90,3,38.97,10.2,0,0.0,0.0
2025-09-24,WHY-CHO-1K,6,179.94,76.8,0,0.0,0.0
2025-09-24,WHY-CHO-25,4,219.96,102.0,0,0.0,0.0
2025-09-24,WHY-SCA-1K,1,29.99,12.8,0,0.0,0.0
2025-09-24,WHY-STR-1K,2,59.98,25.6,0,0.0,0.0
2025-09-24,WHY-VAN-1K,5,149.95,64.0,0,0.0,0.0
2025-09-24,WHY-VAN-25,1,54.99,25.5,0,0.0,0.0
2025-09-25,ACC-SHK,5,34.95,8.5,0,0.0,0.0
2025-09-25,BAR-CHO-12,4,99.96,52.8,0,0.0,0.0
2025-09-25,BAR-PNB-12,1,24.99,13.2,0,0.0,0.0
2025-09-25,BCA-WAT,6,119.94,40.8,0,0.0,0.0
2025-09-25,CRE-300,8,159.92,44.8,0,0.0,0.0
2025-09-25,CRE-500,3,83.97,26.1,0,0.0,0.0
2025-09-25,OMG-3-90,2,29.98,9.8,0,0.0,0.0
2025-09-25,PRE-BRA,6,149.94,53.4,0,0.0,0.0
2025-09-25,PRE-FPU,5,124.95,44.5,0,0.0,0.0
2025-09-25,VEG-CHO-1K,1,32.99,15.9,0,0.0,0.0
2025-09-25,VIT-D3-120,1,9.99,2.1,0,0.0,0.0
2025-09-25,VIT-MUL-90,7,90.93,23.8,0,0.0,0.0
2025-09-25,WHY-CHO-1K,10,299.9,128.0,0,0.0,0.0
2025-09-25,WHY-CHO-25,6,329.94,153.0,0,0.0,0.0
2025-09-25,WHY-SCA-1K,3,89.97,38.4,0,0.0,0.0
2025-09-25,WHY-STR-1K,2,59.98,25.6,0,0.0,0.0
2025-09-25,WHY-VAN-1K,12,359.88,153.6,0,0.0,0.0
2025-09-25,WHY-VAN-25,1,54.99,25.5,0,0.0,0.0
2025-09-26,ACC-SHK,4,27.96,6.8,0,0.0,0.0
2025-09-26,BAR-CHO-12,1,24.99,13.2,0,0.0,0.0
2025-09-26,BAR-PNB-12,1,24.99,13.2,0,0.0,0.0
2025-09-26,BCA-LEM,4,79.96,27.2,0,0.0,0.0
2025-09-26,CRE-300,8,159.92,44.8,0,0.0,0.0
2025-09-26,CRE-500,2,55.98,17.4,0,0.0,0.0
2025-09-26,OMG-3-90,2,29.98,9.8,0,0.0,0.0
2025-09-26,PRE-BRA,7,174.93,62.3,0,0.0,0.0
2025-09-26,PRE-COL,2,49.98,17.8,0,0.0,0.0
2025-09-26,PRE-FPU,9,224.91,80.1,0,0.0,0.0
2025-09-26,VEG-BER-1K,1,32.99,15.9,0,0.0,0.0
2025-09-26,VEG-CHO-1K,4,131.96,63.6,0,0.0,0.0
2025-09-26,VIT-D3-120,4,39.96,8.4,0,0.0,0.0
2025-09-26,VIT-MUL-90,2,25.98,6.8,0,0.0,0.0
2025-09-26,WHY-CHO-1K,8,239.92,102.4,0,0.0,0.0
2025-09-26,WHY-CHO-25,1,54.99,25.5,0,0.0,0.0
2025-09-26,WHY-SCA-1K,4,119.96,51.2,0,0.0,0.0
2025-09-26,WHY-STR-1K,5,149.95,64.0,0,0.0,0.0
2025-09-26,WHY-VAN-1K,3,89.97,38.4,0,0.0,0.0
2025-09-26,WHY-VAN-25,1,54.99,25.5,0,0.0,0.0
2025-09-27,BAR-PNB-12,2,49.98,26.4,0,0.0,0.0
2025-09-27,BCA-WAT,2,39.98,13.6,0,0.0,0.0
2025-09-27,CRE-300,7,139.93,39.2,0,0.0,0.0
2025-09-27,CRE-500,4,111.96,34.8,0,0.0,0.0
2025-09-27,GAI-CHO-25,2,79.98,36.8,0,0.0,0.0
2025-09-27,PRE-BRA,1,24.99,8.9,0,0.0,0.0
2025-09-27,PRE-FPU,2,49.98,17.8,0,0.0,0.0
2025-09-27,VEG-BER-1K,3,98.97,47.7,0,0.0,0.0
2025-09-27,VEG-CHO-1K,1,32.99,15.9,0,0.0,0.0
2025-09-27,VIT-D3-120,1,9.99,2.1,0,0.0,0.0
2025-09-27,VIT-MUL-90,3,38.97,10.2,0,0.0,0.0
2025-09-27,WHY-CHO-1K,13,389.87,166.4,0,0.0,0.0
2025-09-27,WHY-CHO-25,2,109.98,51.0,0,0.0,0.0
2025-09-27,WHY-SCA-1K,3,89.97,38.4,0,0.0,0.0
2025-09-27,WHY-STR-1K,7,209.93,89.6,0,0.0,0.0
2025-09-27,WHY-VAN-1K,6,179.94,76.8,0,0.0,0.0
2025-09-27,WHY-VAN-25,2,109.98,51.0,0,0.0,0.0
2025-09-28,ACC-SHK,1,6.99,1.7,0,0.0,0.0
2025-09-28,BAR-CHO-12,5,124.95,66.0,0,0.0,0.0
2025-09-28,BAR-PNB-12,6,149.94,79.2,0,0.0,0.0
2025-09-28,BCA-LEM,1,19.99,6.8,0,0.0,0.0
2025-09-28,BCA-WAT,3,59.97,20.4,0,0.0,0.0
2025-09-28,CRE-300,3,59.97,16.8,0,0.0,0.0
2025-09-28,GAI-CHO-25,1,39.99,18.4,0,0.0,0.0
2025-09-28,OMG-3-90,1,14.99,4.9,0,0.0,0.0
2025-09-28,PRE-BRA,2,49.98,17.8,0,0.0,0.0
2025-09-28,PRE-FPU,3,74.97,26.7,0,0.0,0.0
2025-09-28,VIT-MUL-90,1,12.99,3.4,0,0.0,0.0
2025-09-28,WHY-CHO-1K,13,389.87,166.4,0,0.0,0.0
2025-09-28,WHY-CHO-25,3,164.97,76.5,0,0.0,0.0
2025-09-28,WHY-SCA-1K,3,89.97,38.4,0,0.0,0.0
2025-09-28,WHY-VAN-1K,3,89.97,38.4,0,0.0,0.0
2025-09-29,ACC-SHK,5,34.95,8.5,0,0.0,0.0
2025-09-29,BAR-CHO-12,4,99.96,52.8,0,0.0,0.0
2025-09-29,BAR-PNB-12,2,49.98,26.4,0,0.0,0.0
2025-09-29,BCA-WAT,1,19.99,6.8,0,0.0,0.0
2025-09-29,CRE-300,11,219.89,61.6,0,0.0,0.0
2025-09-29,CRE-500,2,55.98,17.4,0,0.0,0.0
2025-09-29,OMG-3-90,1,14.99,4.9,0,0.0,0.0
2025-09-29,PRE-BRA,2,49.98,17.8,0,0.0,0.0
2025-09-29,PRE-FPU,5,124.95,44.5,0,0.0,0.0
2025-09-29,VEG-BER-1K,1,32.99,15.9,0,0.0,0.0
2025-09-29,VEG-CHO-1K,2,65.98,31.8,0,0.0,0.0
2025-09-29,VIT-MUL-90,1,12.99,3.4,0,0.0,0.0
2025-09-29,WHY-CHO-1K,9,269.91,115.2,0,0.0,0.0
2025-09-29,WHY-CHO-25,1,54.99,25.5,0,0.0,0.0
2025-09-29,WHY-SCA-1K,6,179.94,76.8,0,0.0,0.0
2025-09-29,WHY-STR-1K,3,89.97,38.4,0,0.0,0.0
2025-09-29,WHY-VAN-1K,7,209.93,89.6,0,0.0,0.0
2025-09-29,WHY-VAN-25,1,54.99,25.5,0,0.0,0.0
2025-09-30,ACC-SHK,2,13.98,3.4,0,0.0,0.0
2025-09-30,BAR-CHO-12,3,74.97,39.6,0,0.0,0.0
2025-09-30,BAR-PNB-12,4,99.96,52.8,0,0.0,0.0
2025-09-30,BCA-LEM,2,39.98,13.6,0,0.0,0.0
2025-09-30,CRE-500,2,55.98,17.4,0,0.0,0.0
2025-09-30,GAI-CHO-25,1,39.99,18.4,0,0.0,0.0
2025-09-30,OMG-3-90,2,29.98,9.8,0,0.0,0.0
2025-09-30,PRE-BRA,9,224.91,80.1,0,0.0,0.0
2025-09-30,PRE-FPU,4,99.96,35.6,0,0.0,0.0
2025-09-30,VIT-MUL-90,1,12.99,3.4,0,0.0,0.0
2025-09-30,WHY-CHO-1K,3,89.97,38.4,0,0.0,0.0
2025-09-30,WHY-CHO-25,2,109.98,51.0,0,0.0,0.0
2025-09-30,WHY-SCA-1K,3,89.97,38.4,0,0.0,0.0
2025-09-30,WHY-STR-1K,2,59.98,25.6,0,0.0,0.0
2025-09-30,WHY-VAN-1K,2,59.98,25.6,0,0.0,0.0
2025-09-30,WHY-VAN-25,1,54.99,25.5,0,0.0,0.0
2025-10-01,ACC-SHK,1,6.99,1.7,0,0.0,0.0
2025-10-01,BAR-CHO-12,2,49.98,26.4,0,0.0,0.0
2025-10-01,BAR-PNB-12,2,49.98,26.4,0,0.0,0.0
2025-10-01,BCA-LEM,2,39.98,13.6,0,0.0,0.0
2025-10-01,BCA-WAT,1,19.99,6.8,0,0.0,0.0
2025-10-01,CRE-300,5,99.95,28.0,0,0.0,0.0
2025-10-01,CRE-500,4,111.96,34.8,0,0.0,0.0
2025-10-01,GAI-CHO-25,1,39.99,18.4,0,0.0,0.0
2025-10-01,OMG-3-90,4,59.96,19.6,0,0.0,0.0
2025-10-01,PRE-BRA,3,74.97,26.7,0,0.0,0.0
2025-10-01,PRE-COL,1,24.99,8.9,0,0.0,0.0
2025-10-01,PRE-FPU,5,124.95,44.5,0,0.0,0.0
2025-10-01,VEG-CHO-1K,1,32.99,15.9,0,0.0,0.0
2025-10-01,VIT-D3-120,2,19.98,4.2,0,0.0,0.0
2025-10-01,VIT-MUL-90,1,12.99,3.4,0,0.0,0.0
2025-10-01,WHY-CHO-1K,6,179.94,76.8,0,0.0,0.0
2025-10-01,WHY-CHO-25,3,164.97,76.5,0,0.0,0.0
2025-10-01,WHY-SCA-1K,1,29.99,12.8,0,0.0,0.0
2025-10-01,WHY-STR-1K,3,89.97,38.4,0,0.0,0.0
2025-10-01,WHY-VAN-1K,3,89.97,38.4,0,0.0,0.0
2025-10-01,WHY-VAN-25,2,109.98,51.0,0,0.0,0.0
2025-10-02,ACC-SHK,11,76.89,18.7,0,0.0,0.0
2025-10-02,BAR-CHO-12,3,74.97,39.6,0,0.0,0.0
2025-10-02,BCA-LEM,4,79.96,27.2,0,0.0,0.0
2025-10-02,CRE-300,6,119.94,33.6,0,0.0,0.0
2025-10-02,CRE-500,5,139.95,43.5,0,0.0,0.0
2025-10-02,GAI-CHO-25,2,79.98,36.8,0,0.0,0.0
2025-10-02,OMG-3-90,3,44.97,14.7,0,0.0,0.0
2025-10-02,PRE-BRA,4,99.96,35.6,0,0.0,0.0
2025-10-02,PRE-FPU,8,199.92,71.2,0,0.0,0.0
2025-10-02,VEG-CHO-1K,7,230.93,111.3,0,0.0,0.0
2025-10-02,VIT-D3-120,6,59.94,12.6,0,0.0,0.0
2025-10-02,VIT-MUL-90,8,103.92,27.2,0,0.0,0.0
2025-10-02,WHY-CHO-1K,17,509.83,217.6,0,0.0,0.0
2025-10-02,WHY-CHO-25,2,109.98,51.0,0,0.0,0.0
2025-10-02,WHY-SCA-1K,6,179.94,76.8,0,0.0,0.0
2025-10-02,WHY-STR-1K,5,149.95,64.0,0,0.0,0.0
2025-10-02,WHY-VAN-1K,5,149.95,64.0,0,0.0,0.0
2025-10-02,WHY-VAN-25,1,54.99,25.5,0,0.0,0.0
2025-10-03,ACC-SHK,6,41.94,10.2,0,0.0,0.0
2025-10-03,BAR-CHO-12,1,24.99,13.2,0,0.0,0.0
2025-10-03,BAR-PNB-12,3,74.97,39.6,0,0.0,0.0
2025-10-03,BCA-LEM,1,19.99,6.8,0,0.0,0.0
2025-10-03,BCA-WAT,1,19.99,6.8,0,0.0,0.0
2025-10-03,CRE-300,4,79.96,22.4,0,0.0,0.0
2025-10-03,CRE-500,6,167.94,52.2,0,0.0,0.0
2025-10-03,GAI-CHO-25,1,39.99,18.4,0,0.0,0.0
2025-10-03,OMG-3-90,5,74.95,24.5,0,0.0,0.0
2025-10-03,PRE-BRA,2,49.98,17.8,0,0.0,0.0
2025-10-03,PRE-FPU,5,124.95,44.5,0,0.0,0.0
2025-10-03,VEG-BER-1K,1,32.99,15.9,0,0.0,0.0
2025-10-03,VIT-D3-120,6,59.94,12.6,0,0.0,0.0
2025-10-03,VIT-MUL-90,2,25.98,6.8,0,0.0,0.0
2025-10-03,WHY-CHO-1K,9,269.91,115.2,0,0.0,0.0
2025-10-03,WHY-CHO-25,1,54.99,25.5,0,0.0,0.0
2025-10-03,WHY-SCA-1K,6,179.94,76.8,0,0.0,0.0
2025-10-03,WHY-STR-1K,3,89.97,38.4,0,0.0,0.0
2025-10-03,WHY-VAN-1K,4,119.96,51.2,0,0.0,0.0
2025-10-03,WHY-VAN-25,2,109.98,51.0,0,0.0,0.0
2025-10-04,ACC-SHK,10,69.9,17.0,0,0.0,0.0
2025-10-04,BAR-CHO-12,2,49.98,26.4,0,0.0,0.0
2025-10-04,BCA-WAT,5,99.95,34.0,0,0.0,0.0
2025-10-04,CRE-300,4,79.96,22.4,0,0.0,0.0
2025-10-04,CRE-500,8,223.92,69.6,0,0.0,0.0
2025-10-04,GAI-CHO-25,1,39.99,18.4,0,0.0,0.0
2025-10-04,OMG-3-90,2,29.98,9.8,0,0.0,0.0
2025-10-04,PRE-BRA,2,49.98,17.8,0,0.0,0.0
2025-10-04,PRE-COL,2,49.98,17.8,0,0.0,0.0
2025-10-04,PRE-FPU,4,99.96,35.6,0,0.0,0.0
2025-10-04,VEG-BER-1K,1,32.99,15.9,0,0.0,0.0
2025-10-04,VIT-MUL-90,1,12.99,3.4,0,0.0,0.0
2025-10-04,WHY-CHO-1K,4,119.96,51.2,0,0.0,0.0
2025-10-04,WHY-SCA-1K,2,59.98,25.6,0,0.0,0.0
2025-10-04,WHY-STR-1K,3,89.97,38.4,0,0.0,0.0
2025-10-04,WHY-VAN-1K,4,119.96,51.2,0,0.0,0.0
2025-10-05,ACC-SHK,3,20.97,5.1,0,0.0,0.0
2025-10-05,BAR-CHO-12,3,74.97,39.6,0,0.0,0.0
2025-10-05,BAR-PNB-12,1,24.99,13.2,0,0.0,0.0
2025-10-05,BCA-WAT,1,19.99,6.8,0,0.0,0.0
2025-10-05,CRE-300,2,39.98,11.2,0,0.0,0.0
2025-10-05,CRE-500,5,139.95,43.5,0,0.0,0.0
2025-10-05,GAI-CHO-25,2,79.98,36.8,0,0.0,0.0
2025-10-05,OMG-3-90,1,14.99,4.9,0,0.0,0.0
2025-10-05,PRE-BRA,3,74.97,26.7,0,0.0,0.0
2025-10-05,PRE-COL,1,24.99,8.9,0,0.0,0.0
2025-10-05,PRE-FPU,4,99.96,35.6,0,0.0,0.0
2025-10-05,VEG-BER-1K,1,32.99,15.9,0,0.0,0.0
2025-10-05,VEG-CHO-1K,1,32.99,15.9,0,0.0,0.0
2025-10-05,VIT-D3-120,3,29.97,6.3,0,0.0,0.0
2025-10-05,VIT-MUL-90,2,25.98,6.8,0,0.0,0.0
2025-10-05,WHY-CHO-1K,1,29.99,12.8,0,0.0,0.0
2025-10-05,WHY-CHO-25,4,219.96,102.0,0,0.0,0.0
2025-10-05,WHY-SCA-1K,2,59.98,25.6,0,0.0,0.0
2025-10-05,WHY-STR-1K,1,29.99,12.8,0,0.0,0.0
2025-10-05,WHY-VAN-1K,3,89.97,38.4,0,0.0,0.0
2025-10-06,ACC-SHK,4,27.96,6.8,0,0.0,0.0
2025-10-06,BAR-CHO-12,1,24.99,13.2,0,0.0,0.0
2025-10-06,BAR-PNB-12,3,74.97,39.6,0,0.0,0.0
2025-10-06,BCA-LEM,2,39.98,13.6,0,0.0,0.0
2025-10-06,CRE-300,8,159.92,44.8,0,0.0,0.0
2025-10-06,CRE-500,10,279.9,87.0,0,0.0,0.0
2025-10-06,GAI-CHO-25,2,79.98,36.8,0,0.0,0.0
2025-10-06,PRE-BRA,4,99.96,35.6,0,0.0,0.0
2025-10-06,PRE-FPU,4,99.96,35.6,0,0.0,0.0
2025-10-06,VEG-CHO-1K,1,32.99,15.9,0,0.0,0.0
2025-10-06,VIT-D3-120,3,29.97,6.3,0,0.0,0.0
2025-10-06,VIT-MUL-90,1,12.99,3.4,0,0.0,0.0
2025-10-06,WHY-CHO-1K,7,209.93,89.6,0,0.0,0.0
2025-10-06,WHY-CHO-25,6,329.94,153.0,0,0.0,0.0
2025-10-06,WHY-SCA-1K,7,209.93,89.6,0,0.0,0.0
2025-10-06,WHY-STR-1K,2,59.98,25.6,0,0.0,0.0
2025-10-06,WHY-VAN-1K,11,329.89,140.8,0,0.0,0.0
2025-10-06,WHY-VAN-25,1,54.99,25.5,0,0.0,0.0
2025-10-07,ACC-SHK,4,27.96,6.8,0,0.0,0.0
2025-10-07,BAR-CHO-12,1,24.99,13.2,0,0.0,0.0
2025-10-07,CRE-300,1,19.99,5.6,0,0.0,0.0
2025-10-07,CRE-500,4,111.96,34.8,0,0.0,0.0
2025-10-07,PRE-BRA,4,99.96,35.6,0,0.0,0.0
2025-10-07,VIT-MUL-90,2,25.98,6.8,0,0.0,0.0
2025-10-07,WHY-CHO-1K,7,209.93,89.6,0,0.0,0.0
2025-10-07,WHY-CHO-25,4,219.96,102.0,0,0.0,0.0
2025-10-07,WHY-SCA-1K,3,89.97,38.4,0,0.0,0.0
2025-10-07,WHY-VAN-1K,4,119.96,51.2,0,0.0,0.0
2025-10-08,ACC-SHK,3,20.97,5.1,0,0.0,0.0
2025-10-08,BAR-CHO-12,4,99.96,52.8,0,0.0,0.0
2025-10-08,BAR-PNB-12,1,24.99,13.2,0,0.0,0.0
2025-10-08,BCA-LEM,1,19.99,6.8,0,0.0,0.0
2025-10-08,BCA-WAT,2,39.98,13.6,0,0.0,0.0
2025-10-08,CRE-300,5,99.95,28.0,0,0.0,0.0
2025-10-08,CRE-500,5,139.95,43.5,0,0.0,0.0
2025-10-08,GAI-CHO-25,3,119.97,55.2,0,0.0,0.0
2025-10-08,OMG-3-90,1,14.99,4.9,0,0.0,0.0
2025-10-08,PRE-BRA,6,149.94,53.4,0,0.0,0.0
2025-10-08,PRE-FPU,4,99.96,35.6,0,0.0,0.0
2025-10-08,VEG-CHO-1K,2,65.98,31.8,0,0.0,0.0
2025-10-08,VIT-D3-120,6,59.94,12.6,0,0.0,0.0
2025-10-08,VIT-MUL-90,2,25.98,6.8,0,0.0,0.0
2025-10-08,WHY-CHO-1K,8,239.92,102.4,0,0.0,0.0
2025-10-08,WHY-CHO-25,7,384.93,178.5,0,0.0,0.0
2025-10-08,WHY-SCA-1K,2,59.98,25.6,0,0.0,0.0
2025-10-08,WHY-STR-1K,3,89.97,38.4,0,0.0,0.0
2025-10-08,WHY-VAN-1K,5,149.95,64.0,0,0.0,0.0
2025-10-08,WHY-VAN-25,1,54.99,25.5,0,0.0,0.0
2025-10-09,ACC-SHK,10,69.9,17.0,0,0.0,0.0
2025-10-09,BAR-CHO-12,5,124.95,66.0,0,0.0,0.0
2025-10-09,BAR-PNB-12,2,49.98,26.4,0,0.0,0.0
2025-10-09,BCA-WAT,2,39.98,13.6,0,0.0,0.0
2025-10-09,CRE-300,11,219.89,61.6,0,0.0,0.0
2025-10-09,CRE-500,3,83.97,26.1,0,0.0,0.0
2025-10-09,GAI-CHO-25,2,79.98,36.8,0,0.0,0.0
2025-10-09,OMG-3-90,5,74.95,24.5,0,0.0,0.0
2025-10-09,PRE-COL,1,24.99,8.9,0,0.0,0.0
2025-10-09,PRE-FPU,2,49.98,17.8,0,0.0,0.0
2025-10-09,VEG-BER-1K,3,98.97,47.7,0,0.0,0.0
2025-10-09,VEG-CHO-1K,6,197.94,95.4,0,0.0,0.0
2025-10-09,VIT-D3-120,8,79.92,16.8,0,0.0,0.0
2025-10-09,VIT-MUL-90,3,38.97,10.2,0,0.0,0.0
2025-10-09,WHY-CHO-1K,10,299.9,128.0,0,0.0,0.0
2025-10-09,WHY-CHO-25,4,219.96,102.0,0,0.0,0.0
2025-10-09,WHY-SCA-1K,8,239.92,102.4,0,0.0,0.0
2025-10-09,WHY-STR-1K,6,179.94,76.8,0,0.0,0.0
2025-10-09,WHY-VAN-1K,14,419.86,179.2,0,0.0,0.0
2025-10-09,WHY-VAN-25,1,54.99,25.5,0,0.0,0.0
2025-10-10,ACC-SHK,4,27.96,6.8,0,0.0,0.0
2025-10-10,BAR-CHO-12,1,24.99,13.2,0,0.0,0.0
2025-10-10,BAR-PNB-12,1,24.99,13.2,0,0.0,0.0
2025-10-10,BCA-LEM,1,19.99,6.8,0,0.0,0.0
2025-10-10,CRE-300,5,99.95,28.0,0,0.0,0.0
2025-10-10,CRE-500,3,83.97,26.1,0,0.0,0.0
2025-10-10,GAI-CHO-25,3,119.97,55.2,0,0.0,0.0
2025-10-10,OMG-3-90,2,29.98,9.8,0,0.0,0.0
2025-10-10,PRE-BRA,4,99.96,35.6,0,0.0,0.0
2025-10-10,PRE-COL,2,49.98,17.8,0,0.0,0.0
2025-10-10,PRE-FPU,1,24.99,8.9,0,0.0,0.0
2025-10-10,VEG-CHO-1K,4,131.96,63.6,0,0.0,0.0
2025-10-10,VIT-D3-120,3,29.97,6.3,0,0.0,0.0
2025-10-10,VIT-MUL-90,2,25.98,6.8,0,0.0,0.0
2025-10-10,WHY-CHO-1K,6,179.94,76.8,0,0.0,0.0
2025-10-10,WHY-CHO-25,5,274.95,127.5,0,0.0,0.0
2025-10-10,WHY-SCA-1K,1,29.99,12.8,0,0.0,0.0
2025-10-10,WHY-STR-1K,2,59.98,25.6,0,0.0,0.0
2025-10-10,WHY-VAN-1K,4,119.96,51.2,0,0.0,0.0
2025-10-10,WHY-VAN-25,3,164.97,76.5,0,0.0,0.0
2025-10-11,ACC-SHK,2,13.98,3.4,0,0.0,0.0
2025-10-11,BAR-CHO-12,1,24.99,13.2,0,0.0,0.0
2025-10-11,BCA-WAT,3,59.97,20.4,0,0.0,0.0
2025-10-11,CRE-300,4,79.96,22.4,0,0.0,0.0
2025-10-11,OMG-3-90,1,14.99,4.9,0,0.0,0.0
2025-10-11,PRE-BRA,3,74.97,26.7,0,0.0,0.0
2025-10-11,PRE-COL,2,49.98,17.8,0,0.0,0.0
2025-10-11,PRE-FPU,1,24.99,8.9,0,0.0,0.0
2025-10-11,VEG-CHO-1K,3,98.97,47.7,0,0.0,0.0
2025-10-11,VIT-D3-120,6,59.94,12.6,0,0.0,0.0
2025-10-11,WHY-CHO-1K,7,209.93,89.6,0,0.0,0.0
2025-10-11,WHY-CHO-25,2,109.98,51.0,0,0.0,0.0
2025-10-11,WHY-STR-1K,2,59.98,25.6,0,0.0,0.0
2025-10-11,WHY-VAN-1K,6,179.94,76.8,0,0.0,0.0
2025-10-12,ACC-SHK,1,6.99,1.7,0,0.0,0.0
2025-10-12,BAR-CHO-12,1,24.99,13.2,0,0.0,0.0
2025-10-12,BCA-LEM,2,39.98,13.6,0,0.0,0.0
2025-10-12,CRE-300,3,59.97,16.8,0,0.0,0.0
2025-10-12,CRE-500,11,307.89,95.7,0,0.0,0.0
2025-10-12,OMG-3-90,2,29.98,9.8,0,0.0,0.0
2025-10-12,PRE-BRA,2,49.98,17.8,0,0.0,0.0
2025-10-12,PRE-FPU,1,24.99,8.9,0,0.0,0.0
2025-10-12,VIT-D3-120,8,79.92,16.8,0,0.0,0.0
2025-10-12,VIT-MUL-90,2,25.98,6.8,0,0.0,0.0
2025-10-12,WHY-CHO-1K,9,269.91,115.2,0,0.0,0.0
2025-10-12,WHY-CHO-25,3,164.97,76.5,0,0.0,0.0
2025-10-12,WHY-STR-1K,5,149.95,64.0,0,0.0,0.0
2025-10-12,WHY-VAN-1K,4,119.96,51.2,0,0.0,0.0
2025-10-12,WHY-VAN-25,1,54.99,25.5,0,0.0,0.0
2025-10-13,ACC-SHK,5,34.95,8.5,0,0.0,0.0
2025-10-13,BAR-CHO-12,2,49.98,26.4,0,0.0,0.0
2025-10-13,BCA-WAT,2,39.98,13.6,0,0.0,0.0
2025-10-13,CRE-300,2,39.98,11.2,0,0.0,0.0
2025-10-13,CRE-500,2,55.98,17.4,0,0.0,0.0
2025-10-13,GAI-CHO-25,1,39.99,18.4,0,0.0,0.0
2025-10-13,OMG-3-90,1,14.99,4.9,0,0.0,0.0
2025-10-13,PRE-BRA,6,149.94,53.4,0,0.0,0.0
2025-10-13,PRE-FPU,2,49.98,17.8,0,0.0,0.0
2025-10-13,VEG-BER-1K,1,32.99,15.9,0,0.0,0.0
2025-10-13,VEG-CHO-1K,2,65.98,31.8,0,0.0,0.0
2025-10-13,VIT-D3-120,3,29.97,6.3,0,0.0,0.0
2025-10-13,VIT-MUL-90,1,12.99,3.4,0,0.0,0.0
2025-10-13,WHY-CHO-1K,2,59.98,25.6,0,0.0,0.0
2025-10-13,WHY-CHO-25,2,109.98,51.0,0,0.0,0.0
2025-10-13,WHY-SCA-1K,3,89.97,38.4,0,0.0,0.0
2025-10-13,WHY-VAN-1K,1,29.99,12.8,0,0.0,0.0
2025-10-13,WHY-VAN-25,2,109.98,51.0,0,0.0,0.0
2025-10-14,ACC-SHK,7,48.93,11.9,0,0.0,0.0
2025-10-14,BAR-CHO-12,5,124.95,66.0,0,0.0,0.0
2025-10-14,BAR-PNB-12,1,24.99,13.2,0,0.0,0.0
2025-10-14,BCA-LEM,4,79.96,27.2,0,0.0,0.0
2025-10-14,BCA-WAT,1,19.99,6.8,0,0.0,0.0
2025-10-14,CRE-300,5,99.95,28.0,0,0.0,0.0
2025-10-14,CRE-500,3,83.97,26.1,0,0.0,0.0
2025-10-14,OMG-3-90,1,14.99,4.9,0,0.0,0.0
2025-10-14,PRE-BRA,3,74.97,26.7,0,0.0,0.0
2025-10-14,PRE-COL,1,24.99,8.9,0,0.0,0.0
2025-10-14,PRE-FPU,1,24.99,8.9,0,0.0,0.0
2025-10-14,VEG-BER-1K,1,32.99,15.9,0,0.0,0.0
2025-10-14,VIT-D3-120,4,39.96,8.4,0,0.0,0.0
2025-10-14,VIT-MUL-90,2,25.98,6.8,0,0.0,0.0
2025-10-14,WHY-CHO-1K,7,209.93,89.6,0,0.0,0.0
2025-10-14,WHY-CHO-25,3,164.97,76.5,0,0.0,0.0
2025-10-14,WHY-SCA-1K,6,179.94,76.8,0,0.0,0.0
2025-10-14,WHY-STR-1K,5,149.95,64.0,0,0.0,0.0
2025-10-14,WHY-VAN-1K,4,119.96,51.2,0,0.0,0.0
2025-10-14,WHY-VAN-25,1,54.99,25.5,0,0.0,0.0
2025-10-15,ACC-SHK,1,6.99,1.7,0,0.0,0.0
2025-10-15,BAR-CHO-12,4,99.96,52.8,0,0.0,0.0
2025-10-15,BAR-PNB-12,3,74.97,39.6,0,0.0,0.0
2025-10-15,BCA-LEM,2,39.98,13.6,0,0.0,0.0
2025-10-15,CRE-300,5,99.95,28.0,0,0.0,0.0
2025-10-15,CRE-500,8,223.92,69.6,0,0.0,0.0
2025-10-15,GAI-CHO-25,3,119.97,55.2,0,0.0,0.0
2025-10-15,OMG-3-90,2,29.98,9.8,0,0.0,0.0
2025-10-15,PRE-FPU,4,99.96,35.6,0,0.0,0.0
2025-10-15,VEG-CHO-1K,3,98.97,47.7,0,0.0,0.0
2025-10-15,VIT-D3-120,2,19.98,4.2,0,0.0,0.0
2025-10-15,VIT-MUL-90,2,25.98,6.8,0,0.0,0.0
2025-10-15,WHY-CHO-1K,7,209.93,89.6,0,0.0,0.0
2025-10-15,WHY-CHO-25,3,164.97,76.5,0,0.0,0.0
2025-10-15,WHY-SCA-1K,1,29.99,12.8,0,0.0,0.0
2025-10-15,WHY-STR-1K,1,29.99,12.8,0,0.0,0.0
2025-10-15,WHY-VAN-1K,4,119.96,51.2,0,0.0,0.0
2025-10-16,ACC-SHK,3,20.97,5.1,0,0.0,0.0
2025-10-16,BAR-CHO-12,1,24.99,13.2,0,0.0,0.0
2025-10-16,BAR-PNB-12,3,74.97,39.6,0,0.0,0.0
2025-10-16,BCA-LEM,2,39.98,13.6,0,0.0,0.0
2025-10-16,CRE-300,8,159.92,44.8,0,0.0,0.0
2025-10-16,CRE-500,4,111.96,34.8,0,0.0,0.0
2025-10-16,GAI-CHO-25,1,39.99,18.4,0,0.0,0.0
2025-10-16,OMG-3-90,2,29.98,9.8,0,0.0,0.0
2025-10-16,PRE-BRA,5,124.95,44.5,0,0.0,0.0
2025-10-16,PRE-FPU,6,149.94,53.4,0,0.0,0.0
2025-10-16,VEG-BER-1K,1,32.99,15.9,0,0.0,0.0
2025-10-16,VEG-CHO-1K,3,98.97,47.7,0,0.0,0.0
2025-10-16,VIT-D3-120,5,49.95,10.5,0,0.0,0.0
2025-10-16,VIT-MUL-90,7,90.93,23.8,0,0.0,0.0
2025-10-16,WHY-CHO-1K,13,389.87,166.4,0,0.0,0.0
2025-10-16,WHY-CHO-25,3,164.97,76.5,0,0.0,0.0
2025-10-16,WHY-SCA-1K,1,29.99,12.8,0,0.0,0.0
2025-10-16,WHY-STR-1K,4,119.96,51.2,0,0.0,0.0
2025-10-16,WHY-VAN-1K,7,209.93,89.6,0,0.0,0.0
2025-10-16,WHY-VAN-25,1,54.99,25.5,0,0.0,0.0
2025-10-17,ACC-SHK,4,27.96,6.8,0,0.0,0.0
2025-10-17,BAR-CHO-12,2,49.98,26.4,0,0.0,0.0
2025-10-17,BAR-PNB-12,1,24.99,13.2,0,0.0,0.0
2025-10-17,BCA-LEM,2,39.98,13.6,0,0.0,0.0
2025-10-17,BCA-WAT,1,19.99,6.8,0,0.0,0.0
2025-10-17,CRE-300,7,139.93,39.2,0,0.0,0.0
2025-10-17,CRE-500,3,83.97,26.1,0,0.0,0.0
2025-10-17,GAI-CHO-25,1,39.99,18.4,0,0.0,0.0
2025-10-17,OMG-3-90,2,29.98,9.8,0,0.0,0.0
2025-10-17,PRE-BRA,3,74.97,26.7,0,0.0,0.0
2025-10-17,PRE-FPU,1,24.99,8.9,0,0.0,0.0
2025-10-17,VEG-CHO-1K,1,32.99,15.9,0,0.0,0.0
2025-10-17,VIT-D3-120,5,49.95,10.5,0,0.0,0.0
2025-10-17,VIT-MUL-90,3,38.97,10.2,0,0.0,0.0
2025-10-17,WHY-CHO-1K,1,29.99,12.8,0,0.0,0.0
2025-10-17,WHY-CHO-25,3,164.97,76.5,0,0.0,0.0
2025-10-17,WHY-SCA-1K,1,29.99,12.8,0,0.0,0.0
2025-10-17,WHY-STR-1K,2,59.98,25.6,0,0.0,0.0
2025-10-17,WHY-VAN-1K,1,29.99,12.8,0,0.0,0.0
2025-10-17,WHY-VAN-25,3,164.97,76.5,0,0.0,0.0
2025-10-18,ACC-SHK,5,34.95,8.5,0,0.0,0.0
2025-10-18,BAR-CHO-12,3,74.97,39.6,0,0.0,0.0
2025-10-18,BAR-PNB-12,2,49.98,26.4,0,0.0,0.0
2025-10-18,BCA-LEM,1,19.99,6.8,0,0.0,0.0
2025-10-18,CRE-300,3,59.97,16.8,0,0.0,0.0
2025-10-18,CRE-500,3,83.97,26.1,0,0.0,0.0
2025-10-18,GAI-CHO-25,2,79.98,36.8,0,0.0,0.0
2025-10-18,PRE-BRA,2,49.98,17.8,0,0.0,0.0
2025-10-18,PRE-FPU,4,99.96,35.6,0,0.0,0.0
2025-10-18,VIT-D3-120,3,29.97,6.3,0,0.0,0.0
2025-10-18,VIT-MUL-90,2,25.98,6.8,0,0.0,0.0
2025-10-18,WHY-CHO-1K,1,29.99,12.8,0,0.0,0.0
2025-10-18,WHY-CHO-25,2,109.98,51.0,0,0.0,0.0
2025-10-18,WHY-SCA-1K,3,89.97,38.4,0,0.0,0.0
2025-10-18,WHY-STR-1K,1,29.99,12.8,0,0.0,0.0
2025-10-18,WHY-VAN-1K,6,179.94,76.8,0,0.0,0.0
2025-10-19,ACC-SHK,6,41.94,10.2,0,0.0,0.0
2025-10-19,BAR-CHO-12,2,49.98,26.4,0,0.0,0.0
2025-10-19,BCA-LEM,1,19.99,6.8,0,0.0,0.0
2025-10-19,BCA-WAT,4,79.96,27.2,0,0.0,0.0
2025-10-19,CRE-300,2,39.98,11.2,0,0.0,0.0
2025-10-19,CRE-500,4,111.96,34.8,0,0.0,0.0
2025-10-19,OMG-3-90,1,14.99,4.9,0,0.0,0.0
2025-10-19,PRE-BRA,3,74.97,26.7,0,0.0,0.0
2025-10-19,PRE-COL,1,24.99,8.9,0,0.0,0.0
2025-10-19,PRE-FPU,3,74.97,26.7,0,0.0,0.0
2025-10-19,VEG-BER-1K,3,98.97,47.7,0,0.0,0.0
2025-10-19,VEG-CHO-1K,1,32.99,15.9,0,0.0,0.0
2025-10-19,VIT-D3-120,4,39.96,8.4,0,0.0,0.0
2025-10-19,VIT-MUL-90,2,25.98,6.8,0,0.0,0.0
2025-10-19,WHY-CHO-1K,12,359.88,153.6,0,0.0,0.0
2025-10-19,WHY-CHO-25,2,109.98,51.0,0,0.0,0.0
2025-10-19,WHY-SCA-1K,4,119.96,51.2,0,0.0,0.0
2025-10-19,WHY-STR-1K,3,89.97,38.4,0,0.0,0.0
2025-10-19,WHY-VAN-1K,5,149.95,64.0,0,0.0,0.0
2025-10-19,WHY-VAN-25,1,54.99,25.5,0,0.0,0.0
2025-10-20,ACC-SHK,6,41.94,10.2,0,0.0,0.0
2025-10-20,BAR-CHO-12,1,24.99,13.2,0,0.0,0.0
2025-10-20,BCA-WAT,2,39.98,13.6,0,0.0,0.0
2025-10-20,CRE-300,9,179.91,50.4,0,0.0,0.0
2025-10-20,CRE-500,2,55.98,17.4,0,0.0,0.0
2025-10-20,OMG-3-90,1,14.99,4.9,0,0.0,0.0
2025-10-20,PRE-BRA,5,124.95,44.5,0,0.0,0.0
2025-10-20,PRE-COL,1,24.99,8.9,0,0.0,0.0
2025-10-20,PRE-FPU,2,49.98,17.8,0,0.0,0.0
2025-10-20,VEG-CHO-1K,6,197.94,95.4,0,0.0,0.0
2025-10-20,VIT-D3-120,5,49.95,10.5,0,0.0,0.0
2025-10-20,VIT-MUL-90,2,25.98,6.8,0,0.0,0.0
2025-10-20,WHY-CHO-1K,12,359.88,153.6,0,0.0,0.0
2025-10-20,WHY-CHO-25,5,274.95,127.5,0,0.0,0.0
2025-10-20,WHY-SCA-1K,3,89.97,38.4,0,0.0,0.0
2025-10-20,WHY-STR-1K,6,179.94,76.8,0,0.0,0.0
2025-10-20,WHY-VAN-1K,9,269.91,115.2,0,0.0,0.0
2025-10-20,WHY-VAN-25,2,109.98,51.0,0,0.0,0.0
2025-10-21,ACC-SHK,3,20.97,5.1,0,0.0,0.0
2025-10-21,BAR-CHO-12,2,49.98,26.4,0,0.0,0.0
2025-10-21,BCA-LEM,1,19.99,6.8,0,0.0,0.0
2025-10-21,BCA-WAT,2,39.98,13.6,0,0.0,0.0
2025-10-21,CRE-300,6,119.94,33.6,0,0.0,0.0
2025-10-21,GAI-CHO-25,1,39.99,18.4,0,0.0,0.0
2025-10-21,OMG-3-90,1,14.99,4.9,0,0.0,0.0
2025-10-21,PRE-BRA,6,149.94,53.4,0,0.0,0.0
2025-10-21,PRE-COL,1,24.99,8.9,0,0.0,0.0
2025-10-21,PRE-FPU,5,124.95,44.5,0,0.0,0.0
2025-10-21,VEG-BER-1K,2,65.98,31.8,0,0.0,0.0
2025-10-21,VIT-D3-120,13,129.87,27.3,0,0.0,0.0
2025-10-21,VIT-MUL-90,4,51.96,13.6,0,0.0,0.0
2025-10-21,WHY-CHO-1K,9,269.91,115.2,0,0.0,0.0
2025-10-21,WHY-CHO-25,2,109.98,51.0,0,0.0,0.0
2025-10-21,WHY-SCA-1K,4,119.96,51.2,0,0.0,0.0
2025-10-21,WHY-STR-1K,2,59.98,25.6,0,0.0,0.0
2025-10-21,WHY-VAN-1K,7,209.93,89.6,0,0.0,0.0
2025-10-21,WHY-VAN-25,2,109.98,51.0,0,0.0,0.0
2025-10-22,ACC-SHK,2,13.98,3.4,0,0.0,0.0
2025-10-22,BAR-PNB-12,1,24.99,13.2,0,0.0,0.0
2025-10-22,BCA-WAT,1,19.99,6.8,0,0.0,0.0
2025-10-22,CRE-300,1,19.99,5.6,0,0.0,0.0
2025-10-22,CRE-500,2,55.98,17.4,0,0.0,0.0
2025-10-22,OMG-3-90,1,14.99,4.9,0,0.0,0.0
2025-10-22,PRE-BRA,2,49.98,17.8,0,0.0,0.0
2025-10-22,PRE-COL,1,24.99,8.9,0,0.0,0.0
2025-10-22,PRE-FPU,2,49.98,17.8,0,0.0,0.0
2025-10-22,VIT-D3-120,5,49.95,10.5,0,0.0,0.0
2025-10-22,VIT-MUL-90,1,12.99,3.4,0,0.0,0.0
2025-10-22,WHY-CHO-1K,7,209.93,89.6,0,0.0,0.0
2025-10-22,WHY-CHO-25,4,219.96,102.0,0,0.0,0.0
2025-10-22,WHY-SCA-1K,1,29.99,12.8,0,0.0,0.0
2025-10-22,WHY-STR-1K,1,29.99,12.8,0,0.0,0.0
2025-10-22,WHY-VAN-25,3,164.97,76.5,0,0.0,0.0
2025-10-23,ACC-SHK,4,27.96,6.8,0,0.0,0.0
2025-10-23,BAR-CHO-12,4,99.96,52.8,0,0.0,0.0
2025-10-23,BAR-PNB-12,2,49.98,26.4,0,0.0,0.0
2025-10-23,BCA-LEM,4,79.96,27.2,0,0.0,0.0
2025-10-23,BCA-WAT,1,19.99,6.8,0,0.0,0.0
2025-10-23,CRE-300,10,199.9,56.0,0,0.0,0.0
2025-10-23,CRE-500,6,167.94,52.2,0,0.0,0.0
2025-10-23,GAI-CHO-25,1,39.99,18.4,0,0.0,0.0
2025-10-23,OMG-3-90,3,44.97,14.7,0,0.0,0.0
2025-10-23,PRE-BRA,6,149.94,53.4,0,0.0,0.0
2025-10-23,PRE-FPU,1,24.99,8.9,0,0.0,0.0
2025-10-23,VEG-BER-1K,3,98.97,47.7,0,0.0,0.0
2025-10-23,VEG-CHO-1K,1,32.99,15.9,0,0.0,0.0
2025-10-23,VIT-D3-120,3,29.97,6.3,0,0.0,0.0
2025-10-23,VIT-MUL-90,8,103.92,27.2,0,0.0,0.0
2025-10-23,WHY-CHO-1K,11,329.89,140.8,0,0.0,0.0
2025-10-23,WHY-CHO-25,6,329.94,153.0,0,0.0,0.0
2025-10-23,WHY-SCA-1K,1,29.99,12.8,0,0.0,0.0
2025-10-23,WHY-STR-1K,2,59.98,25.6,0,0.0,0.0
2025-10-23,WHY-VAN-1K,8,239.92,102.4,0,0.0,0.0
2025-10-23,WHY-VAN-25,3,164.97,76.5,0,0.0,0.0
2025-10-24,ACC-SHK,1,6.99,1.7,0,0.0,0.0
2025-10-24,BAR-PNB-12,1,24.99,13.2,0,0.0,0.0
2025-10-24,BCA-LEM,1,19.99,6.8,0,0.0,0.0
2025-10-24,CRE-300,2,39.98,11.2,0,0.0,0.0
2025-10-24,CRE-500,3,83.97,26.1,0,0.0,0.0
2025-10-24,GAI-CHO-25,1,39.99,18.4,0,0.0,0.0
2025-10-24,PRE-FPU,1,24.99,8.9,0,0.0,0.0
2025-10-24,VEG-CHO-1K,3,98.97,47.7,0,0.0,0.0
2025-10-24,VIT-D3-120,5,49.95,10.5,0,0.0,0.0
2025-10-24,WHY-CHO-1K,8,239.92,102.4,0,0.0,0.0
2025-10-24,WHY-CHO-25,7,384.93,178.5,0,0.0,0.0
2025-10-24,WHY-SCA-1K,2,59.98,25.6,0,0.0,0.0
2025-10-24,WHY-VAN-1K,1,29.99,12.8,0,0.0,0.0
2025-10-25,ACC-SHK,3,20.97,5.1,0,0.0,0.0
2025-10-25,BAR-CHO-12,1,24.99,13.2,0,0.0,0.0
2025-10-25,BAR-PNB-12,1,24.99,13.2,0,0.0,0.0
2025-10-25,BCA-WAT,2,39.98,13.6,0,0.0,0.0
2025-10-25,CRE-300,5,99.95,28.0,0,0.0,0.0
2025-10-25,CRE-500,4,111.96,34.8,0,0.0,0.0
2025-10-25,OMG-3-90,1,14.99,4.9,0,0.0,0.0
2025-10-25,PRE-BRA,2,49.98,17.8,0,0.0,0.0
2025-10-25,PRE-FPU,1,24.99,8.9,0,0.0,0.0
2025-10-25,VEG-CHO-1K,1,32.99,15.9,0,0.0,0.0
2025-10-25,VIT-D3-120,1,9.99,2.1,0,0.0,0.0
2025-10-25,VIT-MUL-90,4,51.96,13.6,0,0.0,0.0
2025-10-25,WHY-CHO-1K,12,359.88,153.6,0,0.0,0.0
2025-10-25,WHY-SCA-1K,2,59.98,25.6,0,0.0,0.0
2025-10-25,WHY-STR-1K,3,89.97,38.4,0,0.0,0.0
2025-10-25,WHY-VAN-1K,8,239.92,102.4,0,0.0,0.0
2025-10-25,WHY-VAN-25,2,109.98,51.0,0,0.0,0.0
2025-10-26,ACC-SHK,4,27.96,6.8,0,0.0,0.0
2025-10-26,BAR-CHO-12,2,49.98,26.4,0,0.0,0.0
2025-10-26,BAR-PNB-12,1,24.99,13.2,0,0.0,0.0
2025-10-26,BCA-LEM,3,59.97,20.4,0,0.0,0.0
2025-10-26,BCA-WAT,2,39.98,13.6,0,0.0,0.0
2025-10-26,CRE-300,3,59.97,16.8,0,0.0,0.0
2025-10-26,CRE-500,5,139.95,43.5,0,0.0,0.0
2025-10-26,GAI-CHO-25,3,119.97,55.2,0,0.0,0.0
2025-10-26,OMG-3-90,5,74.95,24.5,0,0.0,0.0
2025-10-26,PRE-BRA,2,49.98,17.8,0,0.0,0.0
2025-10-26,PRE-FPU,3,74.97,26.7,0,0.0,0.0
2025-10-26,VEG-CHO-1K,2,65.98,31.8,0,0.0,0.0
2025-10-26,VIT-D3-120,4,39.96,8.4,0,0.0,0.0
2025-10-26,VIT-MUL-90,4,51.96,13.6,0,0.0,0.0
2025-10-26,WHY-CHO-1K,12,359.88,153.6,0,0.0,0.0
2025-10-26,WHY-CHO-25,5,274.95,127.5,0,0.0,0.0
2025-10-26,WHY-SCA-1K,4,119.96,51.2,0,0.0,0.0
2025-10-26,WHY-STR-1K,1,29.99,12.8,0,0.0,0.0
2025-10-26,WHY-VAN-1K,1,29.99,12.8,0,0.0,0.0
2025-10-26,WHY-VAN-25,2,109.98,51.0,0,0.0,0.0
2025-10-27,ACC-SHK,6,41.94,10.2,0,0.0,0.0
2025-10-27,BAR-CHO-12,5,124.95,66.0,0,0.0,0.0
2025-10-27,BCA-LEM,1,19.99,6.8,0,0.0,0.0
2025-10-27,BCA-WAT,3,59.97,20.4,0,0.0,0.0
2025-10-27,CRE-300,7,139.93,39.2,0,0.0,0.0
2025-10-27,CRE-500,1,27.99,8.7,0,0.0,0.0
2025-10-27,GAI-CHO-25,2,79.98,36.8,0,0.0,0.0
2025-10-27,OMG-3-90,2,29.98,9.8,0,0.0,0.0
2025-10-27,PRE-BRA,4,99.96,35.6,0,0.0,0.0
2025-10-27,PRE-FPU,3,74.97,26.7,0,0.0,0.0
2025-10-27,VIT-D3-120,3,29.97,6.3,0,0.0,0.0
2025-10-27,VIT-MUL-90,2,25.98,6.8,0,0.0,0.0
2025-10-27,WHY-CHO-1K,6,179.94,76.8,0,0.0,0.0
2025-10-27,WHY-CHO-25,1,54.99,25.5,0,0.0,0.0
2025-10-27,WHY-SCA-1K,2,59.98,25.6,0,0.0,0.0
2025-10-27,WHY-STR-1K,3,89.97,38.4,0,0.0,0.0
2025-10-27,WHY-VAN-1K,4,119.96,51.2,0,0.0,0.0
2025-10-27,WHY-VAN-25,3,164.97,76.5,0,0.0,0.0
2025-10-28,ACC-SHK,1,6.99,1.7,0,0.0,0.0
2025-10-28,BAR-CHO-12,1,24.99,13.2,0,0.0,0.0
2025-10-28,BAR-PNB-12,6,149.94,79.2,0,0.0,0.0
2025-10-28,BCA-LEM,1,19.99,6.8,0,0.0,0.0
2025-10-28,CRE-300,6,119.94,33.6,0,0.0,0.0
2025-10-28,CRE-500,1,27.99,8.7,0,0.0,0.0
2025-10-28,OMG-3-90,2,29.98,9.8,0,0.0,0.0
2025-10-28,PRE-BRA,5,124.95,44.5,0,0.0,0.0
2025-10-28,PRE-COL,1,24.99,8.9,0,0.0,0.0
2025-10-28,PRE-FPU,6,149.94,53.4,0,0.0,0.0
2025-10-28,VEG-CHO-1K,1,32.99,15.9,0,0.0,0.0
2025-10-28,VIT-D3-120,5,49.95,10.5,0,0.0,0.0
2025-10-28,VIT-MUL-90,1,12.99,3.4,0,0.0,0.0
2025-10-28,WHY-CHO-1K,7,209.93,89.6,0,0.0,0.0
2025-10-28,WHY-CHO-25,3,164.97,76.5,0,0.0,0.0
2025-10-28,WHY-SCA-1K,5,149.95,64.0,0,0.0,0.0
2025-10-28,WHY-STR-1K,1,29.99,12.8,0,0.0,0.0
2025-10-28,WHY-VAN-1K,3,89.97,38.4,0,0.0,0.0
2025-10-29,ACC-SHK,1,6.99,1.7,0,0.0,0.0
2025-10-29,BAR-CHO-12,1,24.99,13.2,0,0.0,0.0
2025-10-29,BCA-WAT,2,39.98,13.6,0,0.0,0.0
2025-10-29,CRE-300,7,139.93,39.2,0,0.0,0.0
2025-10-29,CRE-500,1,27.99,8.7,0,0.0,0.0
2025-10-29,GAI-CHO-25,2,79.98,36.8,0,0.0,0.0
2025-10-29,PRE-BRA,2,49.98,17.8,0,0.0,0.0
2025-10-29,PRE-FPU,1,24.99,8.9,0,0.0,0.0
2025-10-29,VEG-CHO-1K,1,32.99,15.9,0,0.0,0.0
2025-10-29,VIT-D3-120,5,49.95,10.5,0,0.0,0.0
2025-10-29,VIT-MUL-90,2,25.98,6.8,0,0.0,0.0
2025-10-29,WHY-CHO-1K,6,179.94,76.8,0,0.0,0.0
2025-10-29,WHY-CHO-25,6,329.94,153.0,0,0.0,0.0
2025-10-29,WHY-SCA-1K,1,29.99,12.8,0,0.0,0.0
2025-10-29,WHY-VAN-1K,7,209.93,89.6,0,0.0,0.0
2025-10-30,ACC-SHK,2,13.98,3.4,0,0.0,0.0
2025-10-30,BAR-CHO-12,5,124.95,66.0,0,0.0,0.0
2025-10-30,CRE-300,6,119.94,33.6,0,0.0,0.0
2025-10-30,CRE-500,1,27.99,8.7,0,0.0,0.0
2025-10-30,GAI-CHO-25,1,39.99,18.4,0,0.0,0.0
2025-10-30,PRE-BRA,3,74.97,26.7,0,0.0,0.0
2025-10-30,PRE-FPU,1,24.99,8.9,0,0.0,0.0
2025-10-30,VEG-CHO-1K,3,98.97,47.7,0,0.0,0.0
2025-10-30,VIT-D3-120,9,89.91,18.9,0,0.0,0.0
2025-10-30,VIT-MUL-90,5,64.95,17.0,0,0.0,0.0
2025-10-30,WHY-CHO-1K,6,179.94,76.8,0,0.0,0.0
2025-10-30,WHY-CHO-25,5,274.95,127.5,0,0.0,0.0
2025-10-30,WHY-SCA-1K,3,89.97,38.4,0,0.0,0.0
2025-10-30,WHY-STR-1K,1,29.99,12.8,0,0.0,0.0
2025-10-30,WHY-VAN-1K,4,119.96,51.2,0,0.0,0.0
2025-10-30,WHY-VAN-25,4,219.96,102.0,0,0.0,0.0
2025-10-31,ACC-SHK,4,27.96,6.8,0,0.0,0.0
2025-10-31,BAR-CHO-12,3,74.97,39.6,0,0.0,0.0
2025-10-31,BCA-LEM,1,19.99,6.8,0,0.0,0.0
2025-10-31,BCA-WAT,1,19.99,6.8,0,0.0,0.0
2025-10-31,CRE-300,5,99.95,28.0,0,0.0,0.0
2025-10-31,CRE-500,5,139.95,43.5,0,0.0,0.0
2025-10-31,GAI-CHO-25,1,39.99,18.4,0,0.0,0.0
2025-10-31,OMG-3-90,4,59.96,19.6,0,0.0,0.0
2025-10-31,PRE-BRA,2,49.98,17.8,0,0.0,0.0
2025-10-31,PRE-COL,1,24.99,8.9,0,0.0,0.0
2025-10-31,PRE-FPU,2,49.98,17.8,0,0.0,0.0
2025-10-31,VEG-BER-1K,1,32.99,15.9,0,0.0,0.0
2025-10-31,VIT-MUL-90,1,12.99,3.4,0,0.0,0.0
2025-10-31,WHY-CHO-1K,6,179.94,76.8,0,0.0,0.0
2025-10-31,WHY-SCA-1K,4,119.96,51.2,0,0.0,0.0
2025-10-31,WHY-STR-1K,1,29.99,12.8,0,0.0,0.0
2025-10-31,WHY-VAN-1K,5,149.95,64.0,0,0.0,0.0
2025-10-31,WHY-VAN-25,1,54.99,25.5,0,0.0,0.0
2025-11-01,ACC-SHK,2,13.98,3.4,0,0.0,0.0
2025-11-01,BAR-CHO-12,2,49.98,26.4,0,0.0,0.0
2025-11-01,BAR-PNB-12,3,74.97,39.6,0,0.0,0.0
2025-11-01,BCA-LEM,1,19.99,6.8,0,0.0,0.0
2025-11-01,BCA-WAT,1,19.99,6.8,0,0.0,0.0
2025-11-01,CRE-300,5,99.95,28.0,0,0.0,0.0
2025-11-01,CRE-500,3,83.97,26.1,0,0.0,0.0
2025-11-01,GAI-CHO-25,2,79.98,36.8,0,0.0,0.0
2025-11-01,OMG-3-90,1,14.99,4.9,0,0.0,0.0
2025-11-01,PRE-COL,1,24.99,8.9,0,0.0,0.0
2025-11-01,PRE-FPU,4,99.96,35.6,0,0.0,0.0
2025-11-01,VIT-D3-120,2,19.98,4.2,0,0.0,0.0
2025-11-01,VIT-MUL-90,2,25.98,6.8,0,0.0,0.0
2025-11-01,WHY-CHO-1K,7,209.93,89.6,0,0.0,0.0
2025-11-01,WHY-CHO-25,1,54.99,25.5,0,0.0,0.0
2025-11-01,WHY-SCA-1K,2,59.98,25.6,0,0.0,0.0
2025-11-01,WHY-STR-1K,1,29.99,12.8,0,0.0,0.0
2025-11-01,WHY-VAN-1K,7,209.93,89.6,0,0.0,0.0
2025-11-01,WHY-VAN-25,1,54.99,25.5,0,0.0,0.0
2025-11-02,ACC-SHK,3,20.97,5.1,0,0.0,0.0
2025-11-02,BAR-CHO-12,4,99.96,52.8,0,0.0,0.0
2025-11-02,BCA-LEM,1,19.99,6.8,0,0.0,0.0
2025-11-02,BCA-WAT,1,19.99,6.8,0,0.0,0.0
2025-11-02,CRE-300,2,39.98,11.2,0,0.0,0.0
2025-11-02,CRE-500,5,139.95,43.5,0,0.0,0.0
2025-11-02,GAI-CHO-25,1,39.99,18.4,0,0.0,0.0
2025-11-02,OMG-3-90,1,14.99,4.9,0,0.0,0.0
2025-11-02,PRE-FPU,1,24.99,8.9,0,0.0,0.0
2025-11-02,VIT-D3-120,3,29.97,6.3,0,0.0,0.0
2025-11-02,VIT-MUL-90,2,25.98,6.8,0,0.0,0.0
2025-11-02,WHY-CHO-1K,6,179.94,76.8,0,0.0,0.0
2025-11-02,WHY-CHO-25,4,219.96,102.0,0,0.0,0.0
2025-11-02,WHY-SCA-1K,4,119.96,51.2,0,0.0,0.0
2025-11-02,WHY-STR-1K,5,149.95,64.0,0,0.0,0.0
2025-11-02,WHY-VAN-1K,3,89.97,38.4,0,0.0,0.0
2025-11-02,WHY-VAN-25,2,109.98,51.0,0,0.0,0.0
2025-11-03,ACC-SHK,4,27.96,6.8,0,0.0,0.0
2025-11-03,BAR-CHO-12,3,74.97,39.6,0,0.0,0.0
2025-11-03,BAR-PNB-12,2,49.98,26.4,0,0.0,0.0
2025-11-03,BCA-LEM,1,19.99,6.8,0,0.0,0.0
2025-11-03,BCA-WAT,3,59.97,20.4,0,0.0,0.0
2025-11-03,CRE-300,11,219.89,61.6,0,0.0,0.0
2025-11-03,CRE-500,7,195.93,60.9,0,0.0,0.0
2025-11-03,GAI-CHO-25,2,79.98,36.8,0,0.0,0.0
2025-11-03,OMG-3-90,4,59.96,19.6,0,0.0,0.0
2025-11-03,PRE-BRA,5,124.95,44.5,0,0.0,0.0
2025-11-03,PRE-COL,1,24.99,8.9,0,0.0,0.0
2025-11-03,PRE-FPU,2,49.98,17.8,0,0.0,0.0
2025-11-03,VEG-CHO-1K,2,65.98,31.8,0,0.0,0.0
2025-11-03,VIT-D3-120,8,79.92,16.8,0,0.0,0.0
2025-11-03,VIT-MUL-90,4,51.96,13.6,0,0.0,0.0
2025-11-03,WHY-CHO-1K,9,269.91,115.2,0,0.0,0.0
2025-11-03,WHY-CHO-25,7,384.93,178.5,0,0.0,0.0
2025-11-03,WHY-STR-1K,5,149.95,64.0,0,0.0,0.0
2025-11-03,WHY-VAN-1K,9,269.91,115.2,0,0.0,0.0
2025-11-03,WHY-VAN-25,1,54.99,25.5,0,0.0,0.0
2025-11-04,ACC-SHK,6,41.94,10.2,0,0.0,0.0
2025-11-04,BAR-CHO-12,1,24.99,13.2,0,0.0,0.0
2025-11-04,BAR-PNB-12,2,49.98,26.4,0,0.0,0.0
2025-11-04,BCA-LEM,1,19.99,6.8,0,0.0,0.0
2025-11-04,BCA-WAT,1,19.99,6.8,0,0.0,0.0
2025-11-04,CRE-300,9,179.91,50.4,0,0.0,0.0
2025-11-04,CRE-500,1,27.99,8.7,0,0.0,0.0
2025-11-04,GAI-CHO-25,1,39.99,18.4,0,0.0,0.0
2025-11-04,OMG-3-90,2,29.98,9.8,0,0.0,0.0
2025-11-04,PRE-BRA,1,24.99,8.9,0,0.0,0.0
2025-11-04,PRE-FPU,1,24.99,8.9,0,0.0,0.0
2025-11-04,VEG-CHO-1K,1,32.99,15.9,0,0.0,0.0
2025-11-04,VIT-D3-120,4,39.96,8.4,0,0.0,0.0
2025-11-04,VIT-MUL-90,2,25.98,6.8,0,0.0,0.0
2025-11-04,WHY-CHO-1K,9,269.91,115.2,0,0.0,0.0
2025-11-04,WHY-CHO-25,1,54.99,25.5,0,0.0,0.0
2025-11-04,WHY-STR-1K,3,89.97,38.4,0,0.0,0.0
2025-11-04,WHY-VAN-1K,2,59.98,25.6,0,0.0,0.0
2025-11-04,WHY-VAN-25,3,164.97,76.5,0,0.0,0.0
2025-11-05,ACC-SHK,3,20.97,5.1,0,0.0,0.0
2025-11-05,BAR-CHO-12,6,149.94,79.2,0,0.0,0.0
2025-11-05,BAR-PNB-12,1,24.99,13.2,0,0.0,0.0
2025-11-05,BCA-LEM,2,39.98,13.6,0,0.0,0.0
2025-11-05,BCA-WAT,6,119.94,40.8,0,0.0,0.0
2025-11-05,CRE-300,8,159.92,44.8,0,0.0,0.0
2025-11-05,CRE-500,4,111.96,34.8,0,0.0,0.0
2025-11-05,PRE-FPU,1,24.99,8.9,0,0.0,0.0
2025-11-05,VEG-CHO-1K,4,131.96,63.6,0,0.0,0.0
2025-11-05,VIT-D3-120,5,49.95,10.5,0,0.0,0.0
2025-11-05,WHY-CHO-1K,12,359.88,153.6,0,0.0,0.0
2025-11-05,WHY-CHO-25,5,274.95,127.5,0,0.0,0.0
2025-11-05,WHY-SCA-1K,4,119.96,51.2,0,0.0,0.0
2025-11-05,WHY-STR-1K,3,89.97,38.4,0,0.0,0.0
2025-11-05,WHY-VAN-1K,6,179.94,76.8,0,0.0,0.0
2025-11-06,ACC-SHK,5,34.95,8.5,0,0.0,0.0
2025-11-06,BAR-CHO-12,9,224.91,118.8,0,0.0,0.0
2025-11-06,BAR-PNB-12,2,49.98,26.4,0,0.0,0.0
2025-11-06,BCA-LEM,2,39.98,13.6,0,0.0,0.0
2025-11-06,BCA-WAT,5,99.95,34.0,0,0.0,0.0
2025-11-06,CRE-300,10,199.9,56.0,0,0.0,0.0
2025-11-06,CRE-500,3,83.97,26.1,0,0.0,0.0
2025-11-06,GAI-CHO-25,1,39.99,18.4,0,0.0,0.0
2025-11-06,OMG-3-90,1,14.99,4.9,0,0.0,0.0
2025-11-06,PRE-BRA,4,99.96,35.6,0,0.0,0.0
2025-11-06,PRE-FPU,1,24.99,8.9,0,0.0,0.0
2025-11-06,VEG-CHO-1K,2,65.98,31.8,0,0.0,0.0
2025-11-06,VIT-D3-120,8,79.92,16.8,0,0.0,0.0
2025-11-06,VIT-MUL-90,4,51.96,13.6,0,0.0,0.0
2025-11-06,WHY-CHO-1K,12,359.88,153.6,0,0.0,0.0
2025-11-06,WHY-CHO-25,2,109.98,51.0,0,0.0,0.0
2025-11-06,WHY-STR-1K,6,179.94,76.8,0,0.0,0.0
2025-11-06,WHY-VAN-1K,6,179.94,76.8,0,0.0,0.0
2025-11-07,ACC-SHK,10,69.9,17.0,0,0.0,0.0
2025-11-07,BCA-WAT,1,19.99,6.8,0,0.0,0.0
2025-11-07,CRE-300,3,59.97,16.8,0,0.0,0.0
2025-11-07,CRE-500,2,55.98,17.4,0,0.0,0.0
2025-11-07,GAI-CHO-25,1,39.99,18.4,0,0.0,0.0
2025-11-07,PRE-COL,1,24.99,8.9,0,0.0,0.0
2025-11-07,PRE-FPU,2,49.98,17.8,0,0.0,0.0
2025-11-07,VEG-CHO-1K,2,65.98,31.8,0,0.0,0.0
2025-11-07,VIT-D3-120,3,29.97,6.3,0,0.0,0.0
2025-11-07,VIT-MUL-90,3,38.97,10.2,0,0.0,0.0
2025-11-07,WHY-CHO-1K,9,269.91,115.2,0,0.0,0.0
2025-11-07,WHY-CHO-25,5,274.95,127.5,0,0.0,0.0
2025-11-07,WHY-STR-1K,1,29.99,12.8,0,0.0,0.0
2025-11-07,WHY-VAN-1K,2,59.98,25.6,0,0.0,0.0
2025-11-07,WHY-VAN-25,2,109.98,51.0,0,0.0,0.0
2025-11-08,ACC-SHK,3,20.97,5.1,0,0.0,0.0
2025-11-08,BAR-CHO-12,3,74.97,39.6,0,0.0,0.0
2025-11-08,BAR-PNB-12,2,49.98,26.4,0,0.0,0.0
2025-11-08,BCA-WAT,2,39.98,13.6,0,0.0,0.0
2025-11-08,CRE-300,8,159.92,44.8,0,0.0,0.0
2025-11-08,CRE-500,4,111.96,34.8,0,0.0,0.0
2025-11-08,PRE-BRA,5,124.95,44.5,0,0.0,0.0
2025-11-08,PRE-FPU,2,49.98,17.8,0,0.0,0.0
2025-11-08,VEG-CHO-1K,4,131.96,63.6,0,0.0,0.0
2025-11-08,VIT-D3-120,5,49.95,10.5,0,0.0,0.0
2025-11-08,VIT-MUL-90,4,51.96,13.6,0,0.0,0.0
2025-11-08,WHY-CHO-1K,9,269.91,115.2,0,0.0,0.0
2025-11-08,WHY-CHO-25,3,164.97,76.5,0,0.0,0.0
2025-11-08,WHY-SCA-1K,3,89.97,38.4,0,0.0,0.0
2025-11-08,WHY-STR-1K,3,89.97,38.4,0,0.0,0.0
2025-11-08,WHY-VAN-1K,6,179.94,76.8,0,0.0,0.0
2025-11-08,WHY-VAN-25,5,274.95,127.5,0,0.0,0.0
2025-11-09,ACC-SHK,4,27.96,6.8,0,0.0,0.0
2025-11-09,BAR-CHO-12,6,149.94,79.2,0,0.0,0.0
2025-11-09,BAR-PNB-12,3,74.97,39.6,0,0.0,0.0
2025-11-09,BCA-WAT,1,19.99,6.8,0,0.0,0.0
2025-11-09,CRE-300,4,79.96,22.4,0,0.0,0.0
2025-11-09,CRE-500,3,83.97,26.1,0,0.0,0.0
2025-11-09,OMG-3-90,1,14.99,4.9,0,0.0,0.0
2025-11-09,PRE-COL,1,24.99,8.9,0,0.0,0.0
2025-11-09,VEG-CHO-1K,3,98.97,47.7,0,0.0,0.0
2025-11-09,VIT-D3-120,10,99.9,21.0,0,0.0,0.0
2025-11-09,VIT-MUL-90,4,51.96,13.6,0,0.0,0.0
2025-11-09,WHY-CHO-1K,14,419.86,179.2,0,0.0,0.0
2025-11-09,WHY-CHO-25,3,164.97,76.5,0,0.0,0.0
2025-11-09,WHY-SCA-1K,3,89.97,38.4,0,0.0,0.0
2025-11-09,WHY-STR-1K,4,119.96,51.2,0,0.0,0.0
2025-11-09,WHY-VAN-1K,4,119.96,51.2,0,0.0,0.0
2025-11-10,ACC-SHK,2,13.98,3.4,0,0.0,0.0
2025-11-10,BAR-CHO-12,2,49.98,26.4,0,0.0,0.0
2025-11-10,BAR-PNB-12,2,49.98,26.4,0,0.0,0.0
2025-11-10,BCA-LEM,1,19.99,6.8,0,0.0,0.0
2025-11-10,BCA-WAT,2,39.98,13.6,0,0.0,0.0
2025-11-10,CRE-300,1,19.99,5.6,0,0.0,0.0
2025-11-10,CRE-500,1,27.99,8.7,0,0.0,0.0
2025-11-10,GAI-CHO-25,3,119.97,55.2,0,0.0,0.0
2025-11-10,OMG-3-90,2,29.98,9.8,0,0.0,0.0
2025-11-10,PRE-FPU,4,99.96,35.6,0,0.0,0.0
2025-11-10,VIT-D3-120,3,29.97,6.3,0,0.0,0.0
2025-11-10,VIT-MUL-90,1,12.99,3.4,0,0.0,0.0
2025-11-10,WHY-CHO-1K,4,119.96,51.2,0,0.0,0.0
2025-11-10,WHY-SCA-1K,4,119.96,51.2,0,0.0,0.0
2025-11-10,WHY-STR-1K,5,149.95,64.0,0,0.0,0.0
2025-11-10,WHY-VAN-1K,2,59.98,25.6,0,0.0,0.0
2025-11-10,WHY-VAN-25,3,164.97,76.5,0,0.0,0.0
2025-11-11,BAR-CHO-12,2,49.98,26.4,0,0.0,0.0
2025-11-11,BAR-PNB-12,2,49.98,26.4,0,0.0,0.0
2025-11-11,BCA-WAT,1,19.99,6.8,0,0.0,0.0
2025-11-11,CRE-300,2,39.98,11.2,0,0.0,0.0
2025-11-11,CRE-500,6,167.94,52.2,0,0.0,0.0
2025-11-11,GAI-CHO-25,1,39.99,18.4,0,0.0,0.0
2025-11-11,OMG-3-90,1,14.99,4.9,0,0.0,0.0
2025-11-11,PRE-BRA,3,74.97,26.7,0,0.0,0.0
2025-11-11,PRE-FPU,5,124.95,44.5,0,0.0,0.0
2025-11-11,VEG-BER-1K,1,32.99,15.9,0,0.0,0.0
2025-11-11,VEG-CHO-1K,2,65.98,31.8,0,0.0,0.0
2025-11-11,VIT-D3-120,8,79.92,16.8,0,0.0,0.0
2025-11-11,VIT-MUL-90,2,25.98,6.8,0,0.0,0.0
2025-11-11,WHY-CHO-1K,9,269.91,115.2,0,0.0,0.0
2025-11-11,WHY-CHO-25,4,219.96,102.0,0,0.0,0.0
2025-11-11,WHY-SCA-1K,3,89.97,38.4,0,0.0,0.0
2025-11-11,WHY-STR-1K,3,89.97,38.4,0,0.0,0.0
2025-11-11,WHY-VAN-1K,5,149.95,64.0,0,0.0,0.0
2025-11-11,WHY-VAN-25,1,54.99,25.5,0,0.0,0.0
2025-11-12,ACC-SHK,3,20.97,5.1,0,0.0,0.0
2025-11-12,BAR-CHO-12,1,24.99,13.2,0,0.0,0.0
2025-11-12,BAR-PNB-12,1,24.99,13.2,0,0.0,0.0
2025-11-12,BCA-LEM,3,59.97,20.4,0,0.0,0.0
2025-11-12,CRE-300,3,59.97,16.8,0,0.0,0.0
2025-11-12,CRE-500,1,27.99,8.7,0,0.0,0.0
2025-11-12,OMG-3-90,3,44.97,14.7,0,0.0,0.0
2025-11-12,PRE-BRA,3,74.97,26.7,0,0.0,0.0
2025-11-12,PRE-COL,1,24.99,8.9,0,0.0,0.0
2025-11-12,PRE-FPU,5,124.95,44.5,0,0.0,0.0
2025-11-12,VEG-CHO-1K,3,98.97,47.7,0,0.0,0.0
2025-11-12,VIT-D3-120,2,19.98,4.2,0,0.0,0.0
2025-11-12,VIT-MUL-90,1,12.99,3.4,0,0.0,0.0
2025-11-12,WHY-CHO-1K,8,239.92,102.4,0,0.0,0.0
2025-11-12,WHY-CHO-25,5,274.95,127.5,0,0.0,0.0
2025-11-12,WHY-SCA-1K,6,179.94,76.8,0,0.0,0.0
2025-11-12,WHY-VAN-1K,3,89.97,38.4,0,0.0,0.0
2025-11-12,WHY-VAN-25,1,54.99,25.5,0,0.0,0.0
2025-11-13,ACC-SHK,2,13.98,3.4,0,0.0,0.0
2025-11-13,BAR-CHO-12,7,174.93,92.4,0,0.0,0.0
2025-11-13,BAR-PNB-12,1,24.99,13.2,0,0.0,0.0
2025-11-13,BCA-LEM,2,39.98,13.6,0,0.0,0.0
2025-11-13,BCA-WAT,2,39.98,13.6,0,0.0,0.0
2025-11-13,CRE-300,9,179.91,50.4,0,0.0,0.0
2025-11-13,CRE-500,6,167.94,52.2,0,0.0,0.0
2025-11-13,GAI-CHO-25,2,79.98,36.8,0,0.0,0.0
2025-11-13,OMG-3-90,4,59.96,19.6,0,0.0,0.0
2025-11-13,PRE-BRA,4,99.96,35.6,0,0.0,0.0
2025-11-13,PRE-COL,2,49.98,17.8,0,0.0,0.0
2025-11-13,PRE-FPU,8,199.92,71.2,0,0.0,0.0
2025-11-13,VEG-CHO-1K,6,197.94,95.4,0,0.0,0.0
2025-11-13,VIT-D3-120,15,149.85,31.5,0,0.0,0.0
2025-11-13,VIT-MUL-90,7,90.93,23.8,0,0.0,0.0
2025-11-13,WHY-CHO-1K,6,179.94,76.8,0,0.0,0.0
2025-11-13,WHY-CHO-25,5,274.95,127.5,0,0.0,0.0
2025-11-13,WHY-SCA-1K,5,149.95,64.0,0,0.0,0.0
2025-11-13,WHY-STR-1K,1,29.99,12.8,0,0.0,0.0
2025-11-13,WHY-VAN-1K,5,149.95,64.0,0,0.0,0.0
2025-11-13,WHY-VAN-25,2,109.98,51.0,0,0.0,0.0
2025-11-14,ACC-SHK,3,20.97,5.1,0,0.0,0.0
2025-11-14,BAR-CHO-12,2,49.98,26.4,0,0.0,0.0
2025-11-14,BCA-LEM,1,19.99,6.8,0,0.0,0.0
2025-11-14,BCA-WAT,3,59.97,20.4,0,0.0,0.0
2025-11-14,CRE-300,5,99.95,28.0,0,0.0,0.0
2025-11-14,CRE-500,1,27.99,8.7,0,0.0,0.0
2025-11-14,GAI-CHO-25,2,79.98,36.8,0,0.0,0.0
2025-11-14,OMG-3-90,1,14.99,4.9,0,0.0,0.0
2025-11-14,PRE-BRA,9,224.91,80.1,0,0.0,0.0
2025-11-14,PRE-COL,1,24.99,8.9,0,0.0,0.0
2025-11-14,PRE-FPU,6,149.94,53.4,0,0.0,0.0
2025-11-14,VEG-CHO-1K,2,65.98,31.8,0,0.0,0.0
2025-11-14,VIT-D3-120,7,69.93,14.7,0,0.0,0.0
2025-11-14,VIT-MUL-90,5,64.95,17.0,0,0.0,0.0
2025-11-14,WHY-CHO-1K,7,209.93,89.6,0,0.0,0.0
2025-11-14,WHY-CHO-25,3,164.97,76.5,0,0.0,0.0
2025-11-14,WHY-SCA-1K,3,89.97,38.4,0,0.0,0.0
2025-11-14,WHY-STR-1K,3,89.97,38.4,0,0.0,0.0
2025-11-14,WHY-VAN-1K,2,59.98,25.6,0,0.0,0.0
2025-11-14,WHY-VAN-25,2,109.98,51.0,0,0.0,0.0
2025-11-15,ACC-SHK,2,13.98,3.4,0,0.0,0.0
2025-11-15,BAR-PNB-12,1,24.99,13.2,0,0.0,0.0
2025-11-15,BCA-LEM,2,39.98,13.6,0,0.0,0.0
2025-11-15,BCA-WAT,1,19.99,6.8,0,0.0,0.0
2025-11-15,CRE-300,4,79.96,22.4,0,0.0,0.0
2025-11-15,CRE-500,5,139.95,43.5,0,0.0,0.0
2025-11-15,GAI-CHO-25,2,79.98,36.8,0,0.0,0.0
2025-11-15,OMG-3-90,1,14.99,4.9,0,0.0,0.0
2025-11-15,PRE-BRA,2,49.98,17.8,0,0.0,0.0
2025-11-15,PRE-FPU,2,49.98,17.8,0,0.0,0.0
2025-11-15,VEG-CHO-1K,2,65.98,31.8,0,0.0,0.0
2025-11-15,VIT-D3-120,2,19.98,4.2,0,0.0,0.0
2025-11-15,VIT-MUL-90,2,25.98,6.8,0,0.0,0.0
2025-11-15,WHY-CHO-1K,7,209.93,89.6,0,0.0,0.0
2025-11-15,WHY-CHO-25,5,274.95,127.5,0,0.0,0.0
2025-11-15,WHY-SCA-1K,2,59.98,25.6,0,0.0,0.0
2025-11-15,WHY-STR-1K,2,59.98,25.6,0,0.0,0.0
2025-11-15,WHY-VAN-1K,7,209.93,89.6,0,0.0,0.0
2025-11-15,WHY-VAN-25,1,54.99,25.5,0,0.0,0.0
2025-11-16,ACC-SHK,5,34.95,8.5,0,0.0,0.0
2025-11-16,BAR-CHO-12,1,24.99,13.2,0,0.0,0.0
2025-11-16,BAR-PNB-12,1,24.99,13.2,0,0.0,0.0
2025-11-16,BCA-LEM,1,19.99,6.8,0,0.0,0.0
2025-11-16,BCA-WAT,6,119.94,40.8,0,0.0,0.0
2025-11-16,CRE-300,4,79.96,22.4,0,0.0,0.0
2025-11-16,CRE-500,5,139.95,43.5,0,0.0,0.0
2025-11-16,GAI-CHO-25,1,39.99,18.4,0,0.0,0.0
2025-11-16,OMG-3-90,2,29.98,9.8,0,0.0,0.0
2025-11-16,PRE-BRA,3,74.97,26.7,0,0.0,0.0
2025-11-16,PRE-COL,2,49.98,17.8,0,0.0,0.0
2025-11-16,PRE-FPU,3,74.97,26.7,0,0.0,0.0
2025-11-16,VEG-CHO-1K,1,32.99,15.9,0,0.0,0.0
2025-11-16,VIT-D3-120,4,39.96,8.4,0,0.0,0.0
2025-11-16,VIT-MUL-90,3,38.97,10.2,0,0.0,0.0
2025-11-16,WHY-CHO-1K,16,479.84,204.8,0,0.0,0.0
2025-11-16,WHY-CHO-25,3,164.97,76.5,0,0.0,0.0
2025-11-16,WHY-SCA-1K,3,89.97,38.4,0,0.0,0.0
2025-11-16,WHY-STR-1K,1,29.99,12.8,0,0.0,0.0
2025-11-16,WHY-VAN-1K,4,119.96,51.2,0,0.0,0.0
2025-11-17,ACC-SHK,2,13.98,3.4,0,0.0,0.0
2025-11-17,BCA-LEM,1,19.99,6.8,0,0.0,0.0
2025-11-17,BCA-WAT,2,39.98,13.6,0,0.0,0.0
2025-11-17,CRE-300,9,179.91,50.4,0,0.0,0.0
2025-11-17,CRE-500,2,55.98,17.4,0,0.0,0.0
2025-11-17,GAI-CHO-25,2,79.98,36.8,0,0.0,0.0
2025-11-17,PRE-BRA,6,149.94,53.4,0,0.0,0.0
2025-11-17,PRE-FPU,1,24.99,8.9,0,0.0,0.0
2025-11-17,VEG-CHO-1K,1,32.99,15.9,0,0.0,0.0
2025-11-17,VIT-D3-120,1,9.99,2.1,0,0.0,0.0
2025-11-17,VIT-MUL-90,2,25.98,6.8,0,0.0,0.0
2025-11-17,WHY-CHO-1K,13,389.87,166.4,0,0.0,0.0
2025-11-17,WHY-CHO-25,5,274.95,127.5,0,0.0,0.0
2025-11-17,WHY-SCA-1K,1,29.99,12.8,0,0.0,0.0
2025-11-17,WHY-STR-1K,3,89.97,38.4,0,0.0,0.0
2025-11-17,WHY-VAN-1K,6,179.94,76.8,0,0.0,0.0
2025-11-17,WHY-VAN-25,2,109.98,51.0,0,0.0,0.0
2025-11-18,ACC-SHK,3,20.97,5.1,0,0.0,0.0
2025-11-18,BAR-CHO-12,4,99.96,52.8,0,0.0,0.0
2025-11-18,BCA-LEM,1,19.99,6.8,0,0.0,0.0
2025-11-18,BCA-WAT,1,19.99,6.8,0,0.0,0.0
2025-11-18,CRE-500,1,27.99,8.7,0,0.0,0.0
2025-11-18,PRE-BRA,1,24.99,8.9,0,0.0,0.0
2025-11-18,PRE-FPU,2,49.98,17.8,0,0.0,0.0
2025-11-18,VEG-CHO-1K,1,32.99,15.9,0,0.0,0.0
2025-11-18,VIT-D3-120,2,19.98,4.2,0,0.0,0.0
2025-11-18,VIT-MUL-90,2,25.98,6.8,0,0.0,0.0
2025-11-18,WHY-CHO-1K,3,89.97,38.4,0,0.0,0.0
2025-11-18,WHY-CHO-25,2,109.98,51.0,0,0.0,0.0
2025-11-18,WHY-SCA-1K,3,89.97,38.4,0,0.0,0.0
2025-11-18,WHY-STR-1K,1,29.99,12.8,0,0.0,0.0
2025-11-18,WHY-VAN-1K,3,89.97,38.4,0,0.0,0.0
2025-11-18,WHY-VAN-25,1,54.99,25.5,0,0.0,0.0
2025-11-19,ACC-SHK,3,20.97,5.1,0,0.0,0.0
2025-11-19,BAR-CHO-12,1,24.99,13.2,0,0.0,0.0
2025-11-19,BAR-PNB-12,2,49.98,26.4,0,0.0,0.0
2025-11-19,BCA-LEM,1,19.99,6.8,0,0.0,0.0
2025-11-19,BCA-WAT,2,39.98,13.6,0,0.0,0.0
2025-11-19,CRE-300,7,139.93,39.2,0,0.0,0.0
2025-11-19,CRE-500,2,55.98,17.4,0,0.0,0.0
2025-11-19,OMG-3-90,1,14.99,4.9,0,0.0,0.0
2025-11-19,PRE-BRA,4,99.96,35.6,0,0.0,0.0
2025-11-19,PRE-FPU,3,74.97,26.7,0,0.0,0.0
2025-11-19,VEG-BER-1K,1,32.99,15.9,0,0.0,0.0
2025-11-19,VEG-CHO-1K,8,263.92,127.2,0,0.0,0.0
2025-11-19,VIT-D3-120,5,49.95,10.5,0,0.0,0.0
2025-11-19,VIT-MUL-90,2,25.98,6.8,0,0.0,0.0
2025-11-19,WHY-CHO-1K,8,239.92,102.4,0,0.0,0.0
2025-11-19,WHY-CHO-25,6,329.94,153.0,0,0.0,0.0
2025-11-19,WHY-SCA-1K,3,89.97,38.4,0,0.0,0.0
2025-11-19,WHY-VAN-1K,3,89.97,38.4,0,0.0,0.0
2025-11-19,WHY-VAN-25,1,54.99,25.5,0,0.0,0.0
2025-11-20,ACC-SHK,3,20.97,5.1,0,0.0,0.0
2025-11-20,BAR-CHO-12,10,249.9,132.0,0,0.0,0.0
2025-11-20,BCA-LEM,2,39.98,13.6,0,0.0,0.0
2025-11-20,BCA-WAT,6,119.94,40.8,0,0.0,0.0
2025-11-20,CRE-300,5,99.95,28.0,0,0.0,0.0
2025-11-20,CRE-500,4,111.96,34.8,0,0.0,0.0
2025-11-20,OMG-3-90,1,14.99,4.9,0,0.0,0.0
2025-11-20,PRE-BRA,2,49.98,17.8,0,0.0,0.0
2025-11-20,PRE-COL,2,49.98,17.8,0,0.0,0.0
2025-11-20,PRE-FPU,7,174.93,62.3,0,0.0,0.0
2025-11-20,VEG-BER-1K,1,32.99,15.9,0,0.0,0.0
2025-11-20,VEG-CHO-1K,3,98.97,47.7,0,0.0,0.0
2025-11-20,VIT-D3-120,6,59.94,12.6,0,0.0,0.0
2025-11-20,VIT-MUL-90,3,38.97,10.2,0,0.0,0.0
2025-11-20,WHY-CHO-1K,12,359.88,153.6,0,0.0,0.0
2025-11-20,WHY-CHO-25,4,219.96,102.0,0,0.0,0.0
2025-11-20,WHY-SCA-1K,7,209.93,89.6,0,0.0,0.0
2025-11-20,WHY-STR-1K,4,119.96,51.2,0,0.0,0.0
2025-11-20,WHY-VAN-1K,8,239.92,102.4,0,0.0,0.0
2025-11-21,ACC-SHK,2,13.98,3.4,0,0.0,0.0
2025-11-21,BAR-CHO-12,2,49.98,26.4,0,0.0,0.0
2025-11-21,BAR-PNB-12,2,49.98,26.4,0,0.0,0.0
2025-11-21,BCA-LEM,1,19.99,6.8,0,0.0,0.0
2025-11-21,CRE-300,5,99.95,28.0,0,0.0,0.0
2025-11-21,CRE-500,2,55.98,17.4,0,0.0,0.0
2025-11-21,GAI-CHO-25,1,39.99,18.4,0,0.0,0.0
2025-11-21,OMG-3-90,3,44.97,14.7,0,0.0,0.0
2025-11-21,PRE-BRA,5,124.95,44.5,0,0.0,0.0
2025-11-21,PRE-FPU,4,99.96,35.6,0,0.0,0.0
2025-11-21,VIT-D3-120,3,29.97,6.3,0,0.0,0.0
2025-11-21,VIT-MUL-90,1,12.99,3.4,0,0.0,0.0
2025-11-21,WHY-CHO-1K,7,209.93,89.6,0,0.0,0.0
2025-11-21,WHY-CHO-25,1,54.99,25.5,0,0.0,0.0
2025-11-21,WHY-SCA-1K,1,29.99,12.8,0,0.0,0.0
2025-11-21,WHY-STR-1K,6,179.94,76.8,0,0.0,0.0
2025-11-21,WHY-VAN-1K,4,119.96,51.2,0,0.0,0.0
2025-11-22,ACC-SHK,2,13.98,3.4,0,0.0,0.0
2025-11-22,BAR-CHO-12,5,124.95,66.0,0,0.0,0.0
2025-11-22,BAR-PNB-12,2,49.98,26.4,0,0.0,0.0
2025-11-22,BCA-WAT,1,19.99,6.8,0,0.0,0.0
2025-11-22,CRE-300,2,39.98,11.2,0,0.0,0.0
2025-11-22,CRE-500,2,55.98,17.4,0,0.0,0.0
2025-11-22,GAI-CHO-25,2,79.98,36.8,0,0.0,0.0
2025-11-22,OMG-3-90,1,14.99,4.9,0,0.0,0.0
2025-11-22,PRE-BRA,1,24.99,8.9,0,0.0,0.0
2025-11-22,PRE-FPU,4,99.96,35.6,0,0.0,0.0
2025-11-22,VEG-CHO-1K,2,65.98,31.8,0,0.0,0.0
2025-11-22,VIT-D3-120,7,69.93,14.7,0,0.0,0.0
2025-11-22,VIT-MUL-90,5,64.95,17.0,0,0.0,0.0
2025-11-22,WHY-CHO-1K,10,299.9,128.0,0,0.0,0.0
2025-11-22,WHY-CHO-25,3,164.97,76.5,0,0.0,0.0
2025-11-22,WHY-SCA-1K,1,29.99,12.8,0,0.0,0.0
2025-11-22,WHY-STR-1K,3,89.97,38.4,0,0.0,0.0
2025-11-22,WHY-VAN-1K,6,179.94,76.8,0,0.0,0.0
2025-11-22,WHY-VAN-25,1,54.99,25.5,0,0.0,0.0
2025-11-23,ACC-SHK,4,27.96,6.8,0,0.0,0.0
2025-11-23,BAR-CHO-12,10,249.9,132.0,0,0.0,0.0
2025-11-23,BAR-PNB-12,1,24.99,13.2,0,0.0,0.0
2025-11-23,BCA-LEM,1,19.99,6.8,0,0.0,0.0
2025-11-23,CRE-300,3,59.97,16.8,0,0.0,0.0
2025-11-23,CRE-500,1,27.99,8.7,0,0.0,0.0
2025-11-23,PRE-BRA,1,24.99,8.9,0,0.0,0.0
2025-11-23,PRE-FPU,4,99.96,35.6,0,0.0,0.0
2025-11-23,VEG-BER-1K,1,32.99,15.9,0,0.0,0.0
2025-11-23,VEG-CHO-1K,5,164.95,79.5,0,0.0,0.0
2025-11-23,VIT-D3-120,2,19.98,4.2,0,0.0,0.0
2025-11-23,VIT-MUL-90,2,25.98,6.8,0,0.0,0.0
2025-11-23,WHY-CHO-1K,8,239.92,102.4,0,0.0,0.0
2025-11-23,WHY-CHO-25,2,109.98,51.0,0,0.0,0.0
2025-11-23,WHY-SCA-1K,5,149.95,64.0,0,0.0,0.0
2025-11-23,WHY-VAN-1K,5,149.95,64.0,0,0.0,0.0
2025-11-23,WHY-VAN-25,1,54.99,25.5,0,0.0,0.0
2025-11-24,ACC-SHK,2,13.98,3.4,0,0.0,0.0
2025-11-24,BAR-CHO-12,1,24.99,13.2,0,0.0,0.0
2025-11-24,BAR-PNB-12,5,124.95,66.0,0,0.0,0.0
2025-11-24,BCA-WAT,3,59.97,20.4,0,0.0,0.0
2025-11-24,CRE-300,9,179.91,50.4,0,0.0,0.0
2025-11-24,CRE-500,4,111.96,34.8,0,0.0,0.0
2025-11-24,GAI-CHO-25,2,79.98,36.8,0,0.0,0.0
2025-11-24,OMG-3-90,1,14.99,4.9,0,0.0,0.0
2025-11-24,PRE-BRA,2,49.98,17.8,0,0.0,0.0
2025-11-24,PRE-FPU,8,199.92,71.2,0,0.0,0.0
2025-11-24,VEG-CHO-1K,1,32.99,15.9,0,0.0,0.0
2025-11-24,VIT-D3-120,2,19.98,4.2,0,0.0,0.0
2025-11-24,VIT-MUL-90,6,77.94,20.4,0,0.0,0.0
2025-11-24,WHY-CHO-1K,8,239.92,102.4,0,0.0,0.0
2025-11-24,WHY-CHO-25,2,109.98,51.0,0,0.0,0.0
2025-11-24,WHY-SCA-1K,1,29.99,12.8,0,0.0,0.0
2025-11-24,WHY-STR-1K,5,149.95,64.0,0,0.0,0.0
2025-11-24,WHY-VAN-1K,4,119.96,51.2,0,0.0,0.0
2025-11-24,WHY-VAN-25,5,274.95,127.5,0,0.0,0.0
2025-11-25,ACC-SHK,2,13.98,3.4,0,0.0,0.0
2025-11-25,BAR-CHO-12,1,24.99,13.2,0,0.0,0.0
2025-11-25,BAR-PNB-12,2,49.98,26.4,0,0.0,0.0
2025-11-25,BCA-LEM,3,59.97,20.4,0,0.0,0.0
2025-11-25,BCA-WAT,1,19.99,6.8,0,0.0,0.0
2025-11-25,CRE-300,7,139.93,39.2,0,0.0,0.0
2025-11-25,GAI-CHO-25,2,79.98,36.8,0,0.0,0.0
2025-11-25,PRE-FPU,6,149.94,53.4,0,0.0,0.0
2025-11-25,VEG-CHO-1K,2,65.98,31.8,0,0.0,0.0
2025-11-25,VIT-D3-120,6,59.94,12.6,0,0.0,0.0
2025-11-25,VIT-MUL-90,2,25.98,6.8,0,0.0,0.0
2025-11-25,WHY-CHO-1K,9,269.91,115.2,0,0.0,0.0
2025-11-25,WHY-CHO-25,1,54.99,25.5,0,0.0,0.0
2025-11-25,WHY-SCA-1K,3,89.97,38.4,0,0.0,0.0
2025-11-25,WHY-STR-1K,6,179.94,76.8,0,0.0,0.0
2025-11-25,WHY-VAN-1K,5,149.95,64.0,0,0.0,0.0
2025-11-26,ACC-SHK,2,13.98,3.4,0,0.0,0.0
2025-11-26,BAR-PNB-12,4,99.96,52.8,0,0.0,0.0
2025-11-26,BCA-LEM,1,19.99,6.8,0,0.0,0.0
2025-11-26,BCA-WAT,3,59.97,20.4,0,0.0,0.0
2025-11-26,CRE-300,10,199.9,56.0,0,0.0,0.0
2025-11-26,CRE-500,4,111.96,34.8,0,0.0,0.0
2025-11-26,OMG-3-90,2,29.98,9.8,0,0.0,0.0
2025-11-26,PRE-BRA,3,74.97,26.7,0,0.0,0.0
2025-11-26,PRE-COL,2,49.98,17.8,0,0.0,0.0
2025-11-26,PRE-FPU,6,149.94,53.4,0,0.0,0.0
2025-11-26,VEG-CHO-1K,1,32.99,15.9,0,0.0,0.0
2025-11-26,VIT-D3-120,3,29.97,6.3,0,0.0,0.0
2025-11-26,VIT-MUL-90,3,38.97,10.2,0,0.0,0.0
2025-11-26,WHY-CHO-1K,15,449.85,192.0,0,0.0,0.0
2025-11-26,WHY-CHO-25,2,109.98,51.0,0,0.0,0.0
2025-11-26,WHY-SCA-1K,4,119.96,51.2,0,0.0,0.0
2025-11-26,WHY-STR-1K,3,89.97,38.4,0,0.0,0.0
2025-11-26,WHY-VAN-1K,8,239.92,102.4,0,0.0,0.0
2025-11-26,WHY-VAN-25,7,384.93,178.5,0,0.0,0.0
2025-11-27,ACC-SHK,3,20.97,5.1,0,0.0,0.0
2025-11-27,BAR-CHO-12,5,124.95,66.0,0,0.0,0.0
2025-11-27,BAR-PNB-12,1,24.99,13.2,0,0.0,0.0
2025-11-27,BCA-LEM,3,59.97,20.4,0,0.0,0.0
2025-11-27,BCA-WAT,6,119.94,40.8,0,0.0,0.0
2025-11-27,CRE-300,6,119.94,33.6,0,0.0,0.0
2025-11-27,CRE-500,7,195.93,60.9,0,0.0,0.0
2025-11-27,OMG-3-90,1,14.99,4.9,0,0.0,0.0
2025-11-27,PRE-BRA,2,49.98,17.8,0,0.0,0.0
2025-11-27,PRE-FPU,3,74.97,26.7,0,0.0,0.0
2025-11-27,VEG-BER-1K,2,65.98,31.8,0,0.0,0.0
2025-11-27,VEG-CHO-1K,1,32.99,15.9,0,0.0,0.0
2025-11-27,VIT-D3-120,8,79.92,16.8,0,0.0,0.0
2025-11-27,VIT-MUL-90,5,64.95,17.0,0,0.0,0.0
2025-11-27,WHY-CHO-1K,10,299.9,128.0,0,0.0,0.0
2025-11-27,WHY-CHO-25,3,164.97,76.5,0,0.0,0.0
2025-11-27,WHY-SCA-1K,4,119.96,51.2,0,0.0,0.0
2025-11-27,WHY-STR-1K,4,119.96,51.2,0,0.0,0.0
2025-11-27,WHY-VAN-1K,2,59.98,25.6,0,0.0,0.0
2025-11-27,WHY-VAN-25,7,384.93,178.5,0,0.0,0.0
2025-11-28,ACC-SHK,14,73.36,23.8,0,0.0,0.0
2025-11-28,BAR-CHO-12,15,281.1,198.0,0,0.0,0.0
2025-11-28,BAR-PNB-12,4,74.96,52.8,0,0.0,0.0
2025-11-28,BCA-LEM,6,89.94,40.8,0,0.0,0.0
2025-11-28,BCA-WAT,8,119.92,54.4,0,0.0,0.0
2025-11-28,CRE-300,21,314.79,117.6,0,0.0,0.0
2025-11-28,CRE-500,17,356.83,147.9,0,0.0,0.0
2025-11-28,GAI-CHO-25,6,179.94,110.4,0,0.0,0.0
2025-11-28,OMG-3-90,9,101.16,44.1,0,0.0,0.0
2025-11-28,PRE-BRA,18,337.32,160.2,0,0.0,0.0
2025-11-28,PRE-COL,1,18.74,8.9,0,0.0,0.0
2025-11-28,PRE-FPU,18,337.32,160.2,0,0.0,0.0
2025-11-28,VEG-BER-1K,3,74.22,47.7,0,0.0,0.0
2025-11-28,VEG-CHO-1K,8,197.92,127.2,0,0.0,0.0
2025-11-28,VIT-D3-120,20,149.8,42.0,0,0.0,0.0
2025-11-28,VIT-MUL-90,9,87.66,30.6,0,0.0,0.0
2025-11-28,WHY-CHO-1K,48,1079.52,614.4,0,0.0,0.0
2025-11-28,WHY-CHO-25,13,536.12,331.5,0,0.0,0.0
2025-11-28,WHY-SCA-1K,20,449.8,256.0,0,0.0,0.0
2025-11-28,WHY-STR-1K,9,202.41,115.2,0,0.0,0.0
2025-11-28,WHY-VAN-1K,28,629.72,358.4,0,0.0,0.0
2025-11-28,WHY-VAN-25,11,453.64,280.5,0,0.0,0.0
2025-11-29,ACC-SHK,22,115.28,37.4,0,0.0,0.0
2025-11-29,BAR-CHO-12,12,224.88,158.4,0,0.0,0.0
2025-11-29,BAR-PNB-12,5,93.7,66.0,0,0.0,0.0
2025-11-29,BCA-LEM,6,89.94,40.8,0,0.0,0.0
2025-11-29,BCA-WAT,5,74.95,34.0,0,0.0,0.0
2025-11-29,CRE-300,17,254.83,95.2,0,0.0,0.0
2025-11-29,CRE-500,7,146.93,60.9,0,0.0,0.0
2025-11-29,GAI-CHO-25,5,149.95,92.0,0,0.0,0.0
2025-11-29,OMG-3-90,7,78.68,34.3,0,0.0,0.0
2025-11-29,PRE-BRA,20,374.8,178.0,0,0.0,0.0
2025-11-29,PRE-COL,6,112.44,53.4,0,0.0,0.0
2025-11-29,PRE-FPU,18,337.32,160.2,0,0.0,0.0
2025-11-29,VEG-BER-1K,3,74.22,47.7,0,0.0,0.0
2025-11-29,VEG-CHO-1K,4,98.96,63.6,0,0.0,0.0
2025-11-29,VIT-D3-120,28,209.72,58.8,0,0.0,0.0
2025-11-29,VIT-MUL-90,23,224.02,78.2,0,0.0,0.0
2025-11-29,WHY-CHO-1K,38,854.62,486.4,0,0.0,0.0
2025-11-29,WHY-CHO-25,17,701.08,433.5,0,0.0,0.0
2025-11-29,WHY-SCA-1K,16,359.84,204.8,0,0.0,0.0
2025-11-29,WHY-STR-1K,16,359.84,204.8,0,0.0,0.0
2025-11-29,WHY-VAN-1K,27,607.23,345.6,0,0.0,0.0
2025-11-29,WHY-VAN-25,8,329.92,204.0,0,0.0,0.0
2025-11-30,ACC-SHK,27,141.48,45.9,0,0.0,0.0
2025-11-30,BAR-CHO-12,15,281.1,198.0,0,0.0,0.0
2025-11-30,BAR-PNB-12,8,149.92,105.6,0,0.0,0.0
2025-11-30,BCA-LEM,6,89.94,40.8,0,0.0,0.0
2025-11-30,BCA-WAT,8,119.92,54.4,0,0.0,0.0
2025-11-30,CRE-300,30,449.7,168.0,0,0.0,0.0
2025-11-30,CRE-500,19,398.81,165.3,0,0.0,0.0
2025-11-30,GAI-CHO-25,4,119.96,73.6,0,0.0,0.0
2025-11-30,OMG-3-90,14,157.36,68.6,0,0.0,0.0
2025-11-30,PRE-BRA,12,224.88,106.8,0,0.0,0.0
2025-11-30,PRE-COL,5,93.7,44.5,0,0.0,0.0
2025-11-30,PRE-FPU,18,337.32,160.2,0,0.0,0.0
2025-11-30,VEG-BER-1K,3,74.22,47.7,0,0.0,0.0
2025-11-30,VEG-CHO-1K,6,148.44,95.4,0,0.0,0.0
2025-11-30,VIT-D3-120,24,179.76,50.4,0,0.0,0.0
2025-11-30,VIT-MUL-90,14,136.36,47.6,0,0.0,0.0
2025-11-30,WHY-CHO-1K,27,607.23,345.6,0,0.0,0.0
2025-11-30,WHY-CHO-25,18,742.32,459.0,0,0.0,0.0
2025-11-30,WHY-SCA-1K,20,449.8,256.0,0,0.0,0.0
2025-11-30,WHY-STR-1K,3,67.47,38.4,0,0.0,0.0
2025-11-30,WHY-VAN-1K,15,337.35,192.0,0,0.0,0.0
2025-11-30,WHY-VAN-25,20,824.8,510.0,0,0.0,0.0
2025-12-01,ACC-SHK,19,99.56,32.3,0,0.0,0.0
2025-12-01,BAR-CHO-12,7,131.18,92.4,0,0.0,0.0
2025-12-01,BAR-PNB-12,6,112.44,79.2,0,0.0,0.0
2025-12-01,BCA-LEM,3,44.97,20.4,0,0.0,0.0
2025-12-01,BCA-WAT,7,104.93,47.6,0,0.0,0.0
2025-12-01,CRE-300,31,464.69,173.6,0,0.0,0.0
2025-12-01,CRE-500,16,335.84,139.2,0,0.0,0.0
2025-12-01,GAI-CHO-25,4,119.96,73.6,0,0.0,0.0
2025-12-01,OMG-3-90,4,44.96,19.6,0,0.0,0.0
2025-12-01,PRE-BRA,17,318.58,151.3,0,0.0,0.0
2025-12-01,PRE-COL,3,56.22,26.7,0,0.0,0.0
2025-12-01,PRE-FPU,17,318.58,151.3,0,0.0,0.0
2025-12-01,VEG-BER-1K,2,49.48,31.8,0,0.0,0.0
2025-12-01,VEG-CHO-1K,7,173.18,111.3,0,0.0,0.0
2025-12-01,VIT-D3-120,23,172.27,48.3,0,0.0,0.0
2025-12-01,VIT-MUL-90,7,68.18,23.8,0,0.0,0.0
2025-12-01,WHY-CHO-1K,38,854.62,486.4,0,0.0,0.0
2025-12-01,WHY-CHO-25,11,453.64,280.5,0,0.0,0.0
2025-12-01,WHY-SCA-1K,11,247.39,140.8,0,0.0,0.0
2025-12-01,WHY-STR-1K,16,359.84,204.8,0,0.0,0.0
2025-12-01,WHY-VAN-1K,28,629.72,358.4,0,0.0,0.0
2025-12-01,WHY-VAN-25,9,371.16,229.5,0,0.0,0.0
2025-12-02,ACC-SHK,1,6.99,1.7,0,0.0,0.0
2025-12-02,BAR-CHO-12,4,99.96,52.8,0,0.0,0.0
2025-12-02,BAR-PNB-12,2,49.98,26.4,0,0.0,0.0
2025-12-02,CRE-300,3,59.97,16.8,0,0.0,0.0
2025-12-02,CRE-500,4,111.96,34.8,0,0.0,0.0
2025-12-02,GAI-CHO-25,1,39.99,18.4,0,0.0,0.0
2025-12-02,OMG-3-90,1,14.99,4.9,0,0.0,0.0
2025-12-02,PRE-BRA,7,174.93,62.3,0,0.0,0.0
2025-12-02,VEG-CHO-1K,1,32.99,15.9,0,0.0,0.0
2025-12-02,VIT-D3-120,3,29.97,6.3,0,0.0,0.0
2025-12-02,VIT-MUL-90,4,51.96,13.6,0,0.0,0.0
2025-12-02,WHY-CHO-1K,4,119.96,51.2,0,0.0,0.0
2025-12-02,WHY-CHO-25,2,109.98,51.0,0,0.0,0.0
2025-12-02,WHY-STR-1K,2,59.98,25.6,0,0.0,0.0
2025-12-02,WHY-VAN-1K,4,119.96,51.2,0,0.0,0.0
2025-12-02,WHY-VAN-25,1,54.99,25.5,0,0.0,0.0
2025-12-03,ACC-SHK,2,13.98,3.4,0,0.0,0.0
2025-12-03,BAR-CHO-12,3,74.97,39.6,0,0.0,0.0
2025-12-03,BAR-PNB-12,3,74.97,39.6,0,0.0,0.0
2025-12-03,BCA-WAT,1,19.99,6.8,0,0.0,0.0
2025-12-03,CRE-300,5,99.95,28.0,0,0.0,0.0
2025-12-03,CRE-500,1,27.99,8.7,0,0.0,0.0
2025-12-03,OMG-3-90,5,74.95,24.5,0,0.0,0.0
2025-12-03,PRE-BRA,3,74.97,26.7,0,0.0,0.0
2025-12-03,PRE-FPU,4,99.96,35.6,0,0.0,0.0
2025-12-03,VEG-BER-1K,1,32.99,15.9,0,0.0,0.0
2025-12-03,VEG-CHO-1K,1,32.99,15.9,0,0.0,0.0
2025-12-03,VIT-D3-120,7,69.93,14.7,0,0.0,0.0
2025-12-03,VIT-MUL-90,4,51.96,13.6,0,0.0,0.0
2025-12-03,WHY-CHO-1K,9,269.91,115.2,0,0.0,0.0
2025-12-03,WHY-CHO-25,3,164.97,76.5,0,0.0,0.0
2025-12-03,WHY-SCA-1K,6,179.94,76.8,0,0.0,0.0
2025-12-03,WHY-STR-1K,3,89.97,38.4,0,0.0,0.0
2025-12-03,WHY-VAN-1K,5,149.95,64.0,0,0.0,0.0
2025-12-03,WHY-VAN-25,3,164.97,76.5,0,0.0,0.0
2025-12-04,ACC-SHK,4,27.96,6.8,0,0.0,0.0
2025-12-04,BAR-CHO-12,4,99.96,52.8,0,0.0,0.0
2025-12-04,BAR-PNB-12,2,49.98,26.4,0,0.0,0.0
2025-12-04,BCA-WAT,2,39.98,13.6,0,0.0,0.0
2025-12-04,CRE-300,16,319.84,89.6,0,0.0,0.0
2025-12-04,CRE-500,10,279.9,87.0,0,0.0,0.0
2025-12-04,GAI-CHO-25,1,39.99,18.4,0,0.0,0.0
2025-12-04,OMG-3-90,4,59.96,19.6,0,0.0,0.0
2025-12-04,PRE-BRA,10,249.9,89.0,0,0.0,0.0
2025-12-04,PRE-FPU,5,124.95,44.5,0,0.0,0.0
2025-12-04,VEG-BER-1K,2,65.98,31.8,0,0.0,0.0
2025-12-04,VEG-CHO-1K,6,197.94,95.4,0,0.0,0.0
2025-12-04,VIT-D3-120,6,59.94,12.6,0,0.0,0.0
2025-12-04,VIT-MUL-90,6,77.94,20.4,0,0.0,0.0
2025-12-04,WHY-CHO-1K,14,419.86,179.2,0,0.0,0.0
2025-12-04,WHY-CHO-25,4,219.96,102.0,0,0.0,0.0
2025-12-04,WHY-SCA-1K,2,59.98,25.6,0,0.0,0.0
2025-12-04,WHY-STR-1K,2,59.98,25.6,0,0.0,0.0
2025-12-04,WHY-VAN-1K,16,479.84,204.8,0,0.0,0.0
2025-12-04,WHY-VAN-25,5,274.95,127.5,0,0.0,0.0
2025-12-05,ACC-SHK,2,13.98,3.4,0,0.0,0.0
2025-12-05,BAR-CHO-12,2,49.98,26.4,0,0.0,0.0
2025-12-05,BAR-PNB-12,1,24.99,13.2,0,0.0,0.0
2025-12-05,BCA-WAT,3,59.97,20.4,0,0.0,0.0
2025-12-05,CRE-300,2,39.98,11.2,0,0.0,0.0
2025-12-05,CRE-500,3,83.97,26.1,0,0.0,0.0
2025-12-05,OMG-3-90,1,14.99,4.9,0,0.0,0.0
2025-12-05,PRE-BRA,2,49.98,17.8,0,0.0,0.0
2025-12-05,PRE-FPU,5,124.95,44.5,0,0.0,0.0
2025-12-05,VEG-BER-1K,1,32.99,15.9,0,0.0,0.0
2025-12-05,VEG-CHO-1K,1,32.99,15.9,0,0.0,0.0
2025-12-05,VIT-D3-120,2,19.98,4.2,0,0.0,0.0
2025-12-05,VIT-MUL-90,1,12.99,3.4,0,0.0,0.0
2025-12-05,WHY-CHO-1K,3,89.97,38.4,0,0.0,0.0
2025-12-05,WHY-CHO-25,1,54.99,25.5,0,0.0,0.0
2025-12-05,WHY-STR-1K,1,29.99,12.8,0,0.0,0.0
2025-12-06,ACC-SHK,4,27.96,6.8,0,0.0,0.0
2025-12-06,BAR-CHO-12,3,74.97,39.6,0,0.0,0.0
2025-12-06,BCA-LEM,3,59.97,20.4,0,0.0,0.0
2025-12-06,BCA-WAT,3,59.97,20.4,0,0.0,0.0
2025-12-06,CRE-500,2,55.98,17.4,0,0.0,0.0
2025-12-06,GAI-CHO-25,3,119.97,55.2,0,0.0,0.0
2025-12-06,PRE-FPU,1,24.99,8.9,0,0.0,0.0
2025-12-06,VEG-BER-1K,2,65.98,31.8,0,0.0,0.0
2025-12-06,VEG-CHO-1K,1,32.99,15.9,0,0.0,0.0
2025-12-06,VIT-D3-120,6,59.94,12.6,0,0.0,0.0
2025-12-06,WHY-CHO-1K,8,239.92,102.4,0,0.0,0.0
2025-12-06,WHY-CHO-25,1,54.99,25.5,0,0.0,0.0
2025-12-06,WHY-SCA-1K,2,59.98,25.6,0,0.0,0.0
2025-12-06,WHY-VAN-1K,5,149.95,64.0,0,0.0,0.0
2025-12-06,WHY-VAN-25,1,54.99,25.5,0,0.0,0.0
2025-12-07,ACC-SHK,6,41.94,10.2,0,0.0,0.0
2025-12-07,BAR-CHO-12,2,49.98,26.4,0,0.0,0.0
2025-12-07,BCA-LEM,1,19.99,6.8,0,0.0,0.0
2025-12-07,BCA-WAT,5,99.95,34.0,0,0.0,0.0
2025-12-07,CRE-300,7,139.93,39.2,0,0.0,0.0
2025-12-07,CRE-500,4,111.96,34.8,0,0.0,0.0
2025-12-07,OMG-3-90,1,14.99,4.9,0,0.0,0.0
2025-12-07,PRE-BRA,1,24.99,8.9,0,0.0,0.0
2025-12-07,PRE-FPU,4,99.96,35.6,0,0.0,0.0
2025-12-07,VEG-BER-1K,2,65.98,31.8,0,0.0,0.0
2025-12-07,VEG-CHO-1K,3,98.97,47.7,0,0.0,0.0
2025-12-07,VIT-D3-120,2,19.98,4.2,0,0.0,0.0
2025-12-07,VIT-MUL-90,6,77.94,20.4,0,0.0,0.0
2025-12-07,WHY-CHO-1K,7,209.93,89.6,0,0.0,0.0
2025-12-07,WHY-CHO-25,5,274.95,127.5,0,0.0,0.0
2025-12-07,WHY-SCA-1K,3,89.97,38.4,0,0.0,0.0
2025-12-07,WHY-STR-1K,3,89.97,38.4,0,0.0,0.0
2025-12-07,WHY-VAN-1K,2,59.98,25.6,0,0.0,0.0
2025-12-07,WHY-VAN-25,2,109.98,51.0,0,0.0,0.0
2025-12-08,ACC-SHK,4,27.96,6.8,0,0.0,0.0
2025-12-08,BAR-CHO-12,1,24.99,13.2,0,0.0,0.0
2025-12-08,BAR-PNB-12,3,74.97,39.6,0,0.0,0.0
2025-12-08,BCA-WAT,3,59.97,20.4,0,0.0,0.0
2025-12-08,CRE-300,3,59.97,16.8,0,0.0,0.0
2025-12-08,CRE-500,4,111.96,34.8,0,0.0,0.0
2025-12-08,GAI-CHO-25,3,119.97,55.2,0,0.0,0.0
2025-12-08,PRE-BRA,2,49.98,17.8,0,0.0,0.0
2025-12-08,PRE-FPU,1,24.99,8.9,0,0.0,0.0
2025-12-08,VEG-BER-1K,1,32.99,15.9,0,0.0,0.0
2025-12-08,VEG-CHO-1K,1,32.99,15.9,0,0.0,0.0
2025-12-08,VIT-D3-120,2,19.98,4.2,0,0.0,0.0
2025-12-08,VIT-MUL-90,2,25.98,6.8,0,0.0,0.0
2025-12-08,WHY-CHO-1K,3,89.97,38.4,0,0.0,0.0
2025-12-08,WHY-CHO-25,4,219.96,102.0,0,0.0,0.0
2025-12-08,WHY-SCA-1K,4,119.96,51.2,0,0.0,0.0
2025-12-08,WHY-STR-1K,1,29.99,12.8,0,0.0,0.0
2025-12-08,WHY-VAN-1K,2,59.98,25.6,0,0.0,0.0
2025-12-09,BCA-LEM,2,39.98,13.6,0,0.0,0.0
2025-12-09,CRE-300,3,59.97,16.8,0,0.0,0.0
2025-12-09,CRE-500,3,83.97,26.1,0,0.0,0.0
2025-12-09,GAI-CHO-25,2,79.98,36.8,0,0.0,0.0
2025-12-09,OMG-3-90,1,14.99,4.9,0,0.0,0.0
2025-12-09,PRE-FPU,4,99.96,35.6,0,0.0,0.0
2025-12-09,VEG-CHO-1K,3,98.97,47.7,0,0.0,0.0
2025-12-09,VIT-D3-120,6,59.94,12.6,0,0.0,0.0
2025-12-09,WHY-CHO-1K,7,209.93,89.6,0,0.0,0.0
2025-12-09,WHY-CHO-25,6,329.94,153.0,0,0.0,0.0
2025-12-09,WHY-SCA-1K,3,89.97,38.4,0,0.0,0.0
2025-12-09,WHY-STR-1K,3,89.97,38.4,0,0.0,0.0
2025-12-09,WHY-VAN-1K,7,209.93,89.6,0,0.0,0.0
2025-12-09,WHY-VAN-25,2,109.98,51.0,0,0.0,0.0
2025-12-10,ACC-SHK,4,27.96,6.8,0,0.0,0.0
2025-12-10,BCA-LEM,1,19.99,6.8,0,0.0,0.0
2025-12-10,BCA-WAT,1,19.99,6.8,0,0.0,0.0
2025-12-10,CRE-300,8,159.92,44.8,0,0.0,0.0
2025-12-10,CRE-500,2,55.98,17.4,0,0.0,0.0
2025-12-10,OMG-3-90,4,59.96,19.6,0,0.0,0.0
2025-12-10,PRE-BRA,6,149.94,53.4,0,0.0,0.0
2025-12-10,PRE-FPU,1,24.99,8.9,0,0.0,0.0
2025-12-10,VEG-BER-1K,1,32.99,15.9,0,0.0,0.0
2025-12-10,VEG-CHO-1K,4,131.96,63.6,0,0.0,0.0
2025-12-10,VIT-D3-120,6,59.94,12.6,0,0.0,0.0
2025-12-10,VIT-MUL-90,5,64.95,17.0,0,0.0,0.0
2025-12-10,WHY-CHO-1K,7,209.93,89.6,0,0.0,0.0
2025-12-10,WHY-CHO-25,1,54.99,25.5,0,0.0,0.0
2025-12-10,WHY-SCA-1K,3,89.97,38.4,0,0.0,0.0
2025-12-10,WHY-STR-1K,1,29.99,12.8,0,0.0,0.0
2025-12-10,WHY-VAN-1K,5,149.95,64.0,0,0.0,0.0
2025-12-11,ACC-SHK,9,62.91,15.3,0,0.0,0.0
2025-12-11,BAR-CHO-12,5,124.95,66.0,0,0.0,0.0
2025-12-11,BAR-PNB-12,2,49.98,26.4,0,0.0,0.0
2025-12-11,BCA-LEM,4,79.96,27.2,0,0.0,0.0
2025-12-11,BCA-WAT,1,19.99,6.8,0,0.0,0.0
2025-12-11,CRE-300,6,119.94,33.6,0,0.0,0.0
2025-12-11,CRE-500,4,111.96,34.8,0,0.0,0.0
2025-12-11,GAI-CHO-25,1,39.99,18.4,0,0.0,0.0
2025-12-11,OMG-3-90,5,74.95,24.5,0,0.0,0.0
2025-12-11,PRE-COL,1,24.99,8.9,0,0.0,0.0
2025-12-11,PRE-FPU,4,99.96,35.6,0,0.0,0.0
2025-12-11,VEG-BER-1K,2,65.98,31.8,0,0.0,0.0
2025-12-11,VEG-CHO-1K,5,164.95,79.5,0,0.0,0.0
2025-12-11,VIT-D3-120,6,59.94,12.6,0,0.0,0.0
2025-12-11,VIT-MUL-90,5,64.95,17.0,0,0.0,0.0
2025-12-11,WHY-CHO-1K,10,299.9,128.0,0,0.0,0.0
2025-12-11,WHY-CHO-25,4,219.96,102.0,0,0.0,0.0
2025-12-11,WHY-SCA-1K,5,149.95,64.0,0,0.0,0.0
2025-12-11,WHY-STR-1K,4,119.96,51.2,0,0.0,0.0
2025-12-11,WHY-VAN-1K,2,59.98,25.6,0,0.0,0.0
2025-12-11,WHY-VAN-25,1,54.99,25.5,0,0.0,0.0
2025-12-12,ACC-SHK,4,27.96,6.8,0,0.0,0.0
2025-12-12,BAR-CHO-12,1,24.99,13.2,0,0.0,0.0
2025-12-12,BAR-PNB-12,1,24.99,13.2,0,0.0,0.0
2025-12-12,BCA-WAT,1,19.99,6.8,0,0.0,0.0
2025-12-12,CRE-300,2,39.98,11.2,0,0.0,0.0
2025-12-12,CRE-500,6,167.94,52.2,0,0.0,0.0
2025-12-12,OMG-3-90,5,74.95,24.5,0,0.0,0.0
2025-12-12,PRE-BRA,6,149.94,53.4,0,0.0,0.0
2025-12-12,PRE-COL,1,24.99,8.9,0,0.0,0.0
2025-12-12,PRE-FPU,4,99.96,35.6,0,0.0,0.0
2025-12-12,VEG-CHO-1K,3,98.97,47.7,0,0.0,0.0
2025-12-12,VIT-D3-120,2,19.98,4.2,0,0.0,0.0
2025-12-12,VIT-MUL-90,1,12.99,3.4,0,0.0,0.0
2025-12-12,WHY-CHO-1K,14,419.86,179.2,0,0.0,0.0
2025-12-12,WHY-CHO-25,2,109.98,51.0,0,0.0,0.0
2025-12-12,WHY-SCA-1K,5,149.95,64.0,0,0.0,0.0
2025-12-12,WHY-STR-1K,1,29.99,12.8,0,0.0,0.0
2025-12-12,WHY-VAN-1K,2,59.98,25.6,0,0.0,0.0
2025-12-13,ACC-SHK,2,13.98,3.4,0,0.0,0.0
2025-12-13,BAR-CHO-12,2,49.98,26.4,0,0.0,0.0
2025-12-13,BAR-PNB-12,2,49.98,26.4,0,0.0,0.0
2025-12-13,BCA-LEM,1,19.99,6.8,0,0.0,0.0
2025-12-13,CRE-300,4,79.96,22.4,0,0.0,0.0
2025-12-13,CRE-500,5,139.95,43.5,0,0.0,0.0
2025-12-13,OMG-3-90,1,14.99,4.9,0,0.0,0.0
2025-12-13,PRE-BRA,2,49.98,17.8,0,0.0,0.0
2025-12-13,PRE-COL,1,24.99,8.9,0,0.0,0.0
2025-12-13,PRE-FPU,4,99.96,35.6,0,0.0,0.0
2025-12-13,VEG-CHO-1K,2,65.98,31.8,0,0.0,0.0
2025-12-13,VIT-D3-120,1,9.99,2.1,0,0.0,0.0
2025-12-13,VIT-MUL-90,4,51.96,13.6,0,0.0,0.0
2025-12-13,WHY-CHO-1K,6,179.94,76.8,0,0.0,0.0
2025-12-13,WHY-CHO-25,2,109.98,51.0,0,0.0,0.0
2025-12-13,WHY-SCA-1K,2,59.98,25.6,0,0.0,0.0
2025-12-13,WHY-STR-1K,2,59.98,25.6,0,0.0,0.0
2025-12-13,WHY-VAN-1K,2,59.98,25.6,0,0.0,0.0
2025-12-14,BAR-CHO-12,3,74.97,39.6,0,0.0,0.0
2025-12-14,BAR-PNB-12,1,24.99,13.2,0,0.0,0.0
2025-12-14,CRE-300,5,99.95,28.0,0,0.0,0.0
2025-12-14,CRE-500,2,55.98,17.4,0,0.0,0.0
2025-12-14,GAI-CHO-25,2,79.98,36.8,0,0.0,0.0
2025-12-14,PRE-BRA,2,49.98,17.8,0,0.0,0.0
2025-12-14,PRE-COL,4,99.96,35.6,0,0.0,0.0
2025-12-14,PRE-FPU,1,24.99,8.9,0,0.0,0.0
2025-12-14,VIT-MUL-90,1,12.99,3.4,0,0.0,0.0
2025-12-14,WHY-CHO-1K,2,59.98,25.6,0,0.0,0.0
2025-12-14,WHY-CHO-25,3,164.97,76.5,0,0.0,0.0
2025-12-14,WHY-SCA-1K,5,149.95,64.0,0,0.0,0.0
2025-12-14,WHY-VAN-1K,4,119.96,51.2,0,0.0,0.0
2025-12-14,WHY-VAN-25,1,54.99,25.5,0,0.0,0.0
2025-12-15,ACC-SHK,4,27.96,6.8,0,0.0,0.0
2025-12-15,BAR-CHO-12,1,24.99,13.2,0,0.0,0.0
2025-12-15,CRE-300,3,59.97,16.8,0,0.0,0.0
2025-12-15,CRE-500,1,27.99,8.7,0,0.0,0.0
2025-12-15,GAI-CHO-25,2,79.98,36.8,0,0.0,0.0
2025-12-15,PRE-COL,1,24.99,8.9,0,0.0,0.0
2025-12-15,PRE-FPU,7,174.93,62.3,0,0.0,0.0
2025-12-15,VEG-CHO-1K,1,32.99,15.9,0,0.0,0.0
2025-12-15,VIT-D3-120,3,29.97,6.3,0,0.0,0.0
2025-12-15,VIT-MUL-90,1,12.99,3.4,0,0.0,0.0
2025-12-15,WHY-CHO-1K,7,209.93,89.6,0,0.0,0.0
2025-12-15,WHY-CHO-25,1,54.99,25.5,0,0.0,0.0
2025-12-15,WHY-SCA-1K,1,29.99,12.8,0,0.0,0.0
2025-12-15,WHY-STR-1K,1,29.99,12.8,0,0.0,0.0
2025-12-15,WHY-VAN-1K,3,89.97,38.4,0,0.0,0.0
2025-12-15,WHY-VAN-25,2,109.98,51.0,0,0.0,0.0
2025-12-16,ACC-SHK,5,34.95,8.5,0,0.0,0.0
2025-12-16,BAR-CHO-12,3,74.97,39.6,0,0.0,0.0
2025-12-16,BAR-PNB-12,2,49.98,26.4,0,0.0,0.0
2025-12-16,BCA-WAT,1,19.99,6.8,0,0.0,0.0
2025-12-16,CRE-300,4,79.96,22.4,0,0.0,0.0
2025-12-16,CRE-500,5,139.95,43.5,0,0.0,0.0
2025-12-16,GAI-CHO-25,1,39.99,18.4,0,0.0,0.0
2025-12-16,OMG-3-90,1,14.99,4.9,0,0.0,0.0
2025-12-16,PRE-BRA,3,74.97,26.7,0,0.0,0.0
2025-12-16,PRE-FPU,2,49.98,17.8,0,0.0,0.0
2025-12-16,VEG-CHO-1K,2,65.98,31.8,0,0.0,0.0
2025-12-16,VIT-D3-120,5,49.95,10.5,0,0.0,0.0
2025-12-16,VIT-MUL-90,5,64.95,17.0,0,0.0,0.0
2025-12-16,WHY-CHO-1K,13,389.87,166.4,0,0.0,0.0
2025-12-16,WHY-CHO-25,4,219.96,102.0,0,0.0,0.0
2025-12-16,WHY-SCA-1K,3,89.97,38.4,0,0.0,0.0
2025-12-16,WHY-STR-1K,2,59.98,25.6,0,0.0,0.0
2025-12-16,WHY-VAN-1K,4,119.96,51.2,0,0.0,0.0
2025-12-16,WHY-VAN-25,3,164.97,76.5,0,0.0,0.0
2025-12-17,ACC-SHK,4,27.96,6.8,0,0.0,0.0
2025-12-17,BAR-CHO-12,4,99.96,52.8,0,0.0,0.0
2025-12-17,BAR-PNB-12,1,24.99,13.2,0,0.0,0.0
2025-12-17,BCA-LEM,1,19.99,6.8,0,0.0,0.0
2025-12-17,BCA-WAT,3,59.97,20.4,0,0.0,0.0
2025-12-17,CRE-300,6,119.94,33.6,0,0.0,0.0
2025-12-17,CRE-500,3,83.97,26.1,0,0.0,0.0
2025-12-17,PRE-BRA,1,24.99,8.9,0,0.0,0.0
2025-12-17,PRE-FPU,6,149.94,53.4,0,0.0,0.0
2025-12-17,VEG-BER-1K,1,32.99,15.9,0,0.0,0.0
2025-12-17,VEG-CHO-1K,2,65.98,31.8,0,0.0,0.0
2025-12-17,VIT-D3-120,14,139.86,29.4,0,0.0,0.0
2025-12-17,VIT-MUL-90,7,90.93,23.8,0,0.0,0.0
2025-12-17,WHY-CHO-1K,8,239.92,102.4,0,0.0,0.0
2025-12-17,WHY-CHO-25,2,109.98,51.0,0,0.0,0.0
2025-12-17,WHY-SCA-1K,4,119.96,51.2,0,0.0,0.0
2025-12-17,WHY-STR-1K,1,29.99,12.8,0,0.0,0.0
2025-12-17,WHY-VAN-1K,4,119.96,51.2,0,0.0,0.0
2025-12-17,WHY-VAN-25,2,109.98,51.0,0,0.0,0.0
2025-12-18,ACC-SHK,3,20.97,5.1,0,0.0,0.0
2025-12-18,BAR-CHO-12,3,74.97,39.6,0,0.0,0.0
2025-12-18,BAR-PNB-12,1,24.99,13.2,0,0.0,0.0
2025-12-18,BCA-LEM,8,159.92,54.4,0,0.0,0.0
2025-12-18,BCA-WAT,3,59.97,20.4,0,0.0,0.0
2025-12-18,CRE-300,11,219.89,61.6,0,0.0,0.0
2025-12-18,CRE-500,7,195.93,60.9,0,0.0,0.0
2025-12-18,GAI-CHO-25,3,119.97,55.2,0,0.0,0.0
2025-12-18,OMG-3-90,4,59.96,19.6,0,0.0,0.0
2025-12-18,PRE-BRA,3,74.97,26.7,0,0.0,0.0
2025-12-18,PRE-FPU,5,124.95,44.5,0,0.0,0.0
2025-12-18,VEG-BER-1K,1,32.99,15.9,0,0.0,0.0
2025-12-18,VEG-CHO-1K,4,131.96,63.6,0,0.0,0.0
2025-12-18,VIT-D3-120,4,39.96,8.4,0,0.0,0.0
2025-12-18,VIT-MUL-90,4,51.96,13.6,0,0.0,0.0
2025-12-18,WHY-CHO-1K,7,209.93,89.6,0,0.0,0.0
2025-12-18,WHY-CHO-25,7,384.93,178.5,0,0.0,0.0
2025-12-18,WHY-SCA-1K,3,89.97,38.4,0,0.0,0.0
2025-12-18,WHY-STR-1K,5,149.95,64.0,0,0.0,0.0
2025-12-18,WHY-VAN-1K,6,179.94,76.8,0,0.0,0.0
2025-12-18,WHY-VAN-25,6,329.94,153.0,0,0.0,0.0
2025-12-19,BAR-CHO-12,1,24.99,13.2,0,0.0,0.0
2025-12-19,BAR-PNB-12,1,24.99,13.2,0,0.0,0.0
2025-12-19,CRE-300,2,39.98,11.2,0,0.0,0.0
2025-12-19,CRE-500,1,27.99,8.7,0,0.0,0.0
2025-12-19,OMG-3-90,1,14.99,4.9,0,0.0,0.0
2025-12-19,PRE-BRA,1,24.99,8.9,0,0.0,0.0
2025-12-19,PRE-FPU,1,24.99,8.9,0,0.0,0.0
2025-12-19,VEG-CHO-1K,3,98.97,47.7,0,0.0,0.0
2025-12-19,VIT-D3-120,4,39.96,8.4,0,0.0,0.0
2025-12-19,WHY-CHO-1K,5,149.95,64.0,0,0.0,0.0
2025-12-19,WHY-CHO-25,3,164.97,76.5,0,0.0,0.0
2025-12-19,WHY-SCA-1K,2,59.98,25.6,0,0.0,0.0
2025-12-19,WHY-STR-1K,1,29.99,12.8,0,0.0,0.0
2025-12-19,WHY-VAN-25,1,54.99,25.5,0,0.0,0.0
2025-12-20,ACC-SHK,3,20.97,5.1,0,0.0,0.0
2025-12-20,BAR-CHO-12,5,124.95,66.0,0,0.0,0.0
2025-12-20,BAR-PNB-12,2,49.98,26.4,0,0.0,0.0
2025-12-20,BCA-LEM,4,79.96,27.2,0,0.0,0.0
2025-12-20,BCA-WAT,2,39.98,13.6,0,0.0,0.0
2025-12-20,CRE-300,2,39.98,11.2,0,0.0,0.0
2025-12-20,CRE-500,1,27.99,8.7,0,0.0,0.0
2025-12-20,OMG-3-90,1,14.99,4.9,0,0.0,0.0
2025-12-20,PRE-COL,1,24.99,8.9,0,0.0,0.0
2025-12-20,PRE-FPU,4,99.96,35.6,0,0.0,0.0
2025-12-20,VEG-CHO-1K,5,164.95,79.5,0,0.0,0.0
2025-12-20,VIT-D3-120,5,49.95,10.5,0,0.0,0.0
2025-12-20,VIT-MUL-90,5,64.95,17.0,0,0.0,0.0
2025-12-20,WHY-CHO-1K,10,299.9,128.0,0,0.0,0.0
2025-12-20,WHY-CHO-25,2,109.98,51.0,0,0.0,0.0
2025-12-20,WHY-SCA-1K,6,179.94,76.8,0,0.0,0.0
2025-12-20,WHY-VAN-1K,2,59.98,25.6,0,0.0,0.0
2025-12-20,WHY-VAN-25,2,109.98,51.0,0,0.0,0.0
2025-12-21,BAR-CHO-12,1,24.99,13.2,0,0.0,0.0
2025-12-21,BCA-LEM,2,39.98,13.6,0,0.0,0.0
2025-12-21,BCA-WAT,1,19.99,6.8,0,0.0,0.0
2025-12-21,CRE-300,5,99.95,28.0,0,0.0,0.0
2025-12-21,CRE-500,2,55.98,17.4,0,0.0,0.0
2025-12-21,GAI-CHO-25,1,39.99,18.4,0,0.0,0.0
2025-12-21,PRE-BRA,3,74.97,26.7,0,0.0,0.0
2025-12-21,PRE-FPU,3,74.97,26.7,0,0.0,0.0
2025-12-21,VIT-D3-120,1,9.99,2.1,0,0.0,0.0
2025-12-21,VIT-MUL-90,8,103.92,27.2,0,0.0,0.0
2025-12-21,WHY-CHO-1K,10,299.9,128.0,0,0.0,0.0
2025-12-21,WHY-CHO-25,8,439.92,204.0,0,0.0,0.0
2025-12-21,WHY-SCA-1K,2,59.98,25.6,0,0.0,0.0
2025-12-21,WHY-STR-1K,1,29.99,12.8,0,0.0,0.0
2025-12-21,WHY-VAN-1K,9,269.91,115.2,0,0.0,0.0
2025-12-22,ACC-SHK,1,6.99,1.7,0,0.0,0.0
2025-12-22,BAR-PNB-12,1,24.99,13.2,0,0.0,0.0
2025-12-22,BCA-LEM,2,39.98,13.6,0,0.0,0.0
2025-12-22,CRE-300,5,99.95,28.0,0,0.0,0.0
2025-12-22,CRE-500,6,167.94,52.2,0,0.0,0.0
2025-12-22,GAI-CHO-25,2,79.98,36.8,0,0.0,0.0
2025-12-22,OMG-3-90,2,29.98,9.8,0,0.0,0.0
2025-12-22,PRE-BRA,3,74.97,26.7,0,0.0,0.0
2025-12-22,PRE-FPU,4,99.96,35.6,0,0.0,0.0
2025-12-22,VEG-CHO-1K,3,98.97,47.7,0,0.0,0.0
2025-12-22,VIT-D3-120,3,29.97,6.3,0,0.0,0.0
2025-12-22,VIT-MUL-90,6,77.94,20.4,0,0.0,0.0
2025-12-22,WHY-CHO-1K,7,209.93,89.6,0,0.0,0.0
2025-12-22,WHY-CHO-25,4,219.96,102.0,0,0.0,0.0
2025-12-22,WHY-SCA-1K,2,59.98,25.6,0,0.0,0.0
2025-12-22,WHY-STR-1K,2,59.98,25.6,0,0.0,0.0
2025-12-22,WHY-VAN-1K,2,59.98,25.6,0,0.0,0.0
2025-12-22,WHY-VAN-25,3,164.97,76.5,0,0.0,0.0
2025-12-23,BAR-PNB-12,2,49.98,26.4,0,0.0,0.0
2025-12-23,BCA-LEM,1,19.99,6.8,0,0.0,0.0
2025-12-23,BCA-WAT,1,19.99,6.8,0,0.0,0.0
2025-12-23,CRE-300,5,99.95,28.0,0,0.0,0.0
2025-12-23,CRE-500,1,27.99,8.7,0,0.0,0.0
2025-12-23,PRE-BRA,7,174.93,62.3,0,0.0,0.0
2025-12-23,PRE-FPU,1,24.99,8.9,0,0.0,0.0
2025-12-23,VEG-CHO-1K,1,32.99,15.9,0,0.0,0.0
2025-12-23,VIT-D3-120,2,19.98,4.2,0,0.0,0.0
2025-12-23,VIT-MUL-90,1,12.99,3.4,0,0.0,0.0
2025-12-23,WHY-CHO-1K,5,149.95,64.0,0,0.0,0.0
2025-12-23,WHY-CHO-25,4,219.96,102.0,0,0.0,0.0
2025-12-23,WHY-SCA-1K,1,29.99,12.8,0,0.0,0.0
2025-12-23,WHY-STR-1K,2,59.98,25.6,0,0.0,0.0
2025-12-23,WHY-VAN-1K,4,119.96,51.2,0,0.0,0.0
2025-12-23,WHY-VAN-25,2,109.98,51.0,0,0.0,0.0
2025-12-24,ACC-SHK,3,20.97,5.1,0,0.0,0.0
2025-12-24,BAR-CHO-12,1,24.99,13.2,0,0.0,0.0
2025-12-24,BAR-PNB-12,2,49.98,26.4,0,0.0,0.0
2025-12-24,BCA-WAT,1,19.99,6.8,0,0.0,0.0
2025-12-24,CRE-300,9,179.91,50.4,0,0.0,0.0
2025-12-24,GAI-CHO-25,1,39.99,18.4,0,0.0,0.0
2025-12-24,OMG-3-90,2,29.98,9.8,0,0.0,0.0
2025-12-24,PRE-COL,3,74.97,26.7,0,0.0,0.0
2025-12-24,PRE-FPU,1,24.99,8.9,0,0.0,0.0
2025-12-24,VEG-CHO-1K,1,32.99,15.9,0,0.0,0.0
2025-12-24,VIT-D3-120,3,29.97,6.3,0,0.0,0.0
2025-12-24,VIT-MUL-90,2,25.98,6.8,0,0.0,0.0
2025-12-24,WHY-CHO-1K,2,59.98,25.6,0,0.0,0.0
2025-12-24,WHY-SCA-1K,3,89.97,38.4,0,0.0,0.0
2025-12-24,WHY-STR-1K,2,59.98,25.6,0,0.0,0.0
2025-12-24,WHY-VAN-1K,5,149.95,64.0,0,0.0,0.0
2025-12-24,WHY-VAN-25,1,54.99,25.5,0,0.0,0.0
2025-12-25,ACC-SHK,8,55.92,13.6,0,0.0,0.0
2025-12-25,BAR-CHO-12,2,49.98,26.4,0,0.0,0.0
2025-12-25,BAR-PNB-12,8,199.92,105.6,0,0.0,0.0
2025-12-25,BCA-WAT,4,79.96,27.2,0,0.0,0.0
2025-12-25,CRE-300,6,119.94,33.6,0,0.0,0.0
2025-12-25,CRE-500,9,251.91,78.3,0,0.0,0.0
2025-12-25,GAI-CHO-25,3,119.97,55.2,0,0.0,0.0
2025-12-25,OMG-3-90,2,29.98,9.8,0,0.0,0.0
2025-12-25,PRE-BRA,10,249.9,89.0,0,0.0,0.0
2025-12-25,PRE-FPU,6,149.94,53.4,0,0.0,0.0
2025-12-25,VEG-BER-1K,1,32.99,15.9,0,0.0,0.0
2025-12-25,VEG-CHO-1K,7,230.93,111.3,0,0.0,0.0
2025-12-25,VIT-D3-120,9,89.91,18.9,0,0.0,0.0
2025-12-25,VIT-MUL-90,7,90.93,23.8,0,0.0,0.0
2025-12-25,WHY-CHO-1K,14,419.86,179.2,0,0.0,0.0
2025-12-25,WHY-CHO-25,4,219.96,102.0,0,0.0,0.0
2025-12-25,WHY-SCA-1K,8,239.92,102.4,0,0.0,0.0
2025-12-25,WHY-STR-1K,3,89.97,38.4,0,0.0,0.0
2025-12-25,WHY-VAN-1K,10,299.9,128.0,0,0.0,0.0
2025-12-25,WHY-VAN-25,3,164.97,76.5,0,0.0,0.0
2025-12-26,ACC-SHK,4,27.96,6.8,0,0.0,0.0
2025-12-26,BAR-CHO-12,4,99.96,52.8,0,0.0,0.0
2025-12-26,BAR-PNB-12,2,49.98,26.4,0,0.0,0.0
2025-12-26,BCA-WAT,1,19.99,6.8,0,0.0,0.0
2025-12-26,CRE-300,3,59.97,16.8,0,0.0,0.0
2025-12-26,CRE-500,2,55.98,17.4,0,0.0,0.0
2025-12-26,GAI-CHO-25,3,119.97,55.2,0,0.0,0.0
2025-12-26,PRE-BRA,2,49.98,17.8,0,0.0,0.0
2025-12-26,PRE-FPU,1,24.99,8.9,0,0.0,0.0
2025-12-26,VEG-BER-1K,2,65.98,31.8,0,0.0,0.0
2025-12-26,VEG-CHO-1K,2,65.98,31.8,0,0.0,0.0
2025-12-26,VIT-D3-120,4,39.96,8.4,0,0.0,0.0
2025-12-26,VIT-MUL-90,1,12.99,3.4,0,0.0,0.0
2025-12-26,WHY-CHO-1K,6,179.94,76.8,0,0.0,0.0
2025-12-26,WHY-CHO-25,3,164.97,76.5,0,0.0,0.0
2025-12-26,WHY-SCA-1K,5,149.95,64.0,0,0.0,0.0
2025-12-26,WHY-STR-1K,4,119.96,51.2,0,0.0,0.0
2025-12-26,WHY-VAN-1K,4,119.96,51.2,0,0.0,0.0
2025-12-26,WHY-VAN-25,2,109.98,51.0,0,0.0,0.0
2025-12-27,BAR-PNB-12,2,49.98,26.4,0,0.0,0.0
2025-12-27,BCA-WAT,1,19.99,6.8,0,0.0,0.0
2025-12-27,CRE-300,6,119.94,33.6,0,0.0,0.0
2025-12-27,OMG-3-90,1,14.99,4.9,0,0.0,0.0
2025-12-27,PRE-COL,2,49.98,17.8,0,0.0,0.0
2025-12-27,PRE-FPU,3,74.97,26.7,0,0.0,0.0
2025-12-27,VEG-CHO-1K,1,32.99,15.9,0,0.0,0.0
2025-12-27,VIT-D3-120,7,69.93,14.7,0,0.0,0.0
2025-12-27,WHY-CHO-1K,5,149.95,64.0,0,0.0,0.0
2025-12-27,WHY-CHO-25,3,164.97,76.5,0,0.0,0.0
2025-12-27,WHY-SCA-1K,6,179.94,76.8,0,0.0,0.0
2025-12-27,WHY-STR-1K,4,119.96,51.2,0,0.0,0.0
2025-12-27,WHY-VAN-1K,8,239.92,102.4,0,0.0,0.0
2025-12-28,ACC-SHK,1,6.99,1.7,0,0.0,0.0
2025-12-28,BAR-CHO-12,5,124.95,66.0,0,0.0,0.0
2025-12-28,BAR-PNB-12,2,49.98,26.4,0,0.0,0.0
2025-12-28,BCA-WAT,2,39.98,13.6,0,0.0,0.0
2025-12-28,CRE-300,3,59.97,16.8,0,0.0,0.0
2025-12-28,CRE-500,2,55.98,17.4,0,0.0,0.0
2025-12-28,GAI-CHO-25,1,39.99,18.4,0,0.0,0.0
2025-12-28,OMG-3-90,1,14.99,4.9,0,0.0,0.0
2025-12-28,PRE-BRA,3,74.97,26.7,0,0.0,0.0
2025-12-28,PRE-COL,1,24.99,8.9,0,0.0,0.0
2025-12-28,VEG-BER-1K,1,32.99,15.9,0,0.0,0.0
2025-12-28,VIT-D3-120,6,59.94,12.6,0,0.0,0.0
2025-12-28,VIT-MUL-90,5,64.95,17.0,0,0.0,0.0
2025-12-28,WHY-CHO-1K,9,269.91,115.2,0,0.0,0.0
2025-12-28,WHY-STR-1K,3,89.97,38.4,0,0.0,0.0
2025-12-28,WHY-VAN-1K,1,29.99,12.8,0,0.0,0.0
2025-12-29,ACC-SHK,5,34.95,8.5,0,0.0,0.0
2025-12-29,BAR-PNB-12,1,24.99,13.2,0,0.0,0.0
2025-12-29,BCA-LEM,1,19.99,6.8,0,0.0,0.0
2025-12-29,BCA-WAT,3,59.97,20.4,0,0.0,0.0
2025-12-29,CRE-300,3,59.97,16.8,0,0.0,0.0
2025-12-29,CRE-500,5,139.95,43.5,0,0.0,0.0
2025-12-29,PRE-BRA,2,49.98,17.8,0,0.0,0.0
2025-12-29,VIT-MUL-90,1,12.99,3.4,0,0.0,0.0
2025-12-29,WHY-CHO-1K,7,209.93,89.6,0,0.0,0.0
2025-12-29,WHY-CHO-25,3,164.97,76.5,0,0.0,0.0
2025-12-29,WHY-SCA-1K,1,29.99,12.8,0,0.0,0.0
2025-12-29,WHY-STR-1K,2,59.98,25.6,0,0.0,0.0
2025-12-29,WHY-VAN-1K,3,89.97,38.4,0,0.0,0.0
2025-12-29,WHY-VAN-25,1,54.99,25.5,0,0.0,0.0
2025-12-30,ACC-SHK,4,27.96,6.8,0,0.0,0.0
2025-12-30,BAR-CHO-12,4,99.96,52.8,0,0.0,0.0
2025-12-30,BAR-PNB-12,1,24.99,13.2,0,0.0,0.0
2025-12-30,BCA-LEM,1,19.99,6.8,0,0.0,0.0
2025-12-30,BCA-WAT,3,59.97,20.4,0,0.0,0.0
2025-12-30,CRE-300,3,59.97,16.8,0,0.0,0.0
2025-12-30,CRE-500,5,139.95,43.5,0,0.0,0.0
2025-12-30,GAI-CHO-25,1,39.99,18.4,0,0.0,0.0
2025-12-30,PRE-BRA,3,74.97,26.7,0,0.0,0.0
2025-12-30,PRE-FPU,8,199.92,71.2,0,0.0,0.0
2025-12-30,VEG-CHO-1K,1,32.99,15.9,0,0.0,0.0
2025-12-30,VIT-D3-120,3,29.97,6.3,0,0.0,0.0
2025-12-30,VIT-MUL-90,1,12.99,3.4,0,0.0,0.0
2025-12-30,WHY-CHO-1K,9,269.91,115.2,0,0.0,0.0
2025-12-30,WHY-CHO-25,5,274.95,127.5,0,0.0,0.0
2025-12-30,WHY-STR-1K,1,29.99,12.8,0,0.0,0.0
2025-12-30,WHY-VAN-1K,1,29.99,12.8,0,0.0,0.0
2025-12-30,WHY-VAN-25,2,109.98,51.0,0,0.0,0.0
2025-12-31,ACC-SHK,3,20.97,5.1,0,0.0,0.0
2025-12-31,BAR-CHO-12,4,99.96,52.8,0,0.0,0.0
2025-12-31,BAR-PNB-12,1,24.99,13.2,0,0.0,0.0
2025-12-31,BCA-WAT,1,19.99,6.8,0,0.0,0.0
2025-12-31,CRE-300,5,99.95,28.0,0,0.0,0.0
2025-12-31,CRE-500,1,27.99,8.7,0,0.0,0.0
2025-12-31,GAI-CHO-25,2,79.98,36.8,0,0.0,0.0
2025-12-31,OMG-3-90,4,59.96,19.6,0,0.0,0.0
2025-12-31,PRE-BRA,2,49.98,17.8,0,0.0,0.0
2025-12-31,PRE-FPU,2,49.98,17.8,0,0.0,0.0
2025-12-31,VEG-CHO-1K,1,32.99,15.9,0,0.0,0.0
2025-12-31,VIT-D3-120,7,69.93,14.7,0,0.0,0.0
2025-12-31,VIT-MUL-90,2,25.98,6.8,0,0.0,0.0
2025-12-31,WHY-CHO-1K,5,149.95,64.0,0,0.0,0.0
2025-12-31,WHY-CHO-25,3,164.97,76.5,0,0.0,0.0
2025-12-31,WHY-SCA-1K,4,119.96,51.2,0,0.0,0.0
2025-12-31,WHY-STR-1K,3,89.97,38.4,0,0.0,0.0
2025-12-31,WHY-VAN-1K,5,149.95,64.0,0,0.0,0.0
2025-12-31,WHY-VAN-25,2,109.98,51.0,0,0.0,0.0
